﻿Donor ID,Age,Gender,Blood Type,,Phn. No.,,Email,,Location,,,,,Organ available for donation,,,Previous Cardiac Conditions,,,Ejection Fraction in %,,,Emergency Contact Name,,,,Relationship,,Contact No.,,,,,,,,,,,,,,,,
1,28,M,AB+,,+91 7859 373 750,,user940@gmail.com,,Maharashtra,,,,,Heart,,,Yes,,,38,,,Aryan Desai,,,,Spouse,,+91 9330 767 284,,,,,,,,,,,,,,,,
2,45,F,A-,,+91 8713 651 647,,user847@gmail.com,,Lakshadweep,,,,,Heart,,,No,,,68,,,Veer Gupta,,,,Roommate,,+91 9043 985 246,,,,,,,,,,,,,,,,
3,43,M,AB-,,+91 9986 405 825,,user606@gmail.com,,Mizoram,,,,,Heart,,,No,,,37,,,Avani Choudhury,,,,Partner,,+91 7991 525 529,,,,,,,,,,,,,,,,
4,37,F,AB-,,+91 8613 279 846,,user517@gmail.com,,Tripura,,,,,Heart,,,Yes,,,42,,,Kiara Jain,,,,Neighbor,,+91 7642 711 348,,,,,,,,,,,,,,,,
5,25,F,B-,,+91 9091 319 167,,user745@gmail.com,,Delhi,,,,,Heart,,,Yes,,,69,,,Rahul Sharma,,,,Roommate,,+91 9872 082 492,,,,,,,,,,,,,,,,
6,43,F,A-,,+91 8181 934 814,,user812@gmail.com,,Andhra Pradesh,,,,,Heart,,,No,,,53,,,Arvind Shah,,,,Parent,,+91 9205 165 479,,,,,,,,,,,,,,,,
7,32,F,B+,,+91 8321 595 737,,user457@gmail.com,,Meghalaya,,,,,Heart,,,No,,,68,,,Kiara Jain,,,,Parent,,+91 8113 083 109,,,,,,,,,,,,,,,,
8,22,F,A-,,+91 9793 777 574,,user508@gmail.com,,Telangana,,,,,Heart,,,Yes,,,42,,,Veer Malhotra,,,,Fiancé/Fiancée,,+91 7626 060 362,,,,,,,,,,,,,,,,
9,71,F,O-,,+91 7712 364 161,,user491@gmail.com,,Haryana,,,,,Heart,,,No,,,44,,,Divya Chawla,,,,Child,,+91 9430 324 012,,,,,,,,,,,,,,,,
10,25,F,AB+,,+91 7061 818 754,,user112@gmail.com,,Lakshadweep,,,,,Heart,,,Yes,,,60,,,Devraj Mehra,,,,Niece/Nephew,,+91 8410 380 401,,,,,,,,,,,,,,,,
11,19,F,AB+,,+91 9294 150 573,,user290@gmail.com,,Uttarakhand,,,,,Heart,,,No,,,50,,,Vikrant Kumar,,,,Parent,,+91 7946 595 596,,,,,,,Parent,,,,,Andhra Pradesh,,,,
12,53,M,O+,,+91 7836 482 175,,user141@gmail.com,,Meghalaya,,,,,Heart,,,Yes,,,33,,,Rohit Chawla,,,,Fiancé/Fiancée,,+91 9690 175 790,,,,,,,Spouse,,,,,Arunachal Pradesh,,,,
13,62,M,O+,,+91 8523 348 871,,user623@gmail.com,,Ladakh,,,,,Heart,,,Yes,,,40,,,Priya Singh,,,,Cousin,,+91 8844 745 019,,,,,,,Child,,,,,Assam,,,,
14,51,F,A+,,+91 9003 369 123,,user847@gmail.com,,Ladakh,,,,,Heart,,,No,,,40,,,Nisha Patel,,,,Domestic Partner,,+91 7907 344 211,,,,,,,Sibling,,,,,Bihar,,,,
15,46,F,A+,,+91 8993 553 069,,user448@gmail.com,,Gujarat,,,,,Heart,,,Yes,,,50,,,Riya Joshi,,,,Caregiver,,+91 9471 037 813,,,,,,,Grandparent,,,,,Chhattisgarh,,,,
16,48,F,O-,,+91 7953 966 334,,user975@gmail.com,,Puducherry,,,,,Heart,,,Yes,,,41,,,Kavya Khan,,,,Niece/Nephew,,+91 8805 425 561,,,,,,,Grandchild,,,,,Goa,,,,
17,73,F,O-,,+91 8117 911 672,,user624@gmail.com,,Assam,,,,,Heart,,,No,,,40,,,Riya Reddy,,,,Roommate,,+91 9248 480 076,,,,,,,Aunt/Uncle,,,,,Gujarat,,,,
18,37,M,AB+,,+91 8605 487 667,,user492@gmail.com,,Ladakh,,,,,Heart,,,No,,,36,,,Shreya Sharma,,,,Niece/Nephew,,+91 8388 760 304,,,,,,,Niece/Nephew,,,,,Haryana,,,,
19,23,M,AB-,,+91 9464 543 729,,user598@gmail.com,,Himachal Pradesh,,,,,Heart,,,No,,,64,,,Aaradhya Malhotra,,,,Fiancé/Fiancée,,+91 9518 800 138,,,,,,,Cousin,,,,,Himachal Pradesh,,,,
20,26,F,B+,,+91 7180 311 639,,user736@gmail.com,,Lakshadweep,,,,,Heart,,,Yes,,,44,,,Devraj Sharma,,,,Healthcare Proxy,,+91 7989 177 771,,,,,,,Legal Guardian,,,,,Jharkhand,,,,
21,80,M,O+,,+91 7924 402 684,,user478@gmail.com,,Andhra Pradesh,,,,,Heart,,,Yes,,,67,,,Priyanka Das,,,,Co-worker,,+91 8535 033 463,,,,,,,Caregiver,,,,,Karnataka,,,,
22,49,F,A-,,+91 9878 030 541,,user902@gmail.com,,Tripura,,,,,Heart,,,Yes,,,64,,,Raj Sharma,,,,Friend,,+91 7596 602 793,,,,,,,Friend,,,,,Kerala,,,,
23,48,F,AB-,,+91 9807 494 385,,user189@gmail.com,,Andhra Pradesh,,,,,Heart,,,No,,,44,,,Soham Singh,,,,Employer/Employee,,+91 9708 604 437,,,,,,,Partner,,,,,Madhya Pradesh,,,,
24,63,M,B-,,+91 9140 290 602,,user486@gmail.com,,Goa,,,,,Heart,,,No,,,34,,,Rohit Kumar,,,,Neighbor,,+91 9284 506 431,,,,,,,Fiancé/Fiancée,,,,,Maharashtra,,,,
25,48,M,A-,,+91 7759 122 618,,user861@gmail.com,,Lakshadweep,,,,,Heart,,,No,,,45,,,Avani Iyer,,,,Grandchild,,+91 9475 242 616,,,,,,,Domestic Partner,,,,,Manipur,,,,
26,61,M,B-,,+91 9701 723 761,,user625@gmail.com,,Odisha,,,,,Heart,,,No,,,60,,,Amaya Verma,,,,Cousin,,+91 9583 634 989,,,,,,,Roommate,,,,,Meghalaya,,,,
27,60,M,AB+,,+91 7302 197 836,,user495@gmail.com,,Telangana,,,,,Heart,,,Yes,,,62,,,Devraj Mehra,,,,Co-worker,,+91 7683 884 413,,,,,,,Neighbor,,,,,Mizoram,,,,
28,31,M,A+,,+91 8013 642 989,,user944@gmail.com,,Manipur,,,,,Heart,,,Yes,,,61,,,Aditi Singh,,,,Sibling,,+91 8416 211 995,,,,,,,Co-worker,,,,,Nagaland,,,,
29,62,F,O-,,+91 7228 850 863,,user940@gmail.com,,Lakshadweep,,,,,Heart,,,Yes,,,57,,,Vikrant Dubey,,,,Parent,,+91 7021 685 657,,,,,,,Employer/Employee,,,,,Odisha,,,,
30,77,F,A-,,+91 9371 437 826,,user124@gmail.com,,Lakshadweep,,,,,Heart,,,No,,,66,,,Aryan Kapoor,,,,Parent,,+91 9150 779 816,,,,,,,Healthcare Proxy,,,,,Punjab,,,,
31,61,M,B+,,+91 7928 366 800,,user949@gmail.com,,Nagaland,,,,,Heart,,,Yes,,,59,,,Shreya Menon,,,,Spouse,,+91 7288 932 781,,,,,,,,,,,,Rajasthan,,,,
32,52,M,AB-,,+91 9014 629 897,,user861@gmail.com,,Arunachal Pradesh,,,,,Heart,,,No,,,41,,,Sanjana Raghavan,,,,Domestic Partner,,+91 8957 108 411,,,,,,,,,,,,Sikkim,,,,
33,47,M,A-,,+91 7270 088 192,,user992@gmail.com,,Ladakh,,,,,Heart,,,No,,,47,,,Dhruv Kapoor,,,,Legal Guardian,,+91 7189 418 803,,,,,,,,,,,,Tamil Nadu,,,,
34,54,M,B-,,+91 7428 306 549,,user145@gmail.com,,Karnataka,,,,,Heart,,,Yes,,,63,,,Vikram Kapoor,,,,Cousin,,+91 7101 222 648,,,,,,,,,,,,Telangana,,,,
35,75,M,AB+,,+91 7946 401 443,,user403@gmail.com,,Assam,,,,,Heart,,,Yes,,,40,,,Riya Sharma,,,,Cousin,,+91 7924 835 319,,,,,,,,,,,,Tripura,,,,
36,62,F,A+,,+91 9283 003 698,,user478@gmail.com,,Goa,,,,,Heart,,,Yes,,,69,,,Divya Chawla,,,,Caregiver,,+91 9612 795 023,,,,,,,,,,,,Uttar Pradesh,,,,
37,22,F,B+,,+91 7709 541 378,,user788@gmail.com,,Goa,,,,,Heart,,,Yes,,,67,,,Shreya Sharma,,,,Employer/Employee,,+91 8290 856 194,,,,,,Aarav Patel,,,,,,Uttarakhand,,,,
38,76,M,AB+,,+91 8924 146 450,,user833@gmail.com,,Tamil Nadu,,,,,Heart,,,No,,,33,,,Esha Gupta,,,,Healthcare Proxy,,+91 9785 385 203,,,,,,Riya Sharma,,,,,,West Bengal,,,,
39,44,M,AB+,,+91 9714 567 704,,user785@gmail.com,,Sikkim,,,,,Heart,,,Yes,,,32,,,Rohit Khan,,,,Co-worker,,+91 8267 162 966,,,,,,Arjun Gupta,,,,,,Andaman and Nicobar Islands,,,,
40,31,F,O-,,+91 7121 496 801,,user143@gmail.com,,Jharkhand,,,,,Heart,,,Yes,,,50,,,Ravi Khanna,,,,Spouse,,+91 9724 191 299,,,,,,Nisha Singh,,,,,,Chandigarh,,,,
41,25,M,AB-,,+91 9794 076 009,,user954@gmail.com,,Karnataka,,,,,Heart,,,No,,,55,,,Veer Malhotra,,,,Grandparent,,+91 9217 343 883,,,,,,Vikram Kapoor,,,,,,Dadra and Nagar Haveli and Daman and Diu,,,,
42,20,F,B+,,+91 7429 120 275,,user985@gmail.com,,Rajasthan,,,,,Heart,,,Yes,,,54,,,Sameer Patel,,,,Child,,+91 7750 934 875,,,,,,Maya Desai,,,,,,Lakshadweep,,,,
43,57,M,B+,,+91 9044 475 150,,user646@gmail.com,,Punjab,,,,,Heart,,,Yes,,,33,,,Aditya Banerjee,,,,Spouse,,+91 9210 458 710,,,,,,Rohan Mehta,,,,,,Delhi,,,,
44,36,M,B+,,+91 9023 356 293,,user883@gmail.com,,Punjab,,,,,Heart,,,Yes,,,63,,,Aarav Gupta,,,,Legal Guardian,,+91 8868 430 030,,,,,,Priya Verma,,,,,,Puducherry,,,,
45,56,F,O+,,+91 9333 866 060,,user414@gmail.com,,Nagaland,,,,,Heart,,,No,,,65,,,Yash Rajan,,,,Neighbor,,+91 9782 580 848,,,,,,Aryan Das,,,,,,Ladakh,,,,
46,28,M,A-,,+91 7340 399 783,,user130@gmail.com,,Nagaland,,,,,Heart,,,Yes,,,30,,,Nisha Raghavan,,,,Employer/Employee,,+91 8218 954 804,,,,,,Ananya Joshi,,,,,,Lakshadweep,,,,
47,49,F,B-,,+91 8891 069 678,,user602@gmail.com,,Karnataka,,,,,Heart,,,No,,,38,,,Maya Desai,,,,Employer/Employee,,+91 7475 109 744,,,,,,Aditya Shah,,,,,,,,,,
48,48,M,B+,,+91 9519 776 881,,user988@gmail.com,,Sikkim,,,,,Heart,,,Yes,,,44,,,Esha Chatterjee,,,,Grandchild,,+91 7615 823 931,,,,,,Pooja Choudhury,,,,,,,,,,
49,31,M,O+,,+91 8161 160 019,,user685@gmail.com,,Kerala,,,,,Heart,,,Yes,,,61,,,Devraj Sharma,,,,Grandparent,,+91 7987 097 203,,,,,,Siddharth Kumar,,,,,,,,,,
50,52,F,AB-,,+91 9457 239 973,,user118@gmail.com,,Andhra Pradesh,,,,,Heart,,,No,,,63,,,Ananya Agarwal,,,,Partner,,+91 8680 957 341,,,,,,Kavita Iyer,,,,,,,,,,
51,28,M,AB-,,+91 7703 604 465,,user398@gmail.com,,Lakshadweep,,,,,Heart,,,Yes,,,53,,,Amaya Sharma,,,,Cousin,,+91 8610 979 169,,,,,,Kabir Malhotra,,,,,,,,,,
52,38,F,B+,,+91 9908 688 480,,user398@gmail.com,,Goa,,,,,Heart,,,No,,,39,,,Aisha Dube,,,,Legal Guardian,,+91 8017 827 345,,,,,,Shruti Reddy,,,,,,,,,,
53,21,F,B-,,+91 7288 996 031,,user645@gmail.com,,Dadra and Nagar Haveli and Daman and Diu,,,,,Heart,,,Yes,,,45,,,Aditya Joshi,,,,Fiancé/Fiancée,,+91 9489 875 949,,,,,,Yash Rajan,,,,,,,,,,
54,78,M,B-,,+91 7890 557 449,,user542@gmail.com,,Gujarat,,,,,Heart,,,No,,,33,,,Arvind Nair,,,,Spouse,,+91 9334 375 273,,,,,,Anika Khanna,,,,,,,,,,
55,29,F,O+,,+91 8845 372 174,,user678@gmail.com,,Andhra Pradesh,,,,,Heart,,,Yes,,,68,,,Kavita Iyer,,,,Cousin,,+91 8679 879 268,,,,,,Rajiv Mehra,,,,,,,,,,
56,18,F,A+,,+91 9238 589 820,,user897@gmail.com,,Gujarat,,,,,Heart,,,Yes,,,43,,,Yash Mehra,,,,Cousin,,+91 7581 676 672,,,,,,Aisha Dube,,,,,,,,,,
57,24,M,B+,,+91 9677 068 416,,user516@gmail.com,,Nagaland,,,,,Heart,,,Yes,,,66,,,Esha Chatterjee,,,,Roommate,,+91 9905 873 953,,,,,,Kartik Nair,,,,,,,,,,
58,58,F,B+,,+91 8049 835 041,,user298@gmail.com,,Lakshadweep,,,,,Heart,,,Yes,,,31,,,Devraj Mehra,,,,Domestic Partner,,+91 9197 811 927,,,,,,Natasha Bhatt,,,,,,,,,,
59,22,F,A-,,+91 9203 035 587,,user880@gmail.com,,Arunachal Pradesh,,,,,Heart,,,No,,,56,,,Kavya Khan,,,,Parent,,+91 7122 930 497,,,,,,Rahul Sharma,,,,,,,,,,
60,55,F,AB+,,+91 7922 793 706,,user718@gmail.com,,Meghalaya,,,,,Heart,,,Yes,,,66,,,Kavya Reddy,,,,Niece/Nephew,,+91 8563 182 615,,,,,,Kriti Singhania,,,,,,,,,,
61,30,F,O-,,+91 8169 096 637,,user465@gmail.com,,Andhra Pradesh,,,,,Heart,,,No,,,31,,,Aaradhya Malhotra,,,,Grandchild,,+91 7068 871 062,,,,,,Rishi Venkatesh,,,,,,,,,,
62,20,M,AB+,,+91 8253 943 646,,user715@gmail.com,,Puducherry,,,,,Heart,,,Yes,,,34,,,Yuvraj Patel,,,,Fiancé/Fiancée,,+91 7646 429 051,,,,,,Nandini Patel,,,,,,,,,,
63,42,F,O+,,+91 7033 176 350,,user238@gmail.com,,Lakshadweep,,,,,Heart,,,No,,,47,,,Dev Mehta,,,,Niece/Nephew,,+91 9243 092 114,,,,,,Arnav Jain,,,,,,,,,,
64,79,M,O+,,+91 8565 497 850,,user430@gmail.com,,Meghalaya,,,,,Heart,,,No,,,41,,,Dev Mehta,,,,Sibling,,+91 7931 979 931,,,,,,Divya Chawla,,,,,,,,,,
65,72,F,A+,,+91 8931 313 310,,user852@gmail.com,,Karnataka,,,,,Heart,,,No,,,43,,,Shreya Sharma,,,,Neighbor,,+91 8304 865 161,,,,,,Dev Mehta,,,,,,,,,,
66,29,F,AB-,,+91 7528 485 655,,user977@gmail.com,,Telangana,,,,,Heart,,,Yes,,,35,,,Devraj Patel,,,,Roommate,,+91 9870 716 832,,,,,,Sneha Varma,,,,,,,,,,
67,76,M,O+,,+91 7049 749 411,,user369@gmail.com,,Tripura,,,,,Heart,,,Yes,,,40,,,Riya Nair,,,,Co-worker,,+91 9893 807 880,,,,,,Ravi Menon,,,,,,,,,,
68,35,M,AB-,,+91 8991 323 179,,user505@gmail.com,,Assam,,,,,Heart,,,Yes,,,43,,,Amaya Sharma,,,,Employer/Employee,,+91 8004 147 547,,,,,,Meera Sharma,,,,,,,,,,
69,73,M,B+,,+91 9459 364 525,,user560@gmail.com,,Tamil Nadu,,,,,Heart,,,Yes,,,38,,,Ananya Joshi,,,,Cousin,,+91 7058 167 243,,,,,,Aditi Singh,,,,,,,,,,
70,30,M,A-,,+91 9783 689 985,,user176@gmail.com,,Gujarat,,,,,Heart,,,No,,,53,,,Tara Mehra,,,,Healthcare Proxy,,+91 8989 516 170,,,,,,Pranav Banerjee,,,,,,,,,,
71,23,F,AB+,,+91 9502 839 761,,user323@gmail.com,,Tamil Nadu,,,,,Heart,,,No,,,56,,,Natasha Chatterjee,,,,Grandparent,,+91 9202 203 939,,,,,,Sanjana Raghavan,,,,,,,,,,
72,21,M,AB-,,+91 9458 171 932,,user489@gmail.com,,Mizoram,,,,,Heart,,,No,,,61,,,Anjali Raghavan,,,,Spouse,,+91 8717 410 821,,,,,,Sameer Gupta,,,,,,,,,,
73,70,M,B+,,+91 8054 705 715,,user443@gmail.com,,Odisha,,,,,Heart,,,Yes,,,59,,,Avani Singh,,,,Healthcare Proxy,,+91 9350 926 375,,,,,,Tara Iyer,,,,,,,,,,
74,71,M,A-,,+91 9813 258 842,,user254@gmail.com,,Maharashtra,,,,,Heart,,,Yes,,,47,,,Sameer Varma,,,,Co-worker,,+91 7621 161 578,,,,,,Vikrant Kapoor,,,,,,,,,,
75,74,F,O-,,+91 9926 763 091,,user564@gmail.com,,Chhattisgarh,,,,,Heart,,,Yes,,,53,,,Riya Reddy,,,,Sibling,,+91 7243 742 604,,,,,,Riya Dubey,,,,,,,,,,
76,57,M,A+,,+91 7686 895 521,,user887@gmail.com,,Meghalaya,,,,,Heart,,,Yes,,,37,,,Rohan Mehta,,,,Co-worker,,+91 8168 748 236,,,,,,Rohit Chatterjee,,,,,,,,,,
77,71,F,AB+,,+91 9691 854 549,,user761@gmail.com,,Punjab,,,,,Heart,,,No,,,52,,,Priya Agarwal,,,,Caregiver,,+91 9512 094 291,,,,,,Mira Patel,,,,,,,,,,
78,28,F,AB+,,+91 9852 368 011,,user678@gmail.com,,Delhi,,,,,Heart,,,No,,,50,,,Neha Chatterjee,,,,Legal Guardian,,+91 8492 907 747,,,,,,Karan Sharma,,,,,,,,,,
79,19,M,B+,,+91 7276 033 196,,user210@gmail.com,,Punjab,,,,,Heart,,,Yes,,,48,,,Armaan Menon,,,,Friend,,+91 9334 655 314,,,,,,Anjali Malhotra,,,,,,,,,,
80,42,M,O-,,+91 8615 570 574,,user170@gmail.com,,Chhattisgarh,,,,,Heart,,,Yes,,,30,,,Vivan Kapoor,,,,Roommate,,+91 7999 846 532,,,,,,Aarav Gupta,,,,,,,,,,
81,63,M,O+,,+91 9309 999 816,,user119@gmail.com,,Dadra and Nagar Haveli and Daman and Diu,,,,,Heart,,,Yes,,,46,,,Virat Kumar,,,,Cousin,,+91 9103 690 144,,,,,,Nisha Patel,,,,,,,,,,
82,33,M,B-,,+91 9578 349 677,,user809@gmail.com,,Karnataka,,,,,Heart,,,Yes,,,48,,,Ritu Dubey,,,,Legal Guardian,,+91 8255 611 292,,,,,,Yuvraj Singh,,,,,,,,,,
83,50,M,AB+,,+91 7213 300 526,,user552@gmail.com,,Goa,,,,,Heart,,,No,,,32,,,Meera Shah,,,,Spouse,,+91 9880 585 258,,,,,,Shreya Kapoor,,,,,,,,,,
84,65,F,B-,,+91 8313 846 592,,user885@gmail.com,,Lakshadweep,,,,,Heart,,,Yes,,,63,,,Amaya Sharma,,,,Niece/Nephew,,+91 9105 214 315,,,,,,Raj Mehta,,,,,,,,,,
85,61,F,O+,,+91 7061 448 061,,user188@gmail.com,,Uttar Pradesh,,,,,Heart,,,No,,,42,,,Parth Singh,,,,Cousin,,+91 9565 963 086,,,,,,Ayesha Khan,,,,,,,,,,
86,63,F,B-,,+91 9775 633 937,,user306@gmail.com,,West Bengal,,,,,Heart,,,Yes,,,55,,,Rishi Venkatesh,,,,Legal Guardian,,+91 8256 355 824,,,,,,Arjun Kumar,,,,,,,,,,
87,26,M,A+,,+91 7025 835 050,,user990@gmail.com,,Goa,,,,,Heart,,,No,,,38,,,Dhruv Patel,,,,Niece/Nephew,,+91 7608 079 161,,,,,,Neha Rao,,,,,,,,,,
88,29,M,AB-,,+91 8289 964 914,,user644@gmail.com,,Uttarakhand,,,,,Heart,,,Yes,,,55,,,Priyanka Choudhury,,,,Child,,+91 8875 894 207,,,,,,Virat Shah,,,,,,,,,,
89,50,F,AB-,,+91 7900 355 741,,user987@gmail.com,,Telangana,,,,,Heart,,,Yes,,,62,,,Rajiv Mehra,,,,Child,,+91 9853 331 959,,,,,,Ishita Iyer,,,,,,,,,,
90,28,F,AB-,,+91 7597 742 400,,user489@gmail.com,,West Bengal,,,,,Heart,,,Yes,,,48,,,Shreya Sharma,,,,Roommate,,+91 7811 751 981,,,,,,Veer Malhotra,,,,,,,,,,
91,27,F,O+,,+91 8804 779 631,,user217@gmail.com,,Maharashtra,,,,,Heart,,,Yes,,,35,,,Riya Reddy,,,,Grandchild,,+91 8672 235 419,,,,,,Kavya Reddy,,,,,,,,,,
92,74,F,O-,,+91 9888 746 255,,user817@gmail.com,,Rajasthan,,,,,Heart,,,Yes,,,54,,,Priya Singh,,,,Employer/Employee,,+91 8475 653 247,,,,,,Armaan Rana,,,,,,,,,,
93,66,F,O-,,+91 7664 116 376,,user510@gmail.com,,Himachal Pradesh,,,,,Heart,,,Yes,,,69,,,Shreya Dubey,,,,Spouse,,+91 8597 593 519,,,,,,Ritu Agarwal,,,,,,,,,,
94,21,F,O+,,+91 9948 206 880,,user316@gmail.com,,Delhi,,,,,Heart,,,Yes,,,61,,,Riya Joshi,,,,Employer/Employee,,+91 9613 813 071,,,,,,Dhruv Patel,,,,,,,,,,
95,49,M,O-,,+91 7336 547 993,,user471@gmail.com,,Chhattisgarh,,,,,Heart,,,No,,,64,,,Rohan Verma,,,,Co-worker,,+91 9410 469 880,,,,,,Alisha Choudhury,,,,,,,,,,
96,67,F,AB+,,+91 8939 530 137,,user134@gmail.com,,Kerala,,,,,Heart,,,Yes,,,49,,,Soham Singh,,,,Aunt/Uncle,,+91 7365 670 576,,,,,,Soham Desai,,,,,,,,,,
97,25,M,O-,,+91 9299 219 666,,user274@gmail.com,,Manipur,,,,,Heart,,,Yes,,,52,,,Priya Mehra,,,,Co-worker,,+91 9740 953 238,,,,,,Natasha Singh,,,,,,,,,,
98,32,M,A+,,+91 7951 448 277,,user888@gmail.com,,West Bengal,,,,,Heart,,,Yes,,,56,,,Arvind Shah,,,,Niece/Nephew,,+91 8829 671 343,,,,,,Vivan Kapoor,,,,,,,,,,
99,26,M,B-,,+91 9888 122 260,,user821@gmail.com,,Ladakh,,,,,Heart,,,Yes,,,40,,,Aryan Das,,,,Child,,+91 7165 062 344,,,,,,Priya Mehra,,,,,,,,,,
100,49,F,A+,,+91 7744 202 478,,user508@gmail.com,,Ladakh,,,,,Heart,,,No,,,60,,,Raghav Reddy,,,,Healthcare Proxy,,+91 7500 476 433,,,,,,Kabir Sharma,,,,,,,,,,
101,61,F,A-,,+91 8139 170 676,,user468@gmail.com,,Chhattisgarh,,,,,Heart,,,Yes,,,66,,,Nisha Patel,,,,Legal Guardian,,+91 9847 819 578,,,,,,Ananya Patel,,,,,,,,,,
102,45,M,B-,,+91 9626 136 557,,user913@gmail.com,,Goa,,,,,Heart,,,Yes,,,32,,,Amaya Chawla,,,,Healthcare Proxy,,+91 7415 110 564,,,,,,Raghav Joshi,,,,,,,,,,
103,39,M,B+,,+91 9947 362 802,,user416@gmail.com,,Andhra Pradesh,,,,,Heart,,,No,,,44,,,Anika Khanna,,,,Cousin,,+91 9775 348 519,,,,,,Amaya Chawla,,,,,,,,,,
104,74,M,A+,,+91 8786 248 664,,user971@gmail.com,,Himachal Pradesh,,,,,Heart,,,No,,,51,,,Vikrant Dubey,,,,Legal Guardian,,+91 7506 847 950,,,,,,Parth Shah,,,,,,,,,,
105,59,F,O-,,+91 8718 018 532,,user583@gmail.com,,Andhra Pradesh,,,,,Heart,,,Yes,,,61,,,Kavya Joshi,,,,Parent,,+91 9409 385 366,,,,,,Avani Iyer,,,,,,,,,,
106,72,F,O+,,+91 9525 178 655,,user688@gmail.com,,Meghalaya,,,,,Heart,,,No,,,66,,,Rohan Desai,,,,Partner,,+91 8376 250 686,,,,,,Rohan Verma,,,,,,,,,,
107,32,F,O-,,+91 9527 792 887,,user586@gmail.com,,Sikkim,,,,,Heart,,,Yes,,,37,,,Rohan Mehta,,,,Parent,,+91 8179 455 678,,,,,,Aaradhya Malhotra,,,,,,,,,,
108,65,F,B+,,+91 8573 131 266,,user100@gmail.com,,Nagaland,,,,,Heart,,,No,,,69,,,Kiara Menon,,,,Sibling,,+91 9317 231 661,,,,,,Riya Nair,,,,,,,,,,
109,50,F,B-,,+91 7031 785 855,,user116@gmail.com,,Karnataka,,,,,Heart,,,No,,,53,,,Devraj Patel,,,,Grandchild,,+91 8248 288 570,,,,,,Arvind Menon,,,,,,,,,,
110,45,F,B-,,+91 9284 961 484,,user587@gmail.com,,Bihar,,,,,Heart,,,Yes,,,57,,,Nisha Desai,,,,Grandparent,,+91 9068 928 660,,,,,,Esha Gupta,,,,,,,,,,
111,41,F,B+,,+91 7521 046 934,,user690@gmail.com,,Chhattisgarh,,,,,Heart,,,No,,,32,,,Yash Singh,,,,Roommate,,+91 9122 664 378,,,,,,Devraj Sharma,,,,,,,,,,
112,78,F,B-,,+91 8292 733 816,,user548@gmail.com,,Madhya Pradesh,,,,,Heart,,,Yes,,,59,,,Shreya Kapoor,,,,Roommate,,+91 7869 761 705,,,,,,Priyanka Das,,,,,,,,,,
113,27,M,AB-,,+91 8401 824 651,,user301@gmail.com,,Maharashtra,,,,,Heart,,,No,,,64,,,Tara Dubey,,,,Spouse,,+91 8124 965 691,,,,,,Aryan Chatterjee,,,,,,,,,,
114,80,F,AB+,,+91 7930 806 601,,user404@gmail.com,,Kerala,,,,,Heart,,,No,,,62,,,Virat Shah,,,,Roommate,,+91 9017 132 896,,,,,,Anushka Patel,,,,,,,,,,
115,77,F,B+,,+91 9325 677 809,,user125@gmail.com,,Dadra and Nagar Haveli and Daman and Diu,,,,,Heart,,,Yes,,,33,,,Ravi Khanna,,,,Employer/Employee,,+91 9376 571 266,,,,,,Varun Reddy,,,,,,,,,,
116,76,F,O-,,+91 8273 650 622,,user687@gmail.com,,Arunachal Pradesh,,,,,Heart,,,Yes,,,47,,,Kiara Patel,,,,Neighbor,,+91 7354 669 077,,,,,,Kiara Jain,,,,,,,,,,
117,71,F,B+,,+91 9502 129 421,,user523@gmail.com,,Haryana,,,,,Heart,,,Yes,,,65,,,Natasha Singh,,,,Spouse,,+91 7099 604 994,,,,,,Yash Singh,,,,,,,,,,
118,27,F,O+,,+91 8456 017 725,,user930@gmail.com,,Ladakh,,,,,Heart,,,Yes,,,60,,,Ayesha Sharma,,,,Friend,,+91 8203 481 066,,,,,,Shreya Kapoor,,,,,,,,,,
119,38,F,O+,,+91 7575 135 509,,user575@gmail.com,,Madhya Pradesh,,,,,Heart,,,Yes,,,66,,,Avani Choudhury,,,,Sibling,,+91 7495 134 214,,,,,,Ravi Mehta,,,,,,,,,,
120,45,M,B+,,+91 7466 394 371,,user856@gmail.com,,Delhi,,,,,Heart,,,No,,,57,,,Vivan Kapoor,,,,Sibling,,+91 9774 265 093,,,,,,Meera Shah,,,,,,,,,,
121,73,M,O+,,+91 8259 811 389,,user668@gmail.com,,Madhya Pradesh,,,,,Heart,,,Yes,,,48,,,Armaan Rana,,,,Sibling,,+91 7227 132 500,,,,,,Aditya Banerjee,,,,,,,,,,
122,77,F,O-,,+91 8822 503 698,,user263@gmail.com,,Lakshadweep,,,,,Heart,,,No,,,57,,,Ananya Joshi,,,,Roommate,,+91 9779 474 780,,,,,,Sanjana Rana,,,,,,,,,,
123,77,F,A-,,+91 8306 052 874,,user259@gmail.com,,Sikkim,,,,,Heart,,,Yes,,,47,,,Kiara Patel,,,,Roommate,,+91 8888 638 903,,,,,,Sameer Varma,,,,,,,,,,
124,51,F,A-,,+91 7727 089 109,,user330@gmail.com,,Ladakh,,,,,Heart,,,Yes,,,56,,,Sameer Varma,,,,Fiancé/Fiancée,,+91 8151 542 802,,,,,,Tara Singh,,,,,,,,,,
125,25,F,O-,,+91 8579 168 039,,user464@gmail.com,,Chhattisgarh,,,,,Heart,,,No,,,38,,,Ananya Agarwal,,,,Grandchild,,+91 7760 117 796,,,,,,Vikrant Kumar,,,,,,,,,,
126,29,M,B+,,+91 9569 751 620,,user624@gmail.com,,Andaman and Nicobar Islands,,,,,Heart,,,Yes,,,70,,,Nisha Mehra,,,,Niece/Nephew,,+91 9502 721 747,,,,,,Riya Iyer,,,,,,,,,,
127,78,F,O-,,+91 9384 912 270,,user983@gmail.com,,Nagaland,,,,,Heart,,,No,,,40,,,Tara Iyer,,,,Co-worker,,+91 7467 524 649,,,,,,Rohit Khan,,,,,,,,,,
128,29,F,O-,,+91 7257 144 530,,user348@gmail.com,,Assam,,,,,Heart,,,Yes,,,37,,,Shreya Menon,,,,Grandparent,,+91 9611 811 336,,,,,,Mira Kumar,,,,,,,,,,
129,28,F,AB+,,+91 8707 079 902,,user800@gmail.com,,Dadra and Nagar Haveli and Daman and Diu,,,,,Heart,,,Yes,,,53,,,Yash Rajan,,,,Grandparent,,+91 7878 945 610,,,,,,Karan Agarwal,,,,,,,,,,
130,70,M,B-,,+91 9276 922 905,,user460@gmail.com,,Maharashtra,,,,,Heart,,,No,,,36,,,Kartik Nair,,,,Fiancé/Fiancée,,+91 7636 459 207,,,,,,Anjali Raghavan,,,,,,,,,,
131,54,F,AB-,,+91 8880 059 402,,user103@gmail.com,,Punjab,,,,,Heart,,,Yes,,,48,,,Alisha Choudhury,,,,Healthcare Proxy,,+91 7771 340 426,,,,,,Aarav Chatterjee,,,,,,,,,,
132,25,M,O+,,+91 7045 097 366,,user443@gmail.com,,Meghalaya,,,,,Heart,,,Yes,,,38,,,Ravi Rana,,,,Legal Guardian,,+91 7978 503 742,,,,,,Nisha Desai,,,,,,,,,,
133,62,F,B+,,+91 9654 897 378,,user138@gmail.com,,Nagaland,,,,,Heart,,,No,,,66,,,Varun Sharma,,,,Legal Guardian,,+91 9992 525 665,,,,,,Yuvraj Patel,,,,,,,,,,
134,62,F,AB-,,+91 9153 349 094,,user459@gmail.com,,Chhattisgarh,,,,,Heart,,,No,,,30,,,Soham Kapoor,,,,Legal Guardian,,+91 8634 521 002,,,,,,Shreya Sharma,,,,,,,,,,
135,49,F,B+,,+91 9788 431 211,,user122@gmail.com,,Gujarat,,,,,Heart,,,No,,,45,,,Shruti Reddy,,,,Partner,,+91 7738 590 245,,,,,,Raj Sharma,,,,,,,,,,
136,21,M,O-,,+91 7173 470 805,,user951@gmail.com,,Telangana,,,,,Heart,,,No,,,45,,,Neha Chatterjee,,,,Grandchild,,+91 8450 658 223,,,,,,Ayesha Singh,,,,,,,,,,
137,55,F,B-,,+91 9348 049 949,,user129@gmail.com,,Lakshadweep,,,,,Heart,,,No,,,44,,,Parth Shah,,,,Parent,,+91 8760 538 865,,,,,,Arjun Mehra,,,,,,,,,,
138,18,M,O+,,+91 7485 615 461,,user129@gmail.com,,Uttarakhand,,,,,Heart,,,No,,,57,,,Sameer Patel,,,,Child,,+91 8354 089 652,,,,,,Neha Dubey,,,,,,,,,,
139,54,F,O+,,+91 8131 673 162,,user424@gmail.com,,Andaman and Nicobar Islands,,,,,Heart,,,Yes,,,68,,,Mira Iyer,,,,Domestic Partner,,+91 7656 946 913,,,,,,Virat Kumar,,,,,,,,,,
140,51,M,B+,,+91 7202 983 857,,user259@gmail.com,,Dadra and Nagar Haveli and Daman and Diu,,,,,Heart,,,No,,,31,,,Arjun Dubey,,,,Parent,,+91 7412 293 126,,,,,,Ishita Bhatt,,,,,,,,,,
141,49,M,O-,,+91 7836 804 392,,user626@gmail.com,,Tamil Nadu,,,,,Heart,,,Yes,,,51,,,Esha Sharma,,,,Caregiver,,+91 9632 118 423,,,,,,Veer Gupta,,,,,,,,,,
142,36,M,A+,,+91 7045 245 177,,user524@gmail.com,,Nagaland,,,,,Heart,,,Yes,,,36,,,Devraj Sharma,,,,Friend,,+91 9861 432 209,,,,,,Kavya Joshi,,,,,,,,,,
143,51,F,A-,,+91 9248 811 552,,user806@gmail.com,,Punjab,,,,,Heart,,,Yes,,,47,,,Ananya Agarwal,,,,Friend,,+91 8972 666 258,,,,,,Armaan Menon,,,,,,,,,,
144,54,F,B+,,+91 9401 790 958,,user294@gmail.com,,Arunachal Pradesh,,,,,Heart,,,Yes,,,44,,,Riya Reddy,,,,Domestic Partner,,+91 8765 595 895,,,,,,Ritu Patel,,,,,,,,,,
145,53,F,O-,,+91 8863 481 735,,user178@gmail.com,,Telangana,,,,,Heart,,,Yes,,,50,,,Alisha Mehra,,,,Friend,,+91 8462 245 270,,,,,,Dhruv Kapoor,,,,,,,,,,
146,23,M,AB-,,+91 9591 990 148,,user235@gmail.com,,Himachal Pradesh,,,,,Heart,,,Yes,,,52,,,Devraj Mehra,,,,Cousin,,+91 9341 491 375,,,,,,Alisha Mehra,,,,,,,,,,
147,56,F,A+,,+91 8203 401 101,,user434@gmail.com,,Goa,,,,,Heart,,,Yes,,,57,,,Ananya Iyer,,,,Legal Guardian,,+91 8666 356 523,,,,,,Soham Singh,,,,,,,,,,
148,60,M,B-,,+91 7952 647 942,,user695@gmail.com,,Karnataka,,,,,Heart,,,No,,,68,,,Riya Banerjee,,,,Niece/Nephew,,+91 8604 078 309,,,,,,Natasha Chatterjee,,,,,,,,,,
149,24,M,AB+,,+91 7788 373 569,,user979@gmail.com,,Delhi,,,,,Heart,,,No,,,64,,,Rajiv Mehra,,,,Co-worker,,+91 8606 219 604,,,,,,Vivan Nair,,,,,,,,,,
150,67,M,B-,,+91 7660 240 375,,user170@gmail.com,,Goa,,,,,Heart,,,No,,,45,,,Rishi Venkatesh,,,,Niece/Nephew,,+91 7516 967 591,,,,,,Priya Agarwal,,,,,,,,,,
151,30,F,A+,,+91 8823 600 683,,user897@gmail.com,,Chandigarh,,,,,Heart,,,Yes,,,41,,,Nisha Desai,,,,Legal Guardian,,+91 9068 400 764,,,,,,Kabir Shah,,,,,,,,,,
152,32,F,O-,,+91 9991 883 808,,user835@gmail.com,,Telangana,,,,,Heart,,,No,,,35,,,Devraj Mehra,,,,Neighbor,,+91 9264 766 304,,,,,,Ananya Iyer,,,,,,,,,,
153,71,F,O+,,+91 8203 286 490,,user675@gmail.com,,Karnataka,,,,,Heart,,,No,,,36,,,Yuvraj Singh,,,,Grandparent,,+91 7502 470 139,,,,,,Raghav Reddy,,,,,,,,,,
154,79,M,A+,,+91 8577 320 278,,user378@gmail.com,,Punjab,,,,,Heart,,,No,,,40,,,Aaradhya Shah,,,,Cousin,,+91 7490 761 529,,,,,,Amaya Sharma,,,,,,,,,,
155,52,M,B-,,+91 8003 604 336,,user610@gmail.com,,Madhya Pradesh,,,,,Heart,,,Yes,,,58,,,Mira Kumar,,,,Legal Guardian,,+91 7548 492 417,,,,,,Parth Mehra,,,,,,,,,,
156,36,M,O+,,+91 7203 856 296,,user458@gmail.com,,Goa,,,,,Heart,,,Yes,,,40,,,Rohit Khan,,,,Grandchild,,+91 9645 847 014,,,,,,Avani Singh,,,,,,,,,,
157,64,F,AB+,,+91 7935 278 913,,user111@gmail.com,,Tamil Nadu,,,,,Heart,,,No,,,41,,,Vivan Kapoor,,,,Spouse,,+91 8868 389 885,,,,,,Rohan Kumar,,,,,,,,,,
158,24,F,A-,,+91 7748 725 013,,user123@gmail.com,,Puducherry,,,,,Heart,,,Yes,,,62,,,Aryan Kapoor,,,,Partner,,+91 9003 329 944,,,,,,Aaradhya Menon,,,,,,,,,,
159,38,M,A+,,+91 7015 035 826,,user482@gmail.com,,Jharkhand,,,,,Heart,,,Yes,,,61,,,Raghav Joshi,,,,Grandchild,,+91 7561 376 321,,,,,,Riya Agarwal,,,,,,,,,,
160,76,M,O+,,+91 8137 649 712,,user780@gmail.com,,Haryana,,,,,Heart,,,Yes,,,41,,,Ishita Iyer,,,,Child,,+91 7075 001 150,,,,,,Arvind Shah,,,,,,,,,,
161,66,F,B-,,+91 8126 585 194,,user680@gmail.com,,Chandigarh,,,,,Heart,,,Yes,,,66,,,Kavya Khan,,,,Domestic Partner,,+91 8444 547 667,,,,,,Esha Chatterjee,,,,,,,,,,
162,58,F,O-,,+91 8260 146 917,,user166@gmail.com,,Uttarakhand,,,,,Heart,,,Yes,,,32,,,Kabir Mehra,,,,Grandchild,,+91 7762 443 820,,,,,,Devraj Patel,,,,,,,,,,
163,54,M,B+,,+91 9131 110 954,,user776@gmail.com,,Chandigarh,,,,,Heart,,,Yes,,,60,,,Kriti Singhania,,,,Grandparent,,+91 9393 475 973,,,,,,Priyanka Choudhury,,,,,,,,,,
164,41,F,AB+,,+91 7861 887 253,,user101@gmail.com,,Bihar,,,,,Heart,,,Yes,,,47,,,Neha Dubey,,,,Healthcare Proxy,,+91 8676 606 794,,,,,,Aryan Desai,,,,,,,,,,
165,21,F,AB+,,+91 9518 086 301,,user656@gmail.com,,Gujarat,,,,,Heart,,,Yes,,,51,,,Aarav Gupta,,,,Aunt/Uncle,,+91 7770 513 764,,,,,,Anushka Gupta,,,,,,,,,,
166,70,F,O-,,+91 8379 472 925,,user360@gmail.com,,Jharkhand,,,,,Heart,,,No,,,31,,,Vikrant Dubey,,,,Employer/Employee,,+91 9510 450 387,,,,,,Varun Sharma,,,,,,,,,,
167,31,F,A-,,+91 9103 124 700,,user490@gmail.com,,Arunachal Pradesh,,,,,Heart,,,Yes,,,42,,,Yuvraj Singh,,,,Niece/Nephew,,+91 8357 408 922,,,,,,Kiara Patel,,,,,,,,,,
168,69,M,O+,,+91 8374 393 653,,user583@gmail.com,,Meghalaya,,,,,Heart,,,Yes,,,47,,,Kriti Singhania,,,,Domestic Partner,,+91 8365 595 998,,,,,,Yash Mehra,,,,,,,,,,
169,26,F,O-,,+91 8527 421 327,,user990@gmail.com,,Gujarat,,,,,Heart,,,No,,,56,,,Shreya Banerjee,,,,Parent,,+91 9249 183 090,,,,,,Shreya Banerjee,,,,,,,,,,
170,35,M,O-,,+91 9522 727 595,,user913@gmail.com,,Rajasthan,,,,,Heart,,,No,,,62,,,Devraj Sharma,,,,Healthcare Proxy,,+91 9837 388 926,,,,,,Ravi Rana,,,,,,,,,,
171,46,F,AB-,,+91 8507 017 112,,user228@gmail.com,,Puducherry,,,,,Heart,,,Yes,,,50,,,Natasha Bhatt,,,,Parent,,+91 8355 831 694,,,,,,Meera Patel,,,,,,,,,,
172,53,M,A-,,+91 8978 549 590,,user612@gmail.com,,Himachal Pradesh,,,,,Heart,,,Yes,,,66,,,Yash Singh,,,,Partner,,+91 9377 320 720,,,,,,Aditya Joshi,,,,,,,,,,
173,66,M,AB-,,+91 9371 176 117,,user431@gmail.com,,Madhya Pradesh,,,,,Heart,,,Yes,,,52,,,Kriti Singhania,,,,Fiancé/Fiancée,,+91 9204 881 321,,,,,,Sanjana Kumar,,,,,,,,,,
174,70,M,A-,,+91 9939 616 726,,user752@gmail.com,,Meghalaya,,,,,Heart,,,Yes,,,37,,,Alisha Iyer,,,,Sibling,,+91 7632 673 095,,,,,,Sameer Agarwal,,,,,,,,,,
175,65,M,B-,,+91 7883 155 163,,user425@gmail.com,,Delhi,,,,,Heart,,,Yes,,,56,,,Sanjana Raghavan,,,,Child,,+91 9087 226 736,,,,,,Tara Dubey,,,,,,,,,,
176,41,M,AB+,,+91 8270 178 535,,user467@gmail.com,,Arunachal Pradesh,,,,,Heart,,,No,,,59,,,Vikram Kapoor,,,,Aunt/Uncle,,+91 9667 472 338,,,,,,Vikrant Singh,,,,,,,,,,
177,37,F,O-,,+91 9112 631 344,,user787@gmail.com,,Himachal Pradesh,,,,,Heart,,,Yes,,,36,,,Arvind Shah,,,,Aunt/Uncle,,+91 9892 720 374,,,,,,Riya Reddy,,,,,,,,,,
178,73,F,O-,,+91 9901 706 177,,user705@gmail.com,,Uttar Pradesh,,,,,Heart,,,No,,,69,,,Ananya Agarwal,,,,Parent,,+91 9443 177 057,,,,,,Rohit Chawla,,,,,,,,,,
179,18,M,O-,,+91 7030 615 788,,user650@gmail.com,,Andaman and Nicobar Islands,,,,,Heart,,,No,,,31,,,Rohit Kumar,,,,Healthcare Proxy,,+91 8103 243 819,,,,,,Mira Iyer,,,,,,,,,,
180,40,F,AB-,,+91 8602 041 201,,user907@gmail.com,,Bihar,,,,,Heart,,,Yes,,,58,,,Rahul Sharma,,,,Grandchild,,+91 7003 211 490,,,,,,Karan Verma,,,,,,,,,,
181,76,M,B-,,+91 8543 878 575,,user258@gmail.com,,Punjab,,,,,Heart,,,Yes,,,64,,,Aryan Kapoor,,,,Fiancé/Fiancée,,+91 8287 474 809,,,,,,Anjali Khan,,,,,,,,,,
182,60,M,AB-,,+91 8407 666 706,,user805@gmail.com,,Uttarakhand,,,,,Heart,,,Yes,,,47,,,Ayesha Khan,,,,Caregiver,,+91 8491 850 657,,,,,,Aarav Rao,,,,,,,,,,
183,74,F,O+,,+91 9547 966 149,,user457@gmail.com,,Mizoram,,,,,Heart,,,No,,,39,,,Nisha Patel,,,,Grandparent,,+91 9097 490 758,,,,,,Nisha Raghavan,,,,,,,,,,
184,53,M,O-,,+91 8204 173 236,,user615@gmail.com,,Odisha,,,,,Heart,,,No,,,52,,,Rohit Kumar,,,,Co-worker,,+91 8245 937 765,,,,,,Yuvraj Agarwal,,,,,,,,,,
185,71,F,A-,,+91 7399 810 177,,user425@gmail.com,,Rajasthan,,,,,Heart,,,Yes,,,45,,,Ayesha Sharma,,,,Spouse,,+91 9657 372 223,,,,,,Shreya Menon,,,,,,,,,,
186,48,F,B+,,+91 9038 312 432,,user423@gmail.com,,Kerala,,,,,Heart,,,No,,,64,,,Priyanka Choudhury,,,,Spouse,,+91 8605 876 392,,,,,,Raj Khanna,,,,,,,,,,
187,62,M,B+,,+91 9403 005 682,,user489@gmail.com,,Haryana,,,,,Heart,,,No,,,39,,,Sanjana Raghavan,,,,Co-worker,,+91 7761 300 975,,,,,,Ayesha Sharma,,,,,,,,,,
188,29,F,O+,,+91 8724 909 622,,user921@gmail.com,,Madhya Pradesh,,,,,Heart,,,No,,,34,,,Shreya Singh,,,,Sibling,,+91 9520 655 224,,,,,,Arjun Dubey,,,,,,,,,,
189,55,M,A-,,+91 9616 069 886,,user324@gmail.com,,Gujarat,,,,,Heart,,,No,,,36,,,Ayesha Khan,,,,Friend,,+91 7214 719 870,,,,,,Neha Chatterjee,,,,,,,,,,
190,65,F,A-,,+91 9737 054 114,,user144@gmail.com,,Assam,,,,,Heart,,,No,,,42,,,Arjun Dubey,,,,Employer/Employee,,+91 8221 276 716,,,,,,Virat Mehta,,,,,,,,,,
191,25,F,B-,,+91 8417 678 205,,user721@gmail.com,,Ladakh,,,,,Heart,,,No,,,62,,,Vikrant Dubey,,,,Friend,,+91 7354 669 561,,,,,,Ishita Patel,,,,,,,,,,
192,24,M,A+,,+91 9804 949 166,,user366@gmail.com,,Rajasthan,,,,,Heart,,,Yes,,,41,,,Esha Sharma,,,,Co-worker,,+91 8883 744 980,,,,,,Veer Mehra,,,,,,,,,,
193,60,M,A+,,+91 8827 683 912,,user687@gmail.com,,Andhra Pradesh,,,,,Heart,,,No,,,34,,,Aarav Chatterjee,,,,Grandchild,,+91 8971 688 038,,,,,,Kavya Khan,,,,,,,,,,
194,26,F,B-,,+91 8601 195 956,,user451@gmail.com,,Odisha,,,,,Heart,,,No,,,70,,,Shreya Kapoor,,,,Legal Guardian,,+91 7166 424 722,,,,,,Armaan Sharma,,,,,,,,,,
195,39,F,O-,,+91 8868 804 118,,user440@gmail.com,,Jharkhand,,,,,Heart,,,Yes,,,52,,,Anushka Dubey,,,,Niece/Nephew,,+91 8074 572 313,,,,,,Ritu Dubey,,,,,,,,,,
196,29,M,A+,,+91 7789 745 315,,user579@gmail.com,,Karnataka,,,,,Heart,,,No,,,50,,,Mira Iyer,,,,Roommate,,+91 7628 635 994,,,,,,Dhruv Chawla,,,,,,,,,,
197,52,F,AB-,,+91 8782 750 205,,user370@gmail.com,,Tripura,,,,,Heart,,,Yes,,,55,,,Priyanka Choudhury,,,,Child,,+91 9822 111 273,,,,,,Alisha Iyer,,,,,,,,,,
198,35,F,AB+,,+91 7822 899 589,,user753@gmail.com,,Maharashtra,,,,,Heart,,,No,,,53,,,Riya Dubey,,,,Legal Guardian,,+91 8669 625 056,,,,,,Soham Kapoor,,,,,,,,,,
199,22,F,A-,,+91 9966 228 548,,user398@gmail.com,,Tamil Nadu,,,,,Heart,,,No,,,44,,,Shreya Kapoor,,,,Friend,,+91 9604 659 338,,,,,,Natasha Mehra,,,,,,,,,,
200,74,F,A+,,+91 7474 946 246,,user957@gmail.com,,Jharkhand,,,,,Heart,,,Yes,,,69,,,Natasha Chatterjee,,,,Grandparent,,+91 7635 469 447,,,,,,Vivan Sharma,,,,,,,,,,
201,74,M,AB-,,+91 8542 414 418,,user131@gmail.com,,Lakshadweep,,,,,Heart,,,No,,,69,,,Vivan Nair,,,,Fiancé/Fiancée,,+91 7029 656 978,,,,,,Priya Singh,,,,,,,,,,
202,32,M,B+,,+91 8943 723 078,,user994@gmail.com,,Delhi,,,,,Heart,,,No,,,43,,,Ayesha Sharma,,,,Healthcare Proxy,,+91 8937 111 978,,,,,,Kabir Mehra,,,,,,,,,,
203,79,M,B+,,+91 8334 052 022,,user926@gmail.com,,Telangana,,,,,Heart,,,Yes,,,44,,,Shreya Kapoor,,,,Employer/Employee,,+91 9459 250 120,,,,,,Ananya Agarwal,,,,,,,,,,
204,63,M,A+,,+91 7666 834 099,,user794@gmail.com,,Gujarat,,,,,Heart,,,Yes,,,66,,,Shreya Banerjee,,,,Niece/Nephew,,+91 8315 074 261,,,,,,Raghav Chatterjee,,,,,,,,,,
205,49,M,A-,,+91 8563 318 701,,user626@gmail.com,,Uttar Pradesh,,,,,Heart,,,No,,,49,,,Aarav Rao,,,,Sibling,,+91 7445 801 663,,,,,,Amaya Verma,,,,,,,,,,
206,48,F,AB+,,+91 7982 582 492,,user923@gmail.com,,Odisha,,,,,Heart,,,Yes,,,38,,,Alisha Mehra,,,,Cousin,,+91 8088 382 743,,,,,,Parth Singh,,,,,,,,,,
207,25,M,O-,,+91 8294 127 044,,user552@gmail.com,,Uttar Pradesh,,,,,Heart,,,No,,,57,,,Avani Iyer,,,,Legal Guardian,,+91 8474 634 634,,,,,,Avani Choudhury,,,,,,,,,,
208,37,F,B-,,+91 8450 594 077,,user390@gmail.com,,Rajasthan,,,,,Heart,,,Yes,,,68,,,Aaradhya Shah,,,,Roommate,,+91 7739 887 259,,,,,,Rohan Desai,,,,,,,,,,
209,38,M,B-,,+91 9006 253 087,,user293@gmail.com,,Chandigarh,,,,,Heart,,,No,,,59,,,Arjun Mehra,,,,Employer/Employee,,+91 7818 436 678,,,,,,Aaradhya Shah,,,,,,,,,,
210,41,M,AB-,,+91 9841 533 428,,user666@gmail.com,,Haryana,,,,,Heart,,,No,,,30,,,Varun Sharma,,,,Spouse,,+91 9588 472 288,,,,,,Riya Banerjee,,,,,,,,,,
211,43,M,B+,,+91 7307 741 121,,user336@gmail.com,,Telangana,,,,,Heart,,,No,,,34,,,Esha Chatterjee,,,,Co-worker,,+91 8371 177 493,,,,,,Arvind Nair,,,,,,,,,,
212,76,F,AB+,,+91 7503 648 164,,user949@gmail.com,,Karnataka,,,,,Heart,,,Yes,,,66,,,Kriti Singhania,,,,Spouse,,+91 7240 982 200,,,,,,Esha Sharma,,,,,,,,,,
213,60,F,B+,,+91 8890 503 860,,user321@gmail.com,,Tamil Nadu,,,,,Heart,,,No,,,64,,,Ayesha Khan,,,,Roommate,,+91 8261 425 366,,,,,,Devraj Mehra,,,,,,,,,,
214,52,M,AB+,,+91 9756 417 556,,user298@gmail.com,,Karnataka,,,,,Heart,,,No,,,64,,,Armaan Sharma,,,,Aunt/Uncle,,+91 9783 911 524,,,,,,Priyanka Rao,,,,,,,,,,
215,58,F,AB-,,+91 9550 283 766,,user148@gmail.com,,Meghalaya,,,,,Heart,,,No,,,39,,,Virat Shah,,,,Employer/Employee,,+91 9255 906 161,,,,,,Aryan Kapoor,,,,,,,,,,
216,77,M,B+,,+91 7633 796 944,,user758@gmail.com,,Bihar,,,,,Heart,,,Yes,,,38,,,Veer Mehra,,,,Parent,,+91 7258 077 242,,,,,,Anushka Dubey,,,,,,,,,,
217,58,F,A+,,+91 7162 766 857,,user821@gmail.com,,Chandigarh,,,,,Heart,,,No,,,44,,,Yash Singh,,,,Grandchild,,+91 9648 334 580,,,,,,Varun Chawla,,,,,,,,,,
218,28,F,O+,,+91 8008 843 450,,user597@gmail.com,,Andhra Pradesh,,,,,Heart,,,No,,,51,,,Rohan Kumar,,,,Aunt/Uncle,,+91 9251 084 810,,,,,,Kiara Menon,,,,,,,,,,
219,62,M,B-,,+91 7296 799 219,,user256@gmail.com,,Puducherry,,,,,Heart,,,No,,,30,,,Raghav Chatterjee,,,,Friend,,+91 7676 346 185,,,,,,Yash Verma,,,,,,,,,,
220,54,F,B-,,+91 7685 649 492,,user564@gmail.com,,Uttarakhand,,,,,Heart,,,Yes,,,56,,,Esha Gupta,,,,Aunt/Uncle,,+91 9404 792 902,,,,,,Shreya Singh,,,,,,,,,,
221,62,M,A-,,+91 8887 035 948,,user180@gmail.com,,Rajasthan,,,,,Heart,,,No,,,60,,,Ayesha Singh,,,,Domestic Partner,,+91 9308 151 292,,,,,,Ravi Khanna,,,,,,,,,,
222,51,M,AB+,,+91 9722 548 749,,user744@gmail.com,,Uttarakhand,,,,,Heart,,,No,,,60,,,Meera Shah,,,,Niece/Nephew,,+91 9049 647 605,,,,,,Meera Banerjee,,,,,,,,,,
223,79,M,A+,,+91 9841 911 274,,user316@gmail.com,,Andaman and Nicobar Islands,,,,,Heart,,,No,,,30,,,Kiara Menon,,,,Partner,,+91 8698 451 840,,,,,,Aditya Reddy,,,,,,,,,,
224,22,M,A+,,+91 8222 154 003,,user956@gmail.com,,Puducherry,,,,,Heart,,,No,,,70,,,Ananya Patel,,,,Child,,+91 7698 151 986,,,,,,Sanjana Chatterjee,,,,,,,,,,
225,66,M,O-,,+91 8268 601 715,,user601@gmail.com,,Dadra and Nagar Haveli and Daman and Diu,,,,,Heart,,,No,,,34,,,Aarav Patel,,,,Healthcare Proxy,,+91 7601 536 747,,,,,,Sameer Patel,,,,,,,,,,
226,57,M,A+,,+91 8167 891 833,,user193@gmail.com,,Tamil Nadu,,,,,Heart,,,Yes,,,60,,,Tara Mehra,,,,Grandparent,,+91 7966 659 823,,,,,,Tara Mehra,,,,,,,,,,
227,27,F,AB-,,+91 7109 760 342,,user879@gmail.com,,Delhi,,,,,Heart,,,No,,,57,,,Arnav Jain,,,,Spouse,,+91 8178 358 467,,,,,,Vikrant Dubey,,,,,,,,,,
228,44,M,A-,,+91 7955 586 054,,user170@gmail.com,,Andhra Pradesh,,,,,Heart,,,Yes,,,57,,,Dev Mehta,,,,Co-worker,,+91 7013 990 735,,,,,,Riya Joshi,,,,,,,,,,
229,74,F,B-,,+91 8695 877 861,,user358@gmail.com,,Andaman and Nicobar Islands,,,,,Heart,,,Yes,,,60,,,Shreya Kapoor,,,,Caregiver,,+91 9786 306 010,,,,,,Rohit Kumar,,,,,,,,,,
230,34,M,B+,,+91 8317 048 164,,user401@gmail.com,,Odisha,,,,,Heart,,,Yes,,,67,,,Vikram Kapoor,,,,Niece/Nephew,,+91 7352 213 876,,,,,,Mira Agarwal,,,,,,,,,,
231,57,F,AB-,,+91 7699 092 500,,user918@gmail.com,,Andaman and Nicobar Islands,,,,,Heart,,,Yes,,,32,,,Mira Iyer,,,,Roommate,,+91 9235 882 534,,,,,,Karan Rana,,,,,,,,,,
232,69,F,A-,,+91 8690 593 226,,user872@gmail.com,,Andhra Pradesh,,,,,Heart,,,Yes,,,39,,,Sameer Gupta,,,,Healthcare Proxy,,+91 9450 544 931,,,,,,Anjali Patel,,,,,,,,,,
233,79,F,B+,,+91 8268 227 681,,user748@gmail.com,,Punjab,,,,,Heart,,,No,,,50,,,Ishita Iyer,,,,Child,,+91 8909 974 669,,,,,,Aarav Chawla,,,,,,,,,,
234,50,M,A-,,+91 8096 356 109,,user859@gmail.com,,Lakshadweep,,,,,Heart,,,No,,,39,,,Natasha Mehra,,,,Neighbor,,+91 7871 585 578,,,,,,Nisha Mehra,,,,,,,,,,
235,62,F,AB+,,+91 9030 593 824,,user462@gmail.com,,Rajasthan,,,,,Heart,,,No,,,53,,,Veer Malhotra,,,,Domestic Partner,,+91 7069 871 975,,,,,,Yuvraj Chatterjee,,,,,,,,,,
236,75,F,AB+,,+91 9317 064 439,,user966@gmail.com,,Goa,,,,,Heart,,,No,,,65,,,Natasha Bhatt,,,,Domestic Partner,,+91 9662 940 409,,,,,,Shreya Dubey,,,,,,,,,,
237,72,F,O+,,+91 9053 626 634,,user545@gmail.com,,Andaman and Nicobar Islands,,,,,Heart,,,No,,,70,,,Vikrant Dubey,,,,Co-worker,,+91 7990 377 542,,,,,,,,,,,,,,,,
238,28,M,O+,,+91 7178 765 403,,user549@gmail.com,,Uttar Pradesh,,,,,Heart,,,Yes,,,65,,,Rohit Khan,,,,Fiancé/Fiancée,,+91 8609 802 811,,,,,,,,,,,,,,,,
239,43,F,B-,,+91 7695 660 477,,user856@gmail.com,,Himachal Pradesh,,,,,Heart,,,Yes,,,68,,,Priya Verma,,,,Child,,+91 7612 675 957,,,,,,,,,,,,,,,,
240,42,M,AB+,,+91 7271 405 119,,user961@gmail.com,,Sikkim,,,,,Heart,,,No,,,34,,,Avani Iyer,,,,Caregiver,,+91 7828 160 218,,,,,,,,,,,,,,,,
241,79,M,B-,,+91 7049 184 874,,user352@gmail.com,,Puducherry,,,,,Heart,,,Yes,,,59,,,Yuvraj Agarwal,,,,Fiancé/Fiancée,,+91 8185 281 277,,,,,,,,,,,,,,,,
242,66,F,A-,,+91 8926 334 942,,user574@gmail.com,,Bihar,,,,,Heart,,,No,,,45,,,Devraj Patel,,,,Co-worker,,+91 7427 856 004,,,,,,,,,,,,,,,,
243,55,F,O-,,+91 8099 413 942,,user782@gmail.com,,Goa,,,,,Heart,,,Yes,,,35,,,Arvind Nair,,,,Healthcare Proxy,,+91 8487 630 915,,,,,,,,,,,,,,,,
244,74,F,B-,,+91 7253 630 794,,user554@gmail.com,,Nagaland,,,,,Heart,,,No,,,30,,,Raghav Joshi,,,,Healthcare Proxy,,+91 7361 558 701,,,,,,,,,,,,,,,,
245,40,M,A+,,+91 8548 945 050,,user974@gmail.com,,Haryana,,,,,Heart,,,Yes,,,51,,,Rajiv Mehra,,,,Grandparent,,+91 7501 794 205,,,,,,,,,,,,,,,,
246,75,M,B-,,+91 7699 813 819,,user382@gmail.com,,Delhi,,,,,Heart,,,No,,,31,,,Karan Agarwal,,,,Roommate,,+91 9072 564 647,,,,,,,,,,,,,,,,
247,19,F,O-,,+91 7979 154 422,,user285@gmail.com,,Telangana,,,,,Heart,,,Yes,,,70,,,Priyanka Rao,,,,Legal Guardian,,+91 8927 077 371,,,,,,,,,,,,,,,,
248,28,M,A-,,+91 9508 961 147,,user241@gmail.com,,Madhya Pradesh,,,,,Heart,,,Yes,,,32,,,Ritu Patel,,,,Roommate,,+91 7505 019 166,,,,,,,,,,,,,,,,
249,22,F,AB-,,+91 9166 613 475,,user228@gmail.com,,Tripura,,,,,Heart,,,Yes,,,37,,,Anjali Raghavan,,,,Aunt/Uncle,,+91 8967 655 840,,,,,,,,,,,,,,,,
250,72,M,A-,,+91 8492 426 265,,user408@gmail.com,,West Bengal,,,,,Heart,,,Yes,,,44,,,Anushka Patel,,,,Domestic Partner,,+91 7427 369 897,,,,,,,,,,,,,,,,
251,69,F,A-,,+91 7983 706 047,,user501@gmail.com,,Andhra Pradesh,,,,,Heart,,,Yes,,,51,,,Raghav Reddy,,,,Healthcare Proxy,,+91 8948 971 726,,,,,,,,,,,,,,,,
252,50,M,O+,,+91 9502 345 233,,user651@gmail.com,,Sikkim,,,,,Heart,,,Yes,,,39,,,Aditi Singh,,,,Friend,,+91 8691 122 580,,,,,,,,,,,,,,,,
253,53,M,B+,,+91 7859 128 280,,user845@gmail.com,,Tripura,,,,,Heart,,,No,,,65,,,Rohan Verma,,,,Domestic Partner,,+91 8130 675 157,,,,,,,,,,,,,,,,
254,62,M,B-,,+91 8375 695 309,,user686@gmail.com,,Sikkim,,,,,Heart,,,No,,,51,,,Ravi Menon,,,,Healthcare Proxy,,+91 9484 628 450,,,,,,,,,,,,,,,,
255,32,F,A-,,+91 9497 812 715,,user710@gmail.com,,Jharkhand,,,,,Heart,,,Yes,,,46,,,Amaya Verma,,,,Grandparent,,+91 9631 862 288,,,,,,,,,,,,,,,,
256,24,F,B+,,+91 7818 175 747,,user788@gmail.com,,Manipur,,,,,Heart,,,Yes,,,32,,,Shruti Reddy,,,,Fiancé/Fiancée,,+91 8624 146 041,,,,,,,,,,,,,,,,
257,68,M,A+,,+91 8119 714 823,,user172@gmail.com,,Chhattisgarh,,,,,Heart,,,Yes,,,63,,,Aaradhya Shah,,,,Healthcare Proxy,,+91 8782 554 049,,,,,,,,,,,,,,,,
258,25,F,A+,,+91 9944 502 284,,user817@gmail.com,,Uttarakhand,,,,,Heart,,,No,,,56,,,Amaya Sharma,,,,Roommate,,+91 7804 339 167,,,,,,,,,,,,,,,,
259,46,M,A+,,+91 8798 744 019,,user276@gmail.com,,Haryana,,,,,Heart,,,No,,,59,,,Kavya Reddy,,,,Cousin,,+91 8724 752 807,,,,,,,,,,,,,,,,
260,27,F,B-,,+91 9382 098 877,,user410@gmail.com,,Tamil Nadu,,,,,Heart,,,Yes,,,62,,,Ritu Patel,,,,Cousin,,+91 9922 060 666,,,,,,,,,,,,,,,,
261,24,F,O+,,+91 8538 966 060,,user739@gmail.com,,Karnataka,,,,,Heart,,,Yes,,,61,,,Natasha Chatterjee,,,,Niece/Nephew,,+91 9767 286 470,,,,,,,,,,,,,,,,
262,75,M,O+,,+91 7414 387 370,,user224@gmail.com,,Delhi,,,,,Heart,,,No,,,34,,,Riya Reddy,,,,Healthcare Proxy,,+91 7257 621 096,,,,,,,,,,,,,,,,
263,23,F,A-,,+91 9515 919 989,,user810@gmail.com,,Tamil Nadu,,,,,Heart,,,No,,,40,,,Kabir Mehra,,,,Employer/Employee,,+91 9651 960 227,,,,,,,,,,,,,,,,
264,58,F,AB-,,+91 9145 447 751,,user566@gmail.com,,Odisha,,,,,Heart,,,Yes,,,34,,,Tara Mehra,,,,Roommate,,+91 9462 644 883,,,,,,,,,,,,,,,,
265,31,F,O+,,+91 7111 432 961,,user256@gmail.com,,Andhra Pradesh,,,,,Heart,,,No,,,38,,,Karan Sharma,,,,Grandparent,,+91 8874 137 686,,,,,,,,,,,,,,,,
266,57,M,B+,,+91 7628 858 134,,user607@gmail.com,,Dadra and Nagar Haveli and Daman and Diu,,,,,Heart,,,No,,,59,,,Kiara Patel,,,,Grandparent,,+91 9560 678 034,,,,,,,,,,,,,,,,
267,76,M,B+,,+91 8915 423 632,,user347@gmail.com,,Jharkhand,,,,,Heart,,,No,,,62,,,Arvind Nair,,,,Domestic Partner,,+91 7508 979 583,,,,,,,,,,,,,,,,
268,71,M,AB+,,+91 7525 739 635,,user170@gmail.com,,Lakshadweep,,,,,Heart,,,No,,,33,,,Priya Singh,,,,Aunt/Uncle,,+91 8784 637 514,,,,,,,,,,,,,,,,
269,71,F,A+,,+91 8984 031 484,,user989@gmail.com,,Lakshadweep,,,,,Heart,,,Yes,,,54,,,Vikrant Dubey,,,,Healthcare Proxy,,+91 7396 634 560,,,,,,,,,,,,,,,,
270,41,F,B-,,+91 7169 182 458,,user163@gmail.com,,Jharkhand,,,,,Heart,,,Yes,,,58,,,Anushka Patel,,,,Neighbor,,+91 8760 237 459,,,,,,,,,,,,,,,,
271,48,M,B+,,+91 9026 633 621,,user448@gmail.com,,Maharashtra,,,,,Heart,,,No,,,30,,,Riya Dubey,,,,Friend,,+91 7224 930 024,,,,,,,,,,,,,,,,
272,66,F,O-,,+91 8284 241 737,,user624@gmail.com,,Tripura,,,,,Heart,,,No,,,69,,,Soham Kapoor,,,,Partner,,+91 8959 583 671,,,,,,,,,,,,,,,,
273,27,F,A-,,+91 7798 855 339,,user538@gmail.com,,Odisha,,,,,Heart,,,Yes,,,39,,,Aryan Chatterjee,,,,Legal Guardian,,+91 9319 357 694,,,,,,,,,,,,,,,,
274,41,F,B-,,+91 7347 412 914,,user103@gmail.com,,Ladakh,,,,,Heart,,,No,,,36,,,Meera Shah,,,,Co-worker,,+91 8085 842 593,,,,,,,,,,,,,,,,
275,56,F,B-,,+91 8848 573 937,,user677@gmail.com,,Puducherry,,,,,Heart,,,Yes,,,55,,,Aryan Kapoor,,,,Parent,,+91 7367 269 121,,,,,,,,,,,,,,,,
276,68,M,AB-,,+91 9733 868 065,,user300@gmail.com,,Delhi,,,,,Heart,,,No,,,65,,,Yash Mehra,,,,Partner,,+91 7708 651 574,,,,,,,,,,,,,,,,
277,73,F,B-,,+91 8193 177 727,,user815@gmail.com,,Telangana,,,,,Heart,,,Yes,,,37,,,Sameer Varma,,,,Healthcare Proxy,,+91 8709 758 505,,,,,,,,,,,,,,,,
278,74,M,A-,,+91 8513 761 089,,user450@gmail.com,,Andaman and Nicobar Islands,,,,,Heart,,,No,,,33,,,Riya Joshi,,,,Niece/Nephew,,+91 7441 494 456,,,,,,,,,,,,,,,,
279,44,F,AB+,,+91 9396 940 022,,user936@gmail.com,,Andaman and Nicobar Islands,,,,,Heart,,,Yes,,,70,,,Arjun Mehra,,,,Grandchild,,+91 8005 265 785,,,,,,,,,,,,,,,,
280,64,M,AB-,,+91 7782 717 403,,user313@gmail.com,,Maharashtra,,,,,Heart,,,Yes,,,64,,,Ananya Iyer,,,,Legal Guardian,,+91 7261 469 792,,,,,,,,,,,,,,,,
281,58,F,O-,,+91 9716 974 456,,user239@gmail.com,,Chandigarh,,,,,Heart,,,Yes,,,60,,,Shreya Kapoor,,,,Partner,,+91 8516 959 072,,,,,,,,,,,,,,,,
282,33,M,O-,,+91 8951 572 132,,user932@gmail.com,,Rajasthan,,,,,Heart,,,No,,,34,,,Vivan Kapoor,,,,Grandchild,,+91 7851 316 811,,,,,,,,,,,,,,,,
283,18,M,O+,,+91 7075 845 655,,user140@gmail.com,,Tamil Nadu,,,,,Heart,,,No,,,55,,,Nisha Desai,,,,Fiancé/Fiancée,,+91 7772 703 328,,,,,,,,,,,,,,,,
284,71,F,AB+,,+91 7656 616 205,,user421@gmail.com,,Arunachal Pradesh,,,,,Heart,,,Yes,,,53,,,Kavita Iyer,,,,Domestic Partner,,+91 7086 288 408,,,,,,,,,,,,,,,,
285,33,M,O+,,+91 7779 800 670,,user438@gmail.com,,Andhra Pradesh,,,,,Heart,,,Yes,,,61,,,Meera Banerjee,,,,Aunt/Uncle,,+91 9083 657 877,,,,,,,,,,,,,,,,
286,56,F,O-,,+91 8183 778 818,,user424@gmail.com,,Delhi,,,,,Heart,,,Yes,,,48,,,Devraj Patel,,,,Partner,,+91 7385 233 294,,,,,,,,,,,,,,,,
287,29,M,O-,,+91 9479 070 754,,user780@gmail.com,,Manipur,,,,,Heart,,,No,,,37,,,Mira Kumar,,,,Legal Guardian,,+91 9891 868 569,,,,,,,,,,,,,,,,
288,62,M,AB-,,+91 9442 443 655,,user622@gmail.com,,Bihar,,,,,Heart,,,No,,,69,,,Ayesha Sharma,,,,Grandchild,,+91 7132 088 482,,,,,,,,,,,,,,,,
289,28,M,O+,,+91 9793 239 564,,user313@gmail.com,,Manipur,,,,,Heart,,,Yes,,,55,,,Amaya Sharma,,,,Healthcare Proxy,,+91 9206 817 309,,,,,,,,,,,,,,,,
290,52,M,A-,,+91 7387 618 131,,user577@gmail.com,,Sikkim,,,,,Heart,,,No,,,48,,,Riya Sharma,,,,Roommate,,+91 9553 110 332,,,,,,,,,,,,,,,,
291,32,M,O+,,+91 9043 864 245,,user494@gmail.com,,Bihar,,,,,Heart,,,No,,,43,,,Kabir Malhotra,,,,Sibling,,+91 7011 884 920,,,,,,,,,,,,,,,,
292,41,M,O-,,+91 8599 427 972,,user882@gmail.com,,Puducherry,,,,,Heart,,,Yes,,,39,,,Karan Agarwal,,,,Sibling,,+91 9841 517 961,,,,,,,,,,,,,,,,
293,55,M,O+,,+91 8849 518 552,,user117@gmail.com,,Lakshadweep,,,,,Heart,,,Yes,,,70,,,Karan Verma,,,,Fiancé/Fiancée,,+91 9489 103 935,,,,,,,,,,,,,,,,
294,45,M,B-,,+91 9680 617 414,,user732@gmail.com,,Chhattisgarh,,,,,Heart,,,Yes,,,58,,,Pooja Choudhury,,,,Legal Guardian,,+91 7395 019 208,,,,,,,,,,,,,,,,
295,31,M,O-,,+91 7252 399 612,,user298@gmail.com,,Lakshadweep,,,,,Heart,,,Yes,,,69,,,Varun Sharma,,,,Grandchild,,+91 9697 321 708,,,,,,,,,,,,,,,,
296,64,M,A+,,+91 9623 022 255,,user955@gmail.com,,Jharkhand,,,,,Heart,,,No,,,59,,,Tara Mehra,,,,Partner,,+91 7779 270 378,,,,,,,,,,,,,,,,
297,49,M,AB+,,+91 9955 361 773,,user451@gmail.com,,Punjab,,,,,Heart,,,No,,,48,,,Arjun Dubey,,,,Healthcare Proxy,,+91 7040 516 643,,,,,,,,,,,,,,,,
298,65,F,A+,,+91 7436 385 731,,user897@gmail.com,,Karnataka,,,,,Heart,,,Yes,,,47,,,Sanjana Kumar,,,,Parent,,+91 9763 860 265,,,,,,,,,,,,,,,,
299,25,F,AB-,,+91 7342 238 205,,user603@gmail.com,,Karnataka,,,,,Heart,,,No,,,49,,,Avani Singh,,,,Partner,,+91 9580 068 738,,,,,,,,,,,,,,,,
300,79,M,A+,,+91 7792 652 054,,user831@gmail.com,,Bihar,,,,,Heart,,,Yes,,,39,,,Yuvraj Patel,,,,Employer/Employee,,+91 8377 514 462,,,,,,,,,,,,,,,,
301,65,M,AB-,,+91 8545 967 022,,user981@gmail.com,,Tripura,,,,,Heart,,,No,,,31,,,Parth Mehra,,,,Partner,,+91 8997 106 437,,,,,,,,,,,,,,,,
302,49,F,O-,,+91 8279 239 616,,user249@gmail.com,,Madhya Pradesh,,,,,Heart,,,No,,,33,,,Neha Rao,,,,Niece/Nephew,,+91 8274 801 464,,,,,,,,,,,,,,,,
303,76,F,O-,,+91 8075 740 565,,user385@gmail.com,,Andhra Pradesh,,,,,Heart,,,No,,,32,,,Vikrant Singh,,,,Cousin,,+91 9341 254 831,,,,,,,,,,,,,,,,
304,78,M,AB-,,+91 9057 822 783,,user523@gmail.com,,Lakshadweep,,,,,Heart,,,Yes,,,47,,,Tara Iyer,,,,Grandparent,,+91 7776 800 905,,,,,,,,,,,,,,,,
305,71,F,AB+,,+91 9655 926 161,,user622@gmail.com,,Telangana,,,,,Heart,,,Yes,,,70,,,Veer Gupta,,,,Co-worker,,+91 8322 750 080,,,,,,,,,,,,,,,,
306,73,F,B+,,+91 8656 768 911,,user944@gmail.com,,Chhattisgarh,,,,,Heart,,,Yes,,,50,,,Riya Reddy,,,,Niece/Nephew,,+91 7331 564 684,,,,,,,,,,,,,,,,
307,28,F,A-,,+91 7036 468 366,,user425@gmail.com,,Mizoram,,,,,Heart,,,Yes,,,41,,,Priya Singh,,,,Neighbor,,+91 7412 724 079,,,,,,,,,,,,,,,,
308,38,M,A-,,+91 8967 018 508,,user466@gmail.com,,Sikkim,,,,,Heart,,,No,,,33,,,Mira Kumar,,,,Legal Guardian,,+91 7821 297 976,,,,,,,,,,,,,,,,
309,45,F,A+,,+91 8182 617 885,,user752@gmail.com,,Arunachal Pradesh,,,,,Heart,,,Yes,,,69,,,Anjali Raghavan,,,,Neighbor,,+91 8643 530 135,,,,,,,,,,,,,,,,
310,72,M,A+,,+91 9371 784 839,,user843@gmail.com,,Ladakh,,,,,Heart,,,No,,,32,,,Ritu Patel,,,,Legal Guardian,,+91 7911 501 641,,,,,,,,,,,,,,,,
311,64,F,A+,,+91 9153 418 896,,user476@gmail.com,,Meghalaya,,,,,Heart,,,Yes,,,60,,,Vivan Sharma,,,,Sibling,,+91 8376 363 158,,,,,,,,,,,,,,,,
312,52,F,A-,,+91 8890 663 062,,user621@gmail.com,,Andaman and Nicobar Islands,,,,,Heart,,,No,,,52,,,Nisha Desai,,,,Domestic Partner,,+91 9630 929 470,,,,,,,,,,,,,,,,
313,47,F,A-,,+91 7014 951 826,,user254@gmail.com,,Kerala,,,,,Heart,,,No,,,36,,,Priya Singh,,,,Employer/Employee,,+91 8541 722 797,,,,,,,,,,,,,,,,
314,67,M,A+,,+91 9814 264 847,,user810@gmail.com,,Delhi,,,,,Heart,,,Yes,,,61,,,Mira Patel,,,,Aunt/Uncle,,+91 8330 312 605,,,,,,,,,,,,,,,,
315,54,M,A-,,+91 7158 395 031,,user675@gmail.com,,Puducherry,,,,,Heart,,,Yes,,,45,,,Ravi Khanna,,,,Employer/Employee,,+91 8439 169 283,,,,,,,,,,,,,,,,
316,79,F,O-,,+91 8522 302 868,,user148@gmail.com,,Nagaland,,,,,Heart,,,Yes,,,50,,,Kartik Nair,,,,Grandchild,,+91 8505 612 740,,,,,,,,,,,,,,,,
317,34,M,O-,,+91 8483 253 097,,user394@gmail.com,,Delhi,,,,,Heart,,,No,,,49,,,Natasha Chatterjee,,,,Parent,,+91 8669 497 024,,,,,,,,,,,,,,,,
318,55,F,AB+,,+91 9871 030 195,,user298@gmail.com,,Lakshadweep,,,,,Heart,,,No,,,48,,,Priya Verma,,,,Healthcare Proxy,,+91 8763 776 090,,,,,,,,,,,,,,,,
319,73,F,B+,,+91 7539 501 785,,user215@gmail.com,,Lakshadweep,,,,,Heart,,,No,,,70,,,Varun Reddy,,,,Co-worker,,+91 9351 018 993,,,,,,,,,,,,,,,,
320,49,F,AB+,,+91 7718 829 906,,user721@gmail.com,,Telangana,,,,,Heart,,,Yes,,,70,,,Vivan Sharma,,,,Healthcare Proxy,,+91 9943 844 587,,,,,,,,,,,,,,,,
321,19,M,A-,,+91 7229 595 267,,user999@gmail.com,,Haryana,,,,,Heart,,,No,,,65,,,Raj Khanna,,,,Niece/Nephew,,+91 7561 015 417,,,,,,,,,,,,,,,,
322,31,M,B-,,+91 8258 335 220,,user779@gmail.com,,Assam,,,,,Heart,,,Yes,,,39,,,Karan Sharma,,,,Parent,,+91 7830 565 658,,,,,,,,,,,,,,,,
323,63,F,O+,,+91 7689 173 970,,user960@gmail.com,,Chhattisgarh,,,,,Heart,,,No,,,51,,,Dhruv Chawla,,,,Neighbor,,+91 7820 678 269,,,,,,,,,,,,,,,,
324,77,F,AB+,,+91 8652 803 815,,user637@gmail.com,,Jharkhand,,,,,Heart,,,No,,,63,,,Parth Shah,,,,Cousin,,+91 7220 751 565,,,,,,,,,,,,,,,,
325,35,F,AB-,,+91 9085 760 250,,user540@gmail.com,,Tamil Nadu,,,,,Heart,,,No,,,36,,,Aditya Joshi,,,,Child,,+91 7020 682 127,,,,,,,,,,,,,,,,
326,47,M,A+,,+91 9969 186 610,,user123@gmail.com,,Karnataka,,,,,Heart,,,Yes,,,48,,,Tara Dubey,,,,Caregiver,,+91 8510 047 405,,,,,,,,,,,,,,,,
327,58,F,B+,,+91 7132 883 835,,user961@gmail.com,,Uttar Pradesh,,,,,Heart,,,Yes,,,32,,,Ananya Patel,,,,Employer/Employee,,+91 9591 755 489,,,,,,,,,,,,,,,,
328,45,M,A-,,+91 8040 466 490,,user827@gmail.com,,Gujarat,,,,,Heart,,,No,,,56,,,Karan Agarwal,,,,Partner,,+91 8442 564 936,,,,,,,,,,,,,,,,
329,39,M,A+,,+91 7467 765 147,,user272@gmail.com,,Dadra and Nagar Haveli and Daman and Diu,,,,,Heart,,,No,,,61,,,Priyanka Rao,,,,Cousin,,+91 8409 093 488,,,,,,,,,,,,,,,,
330,26,F,AB+,,+91 7903 632 928,,user660@gmail.com,,Rajasthan,,,,,Heart,,,Yes,,,36,,,Mira Kumar,,,,Roommate,,+91 8776 262 562,,,,,,,,,,,,,,,,
331,35,M,O-,,+91 9930 951 381,,user955@gmail.com,,Tripura,,,,,Heart,,,No,,,51,,,Varun Reddy,,,,Niece/Nephew,,+91 9119 815 700,,,,,,,,,,,,,,,,
332,55,F,A-,,+91 8548 327 522,,user895@gmail.com,,Tamil Nadu,,,,,Heart,,,No,,,57,,,Dev Mehta,,,,Niece/Nephew,,+91 9873 596 507,,,,,,,,,,,,,,,,
333,59,F,AB-,,+91 8874 362 885,,user824@gmail.com,,Uttarakhand,,,,,Heart,,,Yes,,,66,,,Kriti Singhania,,,,Aunt/Uncle,,+91 9971 879 051,,,,,,,,,,,,,,,,
334,65,M,AB-,,+91 7192 937 106,,user116@gmail.com,,Meghalaya,,,,,Heart,,,Yes,,,40,,,Arnav Jain,,,,Child,,+91 8307 156 026,,,,,,,,,,,,,,,,
335,76,F,A+,,+91 8249 631 235,,user616@gmail.com,,Manipur,,,,,Heart,,,Yes,,,52,,,Aarav Gupta,,,,Healthcare Proxy,,+91 7915 061 163,,,,,,,,,,,,,,,,
336,75,F,B+,,+91 8813 206 977,,user166@gmail.com,,Tripura,,,,,Heart,,,No,,,50,,,Yuvraj Patel,,,,Fiancé/Fiancée,,+91 9693 431 087,,,,,,,,,,,,,,,,
337,63,F,A+,,+91 8449 900 559,,user199@gmail.com,,Gujarat,,,,,Heart,,,No,,,41,,,Avani Iyer,,,,Employer/Employee,,+91 8398 659 788,,,,,,,,,,,,,,,,
338,65,F,A-,,+91 8688 037 107,,user807@gmail.com,,Goa,,,,,Heart,,,No,,,48,,,Shruti Reddy,,,,Sibling,,+91 9897 767 053,,,,,,,,,,,,,,,,
339,54,F,AB-,,+91 7974 964 737,,user959@gmail.com,,Madhya Pradesh,,,,,Heart,,,No,,,30,,,Ananya Agarwal,,,,Friend,,+91 9966 009 135,,,,,,,,,,,,,,,,
340,57,F,O+,,+91 7609 035 731,,user157@gmail.com,,Delhi,,,,,Heart,,,No,,,33,,,Tara Iyer,,,,Domestic Partner,,+91 9697 762 137,,,,,,,,,,,,,,,,
341,59,M,O-,,+91 9797 458 250,,user575@gmail.com,,Puducherry,,,,,Heart,,,No,,,55,,,Kabir Mehra,,,,Niece/Nephew,,+91 9107 629 348,,,,,,,,,,,,,,,,
342,58,M,O+,,+91 8383 217 119,,user486@gmail.com,,Chandigarh,,,,,Heart,,,Yes,,,37,,,Ananya Patel,,,,Legal Guardian,,+91 8999 780 837,,,,,,,,,,,,,,,,
343,49,M,A+,,+91 9413 812 262,,user615@gmail.com,,Punjab,,,,,Heart,,,No,,,65,,,Rohit Khan,,,,Legal Guardian,,+91 7728 758 429,,,,,,,,,,,,,,,,
344,57,F,B-,,+91 9417 126 230,,user847@gmail.com,,Madhya Pradesh,,,,,Heart,,,No,,,65,,,Arjun Mehra,,,,Legal Guardian,,+91 8886 646 120,,,,,,,,,,,,,,,,
345,27,M,B-,,+91 8298 276 452,,user131@gmail.com,,Puducherry,,,,,Heart,,,Yes,,,53,,,Parth Singh,,,,Fiancé/Fiancée,,+91 9808 603 363,,,,,,,,,,,,,,,,
346,78,M,AB-,,+91 9272 851 531,,user857@gmail.com,,Lakshadweep,,,,,Heart,,,No,,,70,,,Armaan Sharma,,,,Neighbor,,+91 7270 779 620,,,,,,,,,,,,,,,,
347,49,M,AB-,,+91 9571 274 982,,user254@gmail.com,,Uttarakhand,,,,,Heart,,,Yes,,,42,,,Riya Agarwal,,,,Grandchild,,+91 9828 352 447,,,,,,,,,,,,,,,,
348,42,F,B+,,+91 9787 696 875,,user504@gmail.com,,Kerala,,,,,Heart,,,No,,,30,,,Mira Kumar,,,,Spouse,,+91 7308 792 576,,,,,,,,,,,,,,,,
349,24,F,B+,,+91 7004 782 567,,user984@gmail.com,,Delhi,,,,,Heart,,,Yes,,,34,,,Riya Joshi,,,,Neighbor,,+91 9501 599 701,,,,,,,,,,,,,,,,
350,39,F,A-,,+91 9993 025 882,,user759@gmail.com,,Goa,,,,,Heart,,,No,,,39,,,Shreya Banerjee,,,,Spouse,,+91 9567 167 318,,,,,,,,,,,,,,,,
351,75,M,AB+,,+91 8927 139 878,,user871@gmail.com,,Karnataka,,,,,Heart,,,Yes,,,55,,,Vikram Kapoor,,,,Domestic Partner,,+91 9807 440 053,,,,,,,,,,,,,,,,
352,18,M,AB-,,+91 8522 411 718,,user728@gmail.com,,Karnataka,,,,,Heart,,,No,,,70,,,Soham Desai,,,,Legal Guardian,,+91 7328 164 355,,,,,,,,,,,,,,,,
353,54,M,AB+,,+91 8532 047 854,,user293@gmail.com,,Rajasthan,,,,,Heart,,,No,,,36,,,Ananya Patel,,,,Niece/Nephew,,+91 7062 160 929,,,,,,,,,,,,,,,,
354,48,F,O+,,+91 9049 289 704,,user648@gmail.com,,West Bengal,,,,,Heart,,,Yes,,,48,,,Alisha Mehra,,,,Healthcare Proxy,,+91 9660 374 448,,,,,,,,,,,,,,,,
355,71,M,B+,,+91 8510 796 968,,user454@gmail.com,,West Bengal,,,,,Heart,,,Yes,,,35,,,Shreya Sharma,,,,Co-worker,,+91 7249 464 791,,,,,,,,,,,,,,,,
356,70,M,O+,,+91 9813 681 501,,user268@gmail.com,,Meghalaya,,,,,Heart,,,No,,,66,,,Kiara Patel,,,,Fiancé/Fiancée,,+91 9102 789 946,,,,,,,,,,,,,,,,
357,26,M,B+,,+91 7766 836 273,,user891@gmail.com,,Sikkim,,,,,Heart,,,No,,,39,,,Riya Banerjee,,,,Legal Guardian,,+91 7059 703 125,,,,,,,,,,,,,,,,
358,36,F,O+,,+91 9673 673 769,,user303@gmail.com,,Haryana,,,,,Heart,,,No,,,49,,,Yuvraj Agarwal,,,,Niece/Nephew,,+91 7353 412 462,,,,,,,,,,,,,,,,
359,46,F,B-,,+91 9374 799 030,,user241@gmail.com,,Lakshadweep,,,,,Heart,,,Yes,,,42,,,Shreya Kapoor,,,,Aunt/Uncle,,+91 9380 659 034,,,,,,,,,,,,,,,,
360,50,M,O+,,+91 7489 338 142,,user596@gmail.com,,Telangana,,,,,Heart,,,Yes,,,47,,,Rohit Kumar,,,,Domestic Partner,,+91 9159 822 600,,,,,,,,,,,,,,,,
361,62,M,O-,,+91 8992 893 435,,user393@gmail.com,,Haryana,,,,,Heart,,,No,,,60,,,Meera Shah,,,,Caregiver,,+91 7799 161 677,,,,,,,,,,,,,,,,
362,67,F,A+,,+91 7861 832 788,,user447@gmail.com,,Jharkhand,,,,,Heart,,,No,,,50,,,Aarav Chatterjee,,,,Neighbor,,+91 7978 701 361,,,,,,,,,,,,,,,,
363,66,F,A+,,+91 8807 995 518,,user567@gmail.com,,Bihar,,,,,Heart,,,Yes,,,57,,,Rohan Kumar,,,,Partner,,+91 7887 006 275,,,,,,,,,,,,,,,,
364,36,F,B-,,+91 9154 757 725,,user295@gmail.com,,Uttar Pradesh,,,,,Heart,,,Yes,,,58,,,Divya Chawla,,,,Neighbor,,+91 7020 137 744,,,,,,,,,,,,,,,,
365,58,M,AB+,,+91 8331 861 161,,user561@gmail.com,,Sikkim,,,,,Heart,,,Yes,,,70,,,Armaan Rana,,,,Child,,+91 7693 088 485,,,,,,,,,,,,,,,,
366,47,F,O+,,+91 8673 875 595,,user616@gmail.com,,Jharkhand,,,,,Heart,,,No,,,70,,,Riya Reddy,,,,Roommate,,+91 8709 117 943,,,,,,,,,,,,,,,,
367,18,M,AB+,,+91 7534 978 642,,user479@gmail.com,,Uttar Pradesh,,,,,Heart,,,No,,,51,,,Soham Desai,,,,Neighbor,,+91 8938 647 599,,,,,,,,,,,,,,,,
368,66,M,AB+,,+91 7379 456 439,,user906@gmail.com,,Assam,,,,,Heart,,,No,,,46,,,Ishita Iyer,,,,Legal Guardian,,+91 9492 069 851,,,,,,,,,,,,,,,,
369,72,M,O-,,+91 9103 173 238,,user833@gmail.com,,Madhya Pradesh,,,,,Heart,,,Yes,,,66,,,Alisha Iyer,,,,Neighbor,,+91 9268 488 353,,,,,,,,,,,,,,,,
370,65,F,B+,,+91 7172 470 458,,user655@gmail.com,,Puducherry,,,,,Heart,,,Yes,,,47,,,Ishita Bhatt,,,,Legal Guardian,,+91 8509 914 802,,,,,,,,,,,,,,,,
371,20,M,B+,,+91 8096 147 216,,user411@gmail.com,,Lakshadweep,,,,,Heart,,,Yes,,,69,,,Alisha Iyer,,,,Grandchild,,+91 7048 068 619,,,,,,,,,,,,,,,,
372,31,F,AB+,,+91 7094 414 511,,user742@gmail.com,,Haryana,,,,,Heart,,,No,,,34,,,Anjali Patel,,,,Partner,,+91 8857 150 265,,,,,,,,,,,,,,,,
373,54,M,B-,,+91 7241 420 667,,user326@gmail.com,,Chandigarh,,,,,Heart,,,Yes,,,35,,,Vikrant Kumar,,,,Niece/Nephew,,+91 8876 626 267,,,,,,,,,,,,,,,,
374,80,F,AB+,,+91 8692 198 728,,user369@gmail.com,,Nagaland,,,,,Heart,,,No,,,49,,,Vivan Nair,,,,Partner,,+91 7995 157 380,,,,,,,,,,,,,,,,
375,60,M,B-,,+91 7240 303 189,,user751@gmail.com,,Odisha,,,,,Heart,,,No,,,31,,,Sameer Varma,,,,Domestic Partner,,+91 8700 479 003,,,,,,,,,,,,,,,,
376,20,F,B-,,+91 7350 797 107,,user392@gmail.com,,Manipur,,,,,Heart,,,Yes,,,67,,,Raj Mehta,,,,Neighbor,,+91 8664 522 716,,,,,,,,,,,,,,,,
377,43,M,A-,,+91 9002 220 415,,user176@gmail.com,,Uttarakhand,,,,,Heart,,,Yes,,,44,,,Arnav Jain,,,,Neighbor,,+91 8961 481 913,,,,,,,,,,,,,,,,
378,30,M,A-,,+91 9658 906 639,,user686@gmail.com,,Punjab,,,,,Heart,,,Yes,,,65,,,Ravi Mehta,,,,Child,,+91 9634 955 872,,,,,,,,,,,,,,,,
379,37,F,AB+,,+91 9306 166 965,,user189@gmail.com,,Madhya Pradesh,,,,,Heart,,,No,,,35,,,Shreya Kapoor,,,,Roommate,,+91 9993 792 881,,,,,,,,,,,,,,,,
380,62,F,B-,,+91 8445 980 603,,user652@gmail.com,,Andhra Pradesh,,,,,Heart,,,No,,,59,,,Vikrant Kapoor,,,,Niece/Nephew,,+91 7230 527 980,,,,,,,,,,,,,,,,
381,30,F,AB-,,+91 8037 435 306,,user551@gmail.com,,Andaman and Nicobar Islands,,,,,Heart,,,Yes,,,69,,,Sanjana Chatterjee,,,,Fiancé/Fiancée,,+91 8225 845 951,,,,,,,,,,,,,,,,
382,34,F,A-,,+91 8858 385 807,,user277@gmail.com,,Tripura,,,,,Heart,,,No,,,62,,,Ananya Patel,,,,Cousin,,+91 7097 530 940,,,,,,,,,,,,,,,,
383,56,F,A-,,+91 9680 550 122,,user839@gmail.com,,Delhi,,,,,Heart,,,Yes,,,42,,,Raj Sharma,,,,Roommate,,+91 8452 373 317,,,,,,,,,,,,,,,,
384,75,M,A-,,+91 8096 995 190,,user286@gmail.com,,West Bengal,,,,,Heart,,,Yes,,,31,,,Natasha Chatterjee,,,,Caregiver,,+91 9779 966 639,,,,,,,,,,,,,,,,
385,19,M,AB+,,+91 8062 797 835,,user223@gmail.com,,Lakshadweep,,,,,Heart,,,Yes,,,64,,,Dhruv Kapoor,,,,Legal Guardian,,+91 7398 099 652,,,,,,,,,,,,,,,,
386,64,F,A-,,+91 8086 967 612,,user278@gmail.com,,Meghalaya,,,,,Heart,,,No,,,41,,,Shreya Menon,,,,Friend,,+91 9442 439 597,,,,,,,,,,,,,,,,
387,54,F,A-,,+91 8803 743 762,,user704@gmail.com,,Puducherry,,,,,Heart,,,No,,,62,,,Raghav Reddy,,,,Parent,,+91 9535 243 145,,,,,,,,,,,,,,,,
388,67,F,AB-,,+91 9363 062 442,,user680@gmail.com,,Telangana,,,,,Heart,,,Yes,,,65,,,Nisha Patel,,,,Neighbor,,+91 8169 480 012,,,,,,,,,,,,,,,,
389,49,F,AB+,,+91 9238 130 122,,user571@gmail.com,,Karnataka,,,,,Heart,,,No,,,41,,,Devraj Patel,,,,Co-worker,,+91 8836 825 978,,,,,,,,,,,,,,,,
390,77,M,O+,,+91 8403 383 047,,user379@gmail.com,,Bihar,,,,,Heart,,,Yes,,,50,,,Anjali Khan,,,,Employer/Employee,,+91 7984 692 704,,,,,,,,,,,,,,,,
391,22,F,AB-,,+91 7420 249 865,,user262@gmail.com,,Telangana,,,,,Heart,,,No,,,53,,,Yuvraj Patel,,,,Grandchild,,+91 7317 761 563,,,,,,,,,,,,,,,,
392,41,F,AB+,,+91 9748 174 117,,user120@gmail.com,,Nagaland,,,,,Heart,,,Yes,,,57,,,Dhruv Patel,,,,Employer/Employee,,+91 9723 262 878,,,,,,,,,,,,,,,,
393,58,M,O+,,+91 7436 343 288,,user533@gmail.com,,Chandigarh,,,,,Heart,,,Yes,,,64,,,Avani Singh,,,,Grandparent,,+91 7319 815 940,,,,,,,,,,,,,,,,
394,31,F,A-,,+91 7172 046 514,,user719@gmail.com,,Puducherry,,,,,Heart,,,Yes,,,40,,,Amaya Chawla,,,,Legal Guardian,,+91 8541 745 393,,,,,,,,,,,,,,,,
395,64,M,O-,,+91 9194 951 813,,user388@gmail.com,,Ladakh,,,,,Heart,,,Yes,,,44,,,Ritu Dubey,,,,Caregiver,,+91 9618 681 393,,,,,,,,,,,,,,,,
396,30,M,B-,,+91 8043 790 361,,user796@gmail.com,,Karnataka,,,,,Heart,,,Yes,,,64,,,Pooja Choudhury,,,,Neighbor,,+91 9788 358 859,,,,,,,,,,,,,,,,
397,56,F,O-,,+91 8257 854 731,,user260@gmail.com,,Uttar Pradesh,,,,,Heart,,,Yes,,,51,,,Mira Iyer,,,,Healthcare Proxy,,+91 7761 079 329,,,,,,,,,,,,,,,,
398,47,F,B-,,+91 8970 116 786,,user142@gmail.com,,Jharkhand,,,,,Heart,,,No,,,61,,,Siddharth Kumar,,,,Roommate,,+91 8185 400 825,,,,,,,,,,,,,,,,
399,28,M,B+,,+91 9390 787 529,,user643@gmail.com,,Chhattisgarh,,,,,Heart,,,No,,,68,,,Siddharth Kumar,,,,Spouse,,+91 8160 747 327,,,,,,,,,,,,,,,,
400,58,M,B-,,+91 7746 637 089,,user989@gmail.com,,Uttarakhand,,,,,Heart,,,No,,,36,,,Divya Chawla,,,,Domestic Partner,,+91 7029 644 829,,,,,,,,,,,,,,,,
401,24,M,A+,,+91 8588 133 924,,user363@gmail.com,,Assam,,,,,Heart,,,No,,,49,,,Sameer Agarwal,,,,Legal Guardian,,+91 8336 186 541,,,,,,,,,,,,,,,,
402,46,M,O-,,+91 8036 833 761,,user945@gmail.com,,Goa,,,,,Heart,,,Yes,,,52,,,Shruti Reddy,,,,Niece/Nephew,,+91 7017 194 279,,,,,,,,,,,,,,,,
403,65,M,AB+,,+91 8424 559 619,,user352@gmail.com,,Arunachal Pradesh,,,,,Heart,,,No,,,69,,,Devraj Sharma,,,,Aunt/Uncle,,+91 9023 669 203,,,,,,,,,,,,,,,,
404,41,M,O-,,+91 7484 378 362,,user751@gmail.com,,Chhattisgarh,,,,,Heart,,,No,,,56,,,Riya Nair,,,,Child,,+91 9249 642 467,,,,,,,,,,,,,,,,
405,74,M,B+,,+91 7439 032 584,,user536@gmail.com,,Nagaland,,,,,Heart,,,Yes,,,48,,,Arjun Mehra,,,,Legal Guardian,,+91 8124 214 336,,,,,,,,,,,,,,,,
406,70,M,O+,,+91 8159 475 379,,user325@gmail.com,,Nagaland,,,,,Heart,,,No,,,44,,,Vikrant Kapoor,,,,Partner,,+91 8629 737 335,,,,,,,,,,,,,,,,
407,39,F,O-,,+91 9334 109 913,,user857@gmail.com,,Mizoram,,,,,Heart,,,Yes,,,51,,,Arvind Shah,,,,Caregiver,,+91 7866 807 031,,,,,,,,,,,,,,,,
408,79,M,B+,,+91 7895 862 891,,user815@gmail.com,,Arunachal Pradesh,,,,,Heart,,,No,,,64,,,Rahul Sharma,,,,Roommate,,+91 7451 861 482,,,,,,,,,,,,,,,,
409,26,M,AB+,,+91 7380 750 038,,user119@gmail.com,,Uttarakhand,,,,,Heart,,,Yes,,,55,,,Neha Dubey,,,,Niece/Nephew,,+91 9568 242 148,,,,,,,,,,,,,,,,
410,22,M,B-,,+91 7234 827 687,,user892@gmail.com,,Rajasthan,,,,,Heart,,,Yes,,,54,,,Kabir Shah,,,,Grandparent,,+91 8296 410 140,,,,,,,,,,,,,,,,
411,27,M,AB+,,+91 7681 330 402,,user545@gmail.com,,Arunachal Pradesh,,,,,Heart,,,No,,,52,,,Shreya Banerjee,,,,Friend,,+91 8820 508 542,,,,,,,,,,,,,,,,
412,36,F,O+,,+91 7561 983 328,,user743@gmail.com,,Tamil Nadu,,,,,Heart,,,No,,,70,,,Sameer Patel,,,,Grandchild,,+91 7880 846 866,,,,,,,,,,,,,,,,
413,51,F,A-,,+91 7546 330 472,,user533@gmail.com,,Goa,,,,,Heart,,,No,,,70,,,Mira Agarwal,,,,Healthcare Proxy,,+91 8247 552 985,,,,,,,,,,,,,,,,
414,38,M,B-,,+91 9162 770 003,,user527@gmail.com,,Andaman and Nicobar Islands,,,,,Heart,,,Yes,,,39,,,Dhruv Chawla,,,,Fiancé/Fiancée,,+91 9257 205 285,,,,,,,,,,,,,,,,
415,63,F,A+,,+91 8775 192 252,,user331@gmail.com,,Telangana,,,,,Heart,,,No,,,34,,,Kabir Shah,,,,Aunt/Uncle,,+91 9831 314 203,,,,,,,,,,,,,,,,
416,19,M,A-,,+91 7673 300 800,,user732@gmail.com,,Punjab,,,,,Heart,,,No,,,60,,,Tara Iyer,,,,Friend,,+91 7865 178 643,,,,,,,,,,,,,,,,
417,60,M,AB+,,+91 7608 540 522,,user514@gmail.com,,Puducherry,,,,,Heart,,,Yes,,,36,,,Ishita Patel,,,,Sibling,,+91 8267 892 609,,,,,,,,,,,,,,,,
418,28,F,B+,,+91 8714 192 138,,user716@gmail.com,,Goa,,,,,Heart,,,Yes,,,49,,,Vikrant Kumar,,,,Roommate,,+91 9577 566 268,,,,,,,,,,,,,,,,
419,74,M,AB-,,+91 8508 485 531,,user656@gmail.com,,Nagaland,,,,,Heart,,,Yes,,,40,,,Yuvraj Chatterjee,,,,Neighbor,,+91 8369 789 524,,,,,,,,,,,,,,,,
420,80,F,O-,,+91 7512 961 903,,user765@gmail.com,,Tripura,,,,,Heart,,,No,,,50,,,Rajiv Mehra,,,,Healthcare Proxy,,+91 9558 734 790,,,,,,,,,,,,,,,,
421,44,M,A-,,+91 7706 406 737,,user584@gmail.com,,Punjab,,,,,Heart,,,No,,,67,,,Aditya Joshi,,,,Co-worker,,+91 7475 816 074,,,,,,,,,,,,,,,,
422,45,F,B+,,+91 8650 667 746,,user685@gmail.com,,Jharkhand,,,,,Heart,,,No,,,52,,,Raghav Chatterjee,,,,Domestic Partner,,+91 7718 899 323,,,,,,,,,,,,,,,,
423,55,F,AB+,,+91 8535 950 343,,user756@gmail.com,,Tripura,,,,,Heart,,,Yes,,,32,,,Aaradhya Malhotra,,,,Grandchild,,+91 9272 581 290,,,,,,,,,,,,,,,,
424,73,F,O+,,+91 9307 704 955,,user396@gmail.com,,Delhi,,,,,Heart,,,Yes,,,59,,,Parth Mehra,,,,Friend,,+91 7479 452 362,,,,,,,,,,,,,,,,
425,31,F,O-,,+91 8930 792 165,,user351@gmail.com,,Gujarat,,,,,Heart,,,No,,,30,,,Anika Khanna,,,,Legal Guardian,,+91 9092 896 550,,,,,,,,,,,,,,,,
426,30,F,AB-,,+91 9623 259 901,,user834@gmail.com,,Gujarat,,,,,Heart,,,Yes,,,61,,,Kabir Shah,,,,Spouse,,+91 8893 039 331,,,,,,,,,,,,,,,,
427,53,M,B+,,+91 9024 658 697,,user919@gmail.com,,Tripura,,,,,Heart,,,No,,,56,,,Priya Verma,,,,Spouse,,+91 8886 209 117,,,,,,,,,,,,,,,,
428,31,F,A-,,+91 9360 454 823,,user289@gmail.com,,Delhi,,,,,Heart,,,Yes,,,64,,,Rohit Chawla,,,,Neighbor,,+91 9203 598 845,,,,,,,,,,,,,,,,
429,18,M,AB-,,+91 9598 871 631,,user630@gmail.com,,Ladakh,,,,,Heart,,,No,,,59,,,Parth Mehra,,,,Roommate,,+91 9807 842 262,,,,,,,,,,,,,,,,
430,25,F,AB-,,+91 8671 197 672,,user423@gmail.com,,Haryana,,,,,Heart,,,Yes,,,57,,,Anjali Patel,,,,Grandparent,,+91 8183 233 912,,,,,,,,,,,,,,,,
431,29,M,AB-,,+91 7240 419 824,,user606@gmail.com,,Karnataka,,,,,Heart,,,No,,,63,,,Karan Agarwal,,,,Grandparent,,+91 7405 139 544,,,,,,,,,,,,,,,,
432,75,F,O-,,+91 9689 602 314,,user691@gmail.com,,Dadra and Nagar Haveli and Daman and Diu,,,,,Heart,,,Yes,,,48,,,Riya Reddy,,,,Healthcare Proxy,,+91 8197 248 031,,,,,,,,,,,,,,,,
433,27,F,B-,,+91 9624 154 340,,user198@gmail.com,,Bihar,,,,,Heart,,,No,,,65,,,Dhruv Chawla,,,,Aunt/Uncle,,+91 7340 498 688,,,,,,,,,,,,,,,,
434,41,F,AB-,,+91 8579 202 830,,user435@gmail.com,,Himachal Pradesh,,,,,Heart,,,Yes,,,46,,,Ananya Joshi,,,,Grandchild,,+91 8851 806 321,,,,,,,,,,,,,,,,
435,22,F,A-,,+91 7334 484 399,,user765@gmail.com,,Tamil Nadu,,,,,Heart,,,Yes,,,48,,,Avani Choudhury,,,,Roommate,,+91 8496 103 436,,,,,,,,,,,,,,,,
436,56,F,B+,,+91 8557 271 940,,user956@gmail.com,,Andhra Pradesh,,,,,Heart,,,Yes,,,68,,,Sameer Gupta,,,,Partner,,+91 8625 887 101,,,,,,,,,,,,,,,,
437,54,M,B-,,+91 7190 133 260,,user680@gmail.com,,Sikkim,,,,,Heart,,,No,,,50,,,Anushka Patel,,,,Parent,,+91 8943 749 791,,,,,,,,,,,,,,,,
438,67,M,AB+,,+91 7682 999 957,,user509@gmail.com,,Uttarakhand,,,,,Heart,,,Yes,,,53,,,Kartik Nair,,,,Grandchild,,+91 8237 997 673,,,,,,,,,,,,,,,,
439,37,F,O+,,+91 9598 046 715,,user472@gmail.com,,Assam,,,,,Heart,,,Yes,,,43,,,Pooja Choudhury,,,,Neighbor,,+91 8722 727 964,,,,,,,,,,,,,,,,
440,33,F,O-,,+91 8513 827 486,,user208@gmail.com,,West Bengal,,,,,Heart,,,No,,,36,,,Anushka Patel,,,,Spouse,,+91 7084 716 596,,,,,,,,,,,,,,,,
441,28,F,A+,,+91 8822 872 223,,user339@gmail.com,,Sikkim,,,,,Heart,,,No,,,31,,,Ananya Joshi,,,,Legal Guardian,,+91 8814 276 658,,,,,,,,,,,,,,,,
442,57,F,B-,,+91 7547 405 234,,user246@gmail.com,,Punjab,,,,,Heart,,,No,,,61,,,Aryan Das,,,,Co-worker,,+91 7746 941 536,,,,,,,,,,,,,,,,
443,29,F,AB+,,+91 9290 170 257,,user722@gmail.com,,Tripura,,,,,Heart,,,Yes,,,64,,,Aarav Rao,,,,Legal Guardian,,+91 9274 848 546,,,,,,,,,,,,,,,,
444,38,M,AB-,,+91 7424 872 517,,user965@gmail.com,,Dadra and Nagar Haveli and Daman and Diu,,,,,Heart,,,Yes,,,41,,,Arvind Nair,,,,Employer/Employee,,+91 9228 204 972,,,,,,,,,,,,,,,,
445,42,M,O+,,+91 7178 495 341,,user111@gmail.com,,Assam,,,,,Heart,,,No,,,58,,,Rohan Kumar,,,,Healthcare Proxy,,+91 8414 740 959,,,,,,,,,,,,,,,,
446,52,F,AB+,,+91 8420 219 145,,user758@gmail.com,,Jharkhand,,,,,Heart,,,Yes,,,66,,,Armaan Menon,,,,Parent,,+91 8183 424 843,,,,,,,,,,,,,,,,
447,43,F,O+,,+91 8965 341 441,,user270@gmail.com,,Sikkim,,,,,Heart,,,No,,,46,,,Priyanka Choudhury,,,,Partner,,+91 9982 911 411,,,,,,,,,,,,,,,,
448,40,M,B-,,+91 9848 010 271,,user689@gmail.com,,Meghalaya,,,,,Heart,,,No,,,65,,,Aaradhya Menon,,,,Spouse,,+91 8072 455 543,,,,,,,,,,,,,,,,
449,69,M,A+,,+91 7834 001 473,,user332@gmail.com,,Puducherry,,,,,Heart,,,Yes,,,60,,,Nisha Mehra,,,,Fiancé/Fiancée,,+91 7627 735 126,,,,,,,,,,,,,,,,
450,30,F,O+,,+91 7933 561 609,,user385@gmail.com,,Uttarakhand,,,,,Heart,,,Yes,,,47,,,Kabir Sharma,,,,Child,,+91 8817 553 666,,,,,,,,,,,,,,,,
451,39,F,O-,,+91 9162 451 160,,user342@gmail.com,,West Bengal,,,,,Heart,,,No,,,50,,,Devraj Patel,,,,Partner,,+91 9663 303 866,,,,,,,,,,,,,,,,
452,48,M,O+,,+91 7459 451 191,,user593@gmail.com,,Chhattisgarh,,,,,Heart,,,No,,,64,,,Esha Chatterjee,,,,Cousin,,+91 9912 303 228,,,,,,,,,,,,,,,,
453,37,F,O+,,+91 9383 049 763,,user985@gmail.com,,Maharashtra,,,,,Heart,,,Yes,,,50,,,Aisha Dube,,,,Employer/Employee,,+91 9534 349 054,,,,,,,,,,,,,,,,
454,23,M,O+,,+91 9417 398 419,,user418@gmail.com,,Chandigarh,,,,,Heart,,,Yes,,,57,,,Karan Agarwal,,,,Partner,,+91 8345 876 740,,,,,,,,,,,,,,,,
455,67,F,O+,,+91 8928 300 846,,user311@gmail.com,,Goa,,,,,Heart,,,No,,,58,,,Aryan Chatterjee,,,,Employer/Employee,,+91 8984 695 775,,,,,,,,,,,,,,,,
456,28,M,B+,,+91 9883 617 488,,user527@gmail.com,,Arunachal Pradesh,,,,,Heart,,,Yes,,,69,,,Yash Singh,,,,Employer/Employee,,+91 9980 438 224,,,,,,,,,,,,,,,,
457,31,M,A-,,+91 7331 743 691,,user249@gmail.com,,Dadra and Nagar Haveli and Daman and Diu,,,,,Heart,,,No,,,50,,,Avani Choudhury,,,,Child,,+91 8956 368 594,,,,,,,,,,,,,,,,
458,51,F,O+,,+91 7756 132 542,,user435@gmail.com,,Punjab,,,,,Heart,,,Yes,,,70,,,Alisha Mehra,,,,Sibling,,+91 7491 933 874,,,,,,,,,,,,,,,,
459,55,M,B+,,+91 7761 087 065,,user330@gmail.com,,Andaman and Nicobar Islands,,,,,Heart,,,Yes,,,50,,,Priya Verma,,,,Cousin,,+91 7463 612 400,,,,,,,,,,,,,,,,
460,68,F,AB+,,+91 7907 855 987,,user296@gmail.com,,Rajasthan,,,,,Heart,,,No,,,50,,,Nisha Desai,,,,Partner,,+91 8368 110 120,,,,,,,,,,,,,,,,
461,73,F,AB-,,+91 7749 332 370,,user803@gmail.com,,Assam,,,,,Heart,,,No,,,45,,,Siddharth Kumar,,,,Cousin,,+91 7048 442 888,,,,,,,,,,,,,,,,
462,49,F,A-,,+91 7758 299 256,,user144@gmail.com,,Meghalaya,,,,,Heart,,,Yes,,,62,,,Sameer Gupta,,,,Domestic Partner,,+91 7973 079 262,,,,,,,,,,,,,,,,
463,54,M,A-,,+91 9785 443 737,,user134@gmail.com,,Sikkim,,,,,Heart,,,Yes,,,59,,,Pranav Banerjee,,,,Aunt/Uncle,,+91 8252 519 312,,,,,,,,,,,,,,,,
464,65,F,A-,,+91 7078 813 577,,user459@gmail.com,,Haryana,,,,,Heart,,,No,,,35,,,Aarav Rao,,,,Parent,,+91 8482 323 454,,,,,,,,,,,,,,,,
465,65,M,B-,,+91 8383 228 273,,user237@gmail.com,,Puducherry,,,,,Heart,,,Yes,,,37,,,Ritu Patel,,,,Sibling,,+91 9950 164 132,,,,,,,,,,,,,,,,
466,39,F,AB+,,+91 8368 627 120,,user967@gmail.com,,Uttar Pradesh,,,,,Heart,,,Yes,,,32,,,Vikrant Dubey,,,,Fiancé/Fiancée,,+91 7541 926 416,,,,,,,,,,,,,,,,
467,31,F,O+,,+91 8996 825 188,,user401@gmail.com,,Lakshadweep,,,,,Heart,,,Yes,,,31,,,Shruti Reddy,,,,Sibling,,+91 9921 896 660,,,,,,,,,,,,,,,,
468,75,F,AB+,,+91 7704 486 139,,user527@gmail.com,,Goa,,,,,Heart,,,Yes,,,35,,,Ravi Rana,,,,Aunt/Uncle,,+91 7524 365 255,,,,,,,,,,,,,,,,
469,41,F,A-,,+91 9380 340 595,,user620@gmail.com,,Karnataka,,,,,Heart,,,No,,,61,,,Ayesha Sharma,,,,Cousin,,+91 9970 423 584,,,,,,,,,,,,,,,,
470,20,F,AB-,,+91 8812 256 328,,user165@gmail.com,,Punjab,,,,,Heart,,,Yes,,,31,,,Aisha Dube,,,,Fiancé/Fiancée,,+91 8172 880 956,,,,,,,,,,,,,,,,
471,25,F,A+,,+91 8047 046 331,,user155@gmail.com,,Andhra Pradesh,,,,,Heart,,,No,,,62,,,Kiara Jain,,,,Sibling,,+91 7982 992 699,,,,,,,,,,,,,,,,
472,21,M,AB-,,+91 7513 531 212,,user935@gmail.com,,Delhi,,,,,Heart,,,No,,,32,,,Shreya Dubey,,,,Legal Guardian,,+91 8073 702 134,,,,,,,,,,,,,,,,
473,53,F,AB-,,+91 8165 514 304,,user199@gmail.com,,Delhi,,,,,Heart,,,No,,,34,,,Ayesha Singh,,,,Grandchild,,+91 8571 029 468,,,,,,,,,,,,,,,,
474,49,M,B+,,+91 9315 055 565,,user236@gmail.com,,Sikkim,,,,,Heart,,,Yes,,,41,,,Rohan Kumar,,,,Grandchild,,+91 8604 913 273,,,,,,,,,,,,,,,,
475,18,M,O-,,+91 9279 659 049,,user174@gmail.com,,Ladakh,,,,,Heart,,,Yes,,,58,,,Yuvraj Agarwal,,,,Parent,,+91 9455 980 428,,,,,,,,,,,,,,,,
476,19,M,AB-,,+91 7358 138 136,,user812@gmail.com,,Chhattisgarh,,,,,Heart,,,No,,,49,,,Avani Choudhury,,,,Sibling,,+91 8062 853 426,,,,,,,,,,,,,,,,
477,50,M,A+,,+91 8551 954 402,,user498@gmail.com,,Madhya Pradesh,,,,,Heart,,,No,,,49,,,Raj Sharma,,,,Caregiver,,+91 9899 161 725,,,,,,,,,,,,,,,,
478,74,M,A-,,+91 7966 461 344,,user701@gmail.com,,Dadra and Nagar Haveli and Daman and Diu,,,,,Heart,,,Yes,,,68,,,Kavya Joshi,,,,Legal Guardian,,+91 8648 388 934,,,,,,,,,,,,,,,,
479,56,M,AB-,,+91 9758 980 767,,user951@gmail.com,,Bihar,,,,,Heart,,,Yes,,,30,,,Priya Mehra,,,,Spouse,,+91 8627 465 969,,,,,,,,,,,,,,,,
480,58,F,A-,,+91 8553 032 738,,user151@gmail.com,,Assam,,,,,Heart,,,Yes,,,46,,,Devraj Patel,,,,Partner,,+91 8653 388 475,,,,,,,,,,,,,,,,
481,30,M,A+,,+91 7824 016 456,,user945@gmail.com,,West Bengal,,,,,Heart,,,Yes,,,69,,,Sameer Agarwal,,,,Domestic Partner,,+91 7668 149 087,,,,,,,,,,,,,,,,
482,61,F,B+,,+91 8354 246 946,,user715@gmail.com,,Delhi,,,,,Heart,,,Yes,,,60,,,Ananya Agarwal,,,,Grandchild,,+91 7672 085 084,,,,,,,,,,,,,,,,
483,50,M,A-,,+91 8292 920 500,,user889@gmail.com,,Ladakh,,,,,Heart,,,No,,,38,,,Sneha Varma,,,,Friend,,+91 8946 774 644,,,,,,,,,,,,,,,,
484,53,M,AB+,,+91 8414 198 195,,user788@gmail.com,,Manipur,,,,,Heart,,,Yes,,,66,,,Kavya Reddy,,,,Employer/Employee,,+91 8576 401 249,,,,,,,,,,,,,,,,
485,34,F,O-,,+91 7335 897 812,,user277@gmail.com,,Goa,,,,,Heart,,,No,,,33,,,Anushka Patel,,,,Cousin,,+91 9985 483 385,,,,,,,,,,,,,,,,
486,65,F,A-,,+91 7546 833 068,,user779@gmail.com,,Ladakh,,,,,Heart,,,Yes,,,60,,,Nisha Singh,,,,Child,,+91 7753 860 779,,,,,,,,,,,,,,,,
487,33,F,O+,,+91 7149 567 393,,user673@gmail.com,,Himachal Pradesh,,,,,Heart,,,Yes,,,31,,,Meera Sharma,,,,Aunt/Uncle,,+91 7664 491 362,,,,,,,,,,,,,,,,
488,76,F,A-,,+91 8609 180 226,,user570@gmail.com,,Bihar,,,,,Heart,,,Yes,,,60,,,Devraj Mehra,,,,Employer/Employee,,+91 7735 639 654,,,,,,,,,,,,,,,,
489,61,M,AB+,,+91 9939 359 071,,user126@gmail.com,,Tamil Nadu,,,,,Heart,,,Yes,,,62,,,Mira Agarwal,,,,Friend,,+91 9780 706 630,,,,,,,,,,,,,,,,
490,76,F,O+,,+91 9010 048 948,,user298@gmail.com,,Puducherry,,,,,Heart,,,Yes,,,47,,,Neha Chatterjee,,,,Niece/Nephew,,+91 8983 455 620,,,,,,,,,,,,,,,,
491,51,F,B-,,+91 7843 693 053,,user521@gmail.com,,Arunachal Pradesh,,,,,Heart,,,Yes,,,56,,,Armaan Menon,,,,Cousin,,+91 9850 370 623,,,,,,,,,,,,,,,,
492,31,M,B-,,+91 7331 759 205,,user493@gmail.com,,Chhattisgarh,,,,,Heart,,,Yes,,,70,,,Aditya Joshi,,,,Neighbor,,+91 9153 825 752,,,,,,,,,,,,,,,,
493,18,F,A+,,+91 8085 637 734,,user372@gmail.com,,Delhi,,,,,Heart,,,No,,,36,,,Tara Dubey,,,,Co-worker,,+91 7710 444 467,,,,,,,,,,,,,,,,
494,63,M,A-,,+91 9456 704 355,,user965@gmail.com,,Himachal Pradesh,,,,,Heart,,,No,,,34,,,Virat Kumar,,,,Caregiver,,+91 7730 997 354,,,,,,,,,,,,,,,,
495,52,F,A-,,+91 9786 085 275,,user716@gmail.com,,Dadra and Nagar Haveli and Daman and Diu,,,,,Heart,,,No,,,66,,,Yuvraj Chatterjee,,,,Spouse,,+91 8040 625 673,,,,,,,,,,,,,,,,
496,36,F,AB-,,+91 9574 908 559,,user167@gmail.com,,Puducherry,,,,,Heart,,,No,,,67,,,Natasha Mehra,,,,Cousin,,+91 9521 888 028,,,,,,,,,,,,,,,,
497,80,F,AB+,,+91 7399 036 483,,user276@gmail.com,,Uttar Pradesh,,,,,Heart,,,No,,,37,,,Armaan Menon,,,,Domestic Partner,,+91 7539 998 722,,,,,,,,,,,,,,,,
498,39,M,B+,,+91 8001 173 527,,user547@gmail.com,,Maharashtra,,,,,Heart,,,Yes,,,65,,,Rohit Chatterjee,,,,Parent,,+91 7061 462 676,,,,,,,,,,,,,,,,
499,41,F,O+,,+91 8155 398 020,,user229@gmail.com,,Maharashtra,,,,,Heart,,,No,,,64,,,Sameer Varma,,,,Grandchild,,+91 9851 636 156,,,,,,,,,,,,,,,,
500,22,F,A+,,+91 7826 327 417,,user776@gmail.com,,Chandigarh,,,,,Heart,,,No,,,34,,,Mira Iyer,,,,Grandchild,,+91 8031 274 719,,,,,,,,,,,,,,,,
501,26,M,AB-,,+91 7465 387 468,,user101@gmail.com,,West Bengal,,,,,Heart,,,Yes,,,55,,,Ayesha Sharma,,,,Spouse,,+91 8605 057 854,,,,,,,,,,,,,,,,
502,74,F,AB+,,+91 9594 908 463,,user461@gmail.com,,Rajasthan,,,,,Heart,,,No,,,46,,,Ananya Iyer,,,,Legal Guardian,,+91 7612 079 233,,,,,,,,,,,,,,,,
503,19,M,O-,,+91 8092 392 986,,user578@gmail.com,,Gujarat,,,,,Heart,,,Yes,,,68,,,Anjali Khan,,,,Friend,,+91 9007 799 973,,,,,,,,,,,,,,,,
504,41,F,AB+,,+91 9840 593 239,,user819@gmail.com,,Lakshadweep,,,,,Heart,,,Yes,,,48,,,Riya Banerjee,,,,Partner,,+91 8577 618 360,,,,,,,,,,,,,,,,
505,34,M,O-,,+91 7418 818 396,,user485@gmail.com,,Kerala,,,,,Heart,,,Yes,,,50,,,Riya Reddy,,,,Grandchild,,+91 8678 099 220,,,,,,,,,,,,,,,,
506,78,F,A-,,+91 9706 462 381,,user736@gmail.com,,Gujarat,,,,,Heart,,,Yes,,,44,,,Tara Iyer,,,,Aunt/Uncle,,+91 7624 576 705,,,,,,,,,,,,,,,,
507,48,F,AB+,,+91 9831 044 243,,user637@gmail.com,,Nagaland,,,,,Heart,,,Yes,,,34,,,Rahul Sharma,,,,Child,,+91 7648 243 057,,,,,,,,,,,,,,,,
508,76,M,O-,,+91 9909 869 227,,user997@gmail.com,,Sikkim,,,,,Heart,,,No,,,69,,,Shreya Dubey,,,,Neighbor,,+91 9135 203 344,,,,,,,,,,,,,,,,
509,30,M,O+,,+91 8847 008 744,,user949@gmail.com,,Meghalaya,,,,,Heart,,,Yes,,,58,,,Riya Sharma,,,,Domestic Partner,,+91 9901 072 228,,,,,,,,,,,,,,,,
510,73,F,A-,,+91 9276 716 739,,user354@gmail.com,,Meghalaya,,,,,Heart,,,Yes,,,48,,,Aryan Kapoor,,,,Fiancé/Fiancée,,+91 7528 521 672,,,,,,,,,,,,,,,,
511,20,F,O-,,+91 7407 034 547,,user974@gmail.com,,Chandigarh,,,,,Heart,,,Yes,,,62,,,Esha Sharma,,,,Parent,,+91 9819 933 193,,,,,,,,,,,,,,,,
512,50,F,AB+,,+91 9637 538 617,,user689@gmail.com,,Mizoram,,,,,Heart,,,Yes,,,63,,,Aditya Banerjee,,,,Co-worker,,+91 9281 058 993,,,,,,,,,,,,,,,,
513,54,M,B-,,+91 9752 195 975,,user551@gmail.com,,Andaman and Nicobar Islands,,,,,Heart,,,Yes,,,41,,,Yash Singh,,,,Neighbor,,+91 9413 436 473,,,,,,,,,,,,,,,,
514,47,F,O+,,+91 8771 538 853,,user387@gmail.com,,Delhi,,,,,Heart,,,No,,,67,,,Aarav Chatterjee,,,,Caregiver,,+91 8550 049 755,,,,,,,,,,,,,,,,
515,68,M,B-,,+91 9593 566 338,,user721@gmail.com,,Chandigarh,,,,,Heart,,,Yes,,,32,,,Alisha Iyer,,,,Roommate,,+91 7755 507 169,,,,,,,,,,,,,,,,
516,62,F,AB-,,+91 8180 141 947,,user276@gmail.com,,Manipur,,,,,Heart,,,Yes,,,60,,,Shreya Kapoor,,,,Aunt/Uncle,,+91 9367 320 158,,,,,,,,,,,,,,,,
517,26,M,O-,,+91 9695 433 490,,user652@gmail.com,,Karnataka,,,,,Heart,,,Yes,,,40,,,Priyanka Das,,,,Partner,,+91 9141 970 633,,,,,,,,,,,,,,,,
518,32,F,B-,,+91 8482 220 951,,user237@gmail.com,,Uttarakhand,,,,,Heart,,,Yes,,,35,,,Vikrant Singh,,,,Partner,,+91 8498 103 640,,,,,,,,,,,,,,,,
519,38,M,A+,,+91 9647 555 369,,user915@gmail.com,,Andaman and Nicobar Islands,,,,,Heart,,,No,,,60,,,Arnav Jain,,,,Caregiver,,+91 8764 939 612,,,,,,,,,,,,,,,,
520,78,F,A+,,+91 7645 355 665,,user613@gmail.com,,Uttar Pradesh,,,,,Heart,,,Yes,,,57,,,Vikrant Dubey,,,,Partner,,+91 9961 773 471,,,,,,,,,,,,,,,,
521,29,F,O+,,+91 8553 450 002,,user366@gmail.com,,Uttarakhand,,,,,Heart,,,Yes,,,57,,,Sanjana Kumar,,,,Employer/Employee,,+91 8418 730 031,,,,,,,,,,,,,,,,
522,68,F,A+,,+91 8792 778 377,,user790@gmail.com,,Lakshadweep,,,,,Heart,,,Yes,,,32,,,Karan Agarwal,,,,Child,,+91 7601 446 841,,,,,,,,,,,,,,,,
523,37,F,AB+,,+91 8930 525 430,,user343@gmail.com,,Assam,,,,,Heart,,,No,,,38,,,Yuvraj Chatterjee,,,,Child,,+91 9234 379 465,,,,,,,,,,,,,,,,
524,46,M,A-,,+91 9699 448 944,,user583@gmail.com,,Nagaland,,,,,Heart,,,No,,,43,,,Ananya Agarwal,,,,Sibling,,+91 8359 169 748,,,,,,,,,,,,,,,,
525,64,M,A-,,+91 9382 066 586,,user110@gmail.com,,Karnataka,,,,,Heart,,,Yes,,,68,,,Soham Singh,,,,Grandchild,,+91 9004 428 305,,,,,,,,,,,,,,,,
526,22,F,AB+,,+91 9911 561 911,,user281@gmail.com,,Tripura,,,,,Heart,,,No,,,44,,,Tara Iyer,,,,Child,,+91 8876 492 852,,,,,,,,,,,,,,,,
527,47,F,AB+,,+91 8617 678 556,,user882@gmail.com,,Haryana,,,,,Heart,,,No,,,55,,,Rohan Kumar,,,,Niece/Nephew,,+91 9736 611 846,,,,,,,,,,,,,,,,
528,38,F,B+,,+91 9546 719 943,,user952@gmail.com,,Chhattisgarh,,,,,Heart,,,No,,,50,,,Aryan Desai,,,,Aunt/Uncle,,+91 7815 557 853,,,,,,,,,,,,,,,,
529,35,F,A-,,+91 9194 814 774,,user337@gmail.com,,Uttarakhand,,,,,Heart,,,No,,,34,,,Raghav Chatterjee,,,,Friend,,+91 9094 817 343,,,,,,,,,,,,,,,,
530,18,M,AB-,,+91 8757 247 892,,user360@gmail.com,,Telangana,,,,,Heart,,,Yes,,,69,,,Rohan Desai,,,,Caregiver,,+91 7349 635 016,,,,,,,,,,,,,,,,
531,64,F,O+,,+91 7734 614 770,,user250@gmail.com,,Tripura,,,,,Heart,,,No,,,31,,,Anushka Gupta,,,,Fiancé/Fiancée,,+91 7879 724 071,,,,,,,,,,,,,,,,
532,73,M,B-,,+91 9340 837 106,,user809@gmail.com,,Mizoram,,,,,Heart,,,No,,,47,,,Raghav Chatterjee,,,,Sibling,,+91 9980 933 101,,,,,,,,,,,,,,,,
533,63,F,A-,,+91 9891 849 788,,user190@gmail.com,,Mizoram,,,,,Heart,,,No,,,64,,,Priya Agarwal,,,,Friend,,+91 9523 672 204,,,,,,,,,,,,,,,,
534,52,M,B+,,+91 7401 672 488,,user866@gmail.com,,Lakshadweep,,,,,Heart,,,No,,,41,,,Pooja Choudhury,,,,Employer/Employee,,+91 9637 743 457,,,,,,,,,,,,,,,,
535,56,M,AB-,,+91 8788 566 198,,user283@gmail.com,,Ladakh,,,,,Heart,,,Yes,,,55,,,Vikrant Kumar,,,,Grandchild,,+91 8720 574 239,,,,,,,,,,,,,,,,
536,26,M,B+,,+91 9787 689 151,,user327@gmail.com,,Chhattisgarh,,,,,Heart,,,No,,,46,,,Raj Mehta,,,,Domestic Partner,,+91 7147 927 803,,,,,,,,,,,,,,,,
537,22,M,B+,,+91 7680 214 399,,user538@gmail.com,,Haryana,,,,,Heart,,,Yes,,,35,,,Vikram Kapoor,,,,Cousin,,+91 9743 844 228,,,,,,,,,,,,,,,,
538,53,M,O-,,+91 7841 184 881,,user484@gmail.com,,Manipur,,,,,Heart,,,No,,,61,,,Arjun Dubey,,,,Co-worker,,+91 7705 949 402,,,,,,,,,,,,,,,,
539,56,M,AB+,,+91 8139 953 451,,user901@gmail.com,,Karnataka,,,,,Heart,,,Yes,,,50,,,Maya Desai,,,,Spouse,,+91 9221 246 170,,,,,,,,,,,,,,,,
540,73,M,B-,,+91 7949 356 621,,user635@gmail.com,,Haryana,,,,,Heart,,,Yes,,,70,,,Yuvraj Agarwal,,,,Parent,,+91 9791 262 193,,,,,,,,,,,,,,,,
541,36,M,O-,,+91 8940 962 939,,user811@gmail.com,,Delhi,,,,,Heart,,,No,,,56,,,Rohit Khan,,,,Legal Guardian,,+91 8298 071 684,,,,,,,,,,,,,,,,
542,71,F,A+,,+91 8925 374 685,,user186@gmail.com,,Puducherry,,,,,Heart,,,Yes,,,53,,,Meera Sharma,,,,Co-worker,,+91 9724 864 855,,,,,,,,,,,,,,,,
543,51,M,AB+,,+91 8727 543 381,,user134@gmail.com,,Mizoram,,,,,Heart,,,Yes,,,30,,,Ritu Agarwal,,,,Fiancé/Fiancée,,+91 7893 426 158,,,,,,,,,,,,,,,,
544,22,M,O+,,+91 7637 747 510,,user527@gmail.com,,Jharkhand,,,,,Heart,,,No,,,59,,,Shreya Kapoor,,,,Grandparent,,+91 9069 525 273,,,,,,,,,,,,,,,,
545,45,F,O-,,+91 9785 423 579,,user370@gmail.com,,Tamil Nadu,,,,,Heart,,,No,,,40,,,Nisha Raghavan,,,,Grandchild,,+91 7064 262 485,,,,,,,,,,,,,,,,
546,24,M,AB-,,+91 9279 769 274,,user602@gmail.com,,Ladakh,,,,,Heart,,,No,,,32,,,Divya Chawla,,,,Child,,+91 9379 351 352,,,,,,,,,,,,,,,,
547,26,F,O+,,+91 9128 407 691,,user835@gmail.com,,Haryana,,,,,Heart,,,Yes,,,62,,,Arjun Dubey,,,,Roommate,,+91 8075 556 446,,,,,,,,,,,,,,,,
548,29,F,A+,,+91 7128 310 518,,user518@gmail.com,,Meghalaya,,,,,Heart,,,No,,,54,,,Shreya Kapoor,,,,Co-worker,,+91 7744 762 359,,,,,,,,,,,,,,,,
549,49,F,A-,,+91 9322 206 741,,user399@gmail.com,,Arunachal Pradesh,,,,,Heart,,,No,,,43,,,Arnav Jain,,,,Grandparent,,+91 9910 456 886,,,,,,,,,,,,,,,,
550,23,M,B+,,+91 8287 878 170,,user786@gmail.com,,Arunachal Pradesh,,,,,Heart,,,Yes,,,46,,,Ananya Joshi,,,,Legal Guardian,,+91 9394 036 073,,,,,,,,,,,,,,,,
551,18,M,AB-,,+91 9297 833 665,,user665@gmail.com,,Goa,,,,,Heart,,,No,,,55,,,Sanjana Kumar,,,,Neighbor,,+91 9730 628 629,,,,,,,,,,,,,,,,
552,36,F,AB+,,+91 9752 456 449,,user524@gmail.com,,Arunachal Pradesh,,,,,Heart,,,Yes,,,40,,,Pooja Choudhury,,,,Niece/Nephew,,+91 7000 233 876,,,,,,,,,,,,,,,,
553,34,M,B-,,+91 9557 189 894,,user959@gmail.com,,Odisha,,,,,Heart,,,Yes,,,54,,,Parth Shah,,,,Partner,,+91 8775 324 474,,,,,,,,,,,,,,,,
554,61,F,AB-,,+91 7163 186 261,,user941@gmail.com,,Haryana,,,,,Heart,,,No,,,63,,,Ananya Iyer,,,,Cousin,,+91 9318 058 701,,,,,,,,,,,,,,,,
