﻿Donor ID,Age,Gender,Blood Type,,Phn. No.,,Email,,Location,,,,,Organ available for donation,,,MELD Score,,,HLA Typing,,Emergency Contact Name,,,,Relationship,,Contact No.,,,,,,,,,,,,,,,,,
1,53,F,A+,,+91 8337 584 584,,user541@gmail.com,,Telangana,,,,,Liver,,,11,,,HLA-DQB1: 06:02,,Dhruv Patel,,,,Grandchild,,+91 7479 722 137,,,,,,,,,,,,,,,,,
2,64,M,A-,,+91 9718 555 565,,user941@gmail.com,,Uttarakhand,,,,,Liver,,,15,,,HLA-DQB1: 03:01,,Kiara Menon,,,,Niece/Nephew,,+91 9433 341 472,,,,,,,,,,,,,,,,,
3,18,F,B-,,+91 9483 866 793,,user112@gmail.com,,Tripura,,,,,Liver,,,34,,,HLA-A: 02:01,,Kartik Nair,,,,Child,,+91 9691 129 254,,,,,,,,,,,,,,,,,
4,64,M,A+,,+91 8316 385 555,,user400@gmail.com,,Odisha,,,,,Liver,,,16,,,HLA-B: 08:01,,Vikrant Singh,,,,Sibling,,+91 9193 830 276,,,,,,,,,,,,,,,,,
5,78,M,AB-,,+91 9353 644 597,,user110@gmail.com,,Lakshadweep,,,,,Liver,,,14,,,HLA-DRB1: 15:01,,Yash Singh,,,,Child,,+91 8477 478 280,,,,,,,,,,,,,,,,,
6,31,M,A+,,+91 9981 336 756,,user655@gmail.com,,Maharashtra,,,,,Liver,,,17,,,HLA-DRB1: 11:01,,Kabir Mehra,,,,Grandchild,,+91 7773 233 229,,,,,,,,HLA-A: 02:01,,,,,,,,,
7,66,F,A+,,+91 7666 630 301,,user629@gmail.com,,Mizoram,,,,,Liver,,,10,,,HLA-C: 03:03,,Dhruv Patel,,,,Healthcare Proxy,,+91 9597 821 700,,,,,,,,HLA-B: 07:02,,,,,,,,,
8,31,F,B-,,+91 7801 478 407,,user263@gmail.com,,Puducherry,,,,,Liver,,,25,,,HLA-DRB1: 15:01,,Neha Chatterjee,,,,Parent,,+91 8046 243 277,,,,,,,,HLA-C: 03:03,,,,,,,,,
9,39,M,AB+,,+91 7635 916 129,,user610@gmail.com,,Haryana,,,,,Liver,,,40,,,HLA-C: 07:01,,Yuvraj Patel,,,,Co-worker,,+91 9842 242 680,,,,,,,,HLA-DRB1: 15:01,,,,,,,,,
10,43,F,A+,,+91 7646 612 730,,user306@gmail.com,,Sikkim,,,,,Liver,,,28,,,HLA-DQB1: 06:02,,Sanjana Chatterjee,,,,Spouse,,+91 7248 853 986,,,,,,,,HLA-DQB1: 06:02,,,,,,,,,
11,70,F,O+,,+91 7250 421 367,,user217@gmail.com,,Dadra and Nagar Haveli and Daman and Diu,,,,,Liver,,,23,,,HLA-DQB1: 03:01,,Aditya Reddy,,,,Parent,,+91 8469 939 014,,,,,,,,HLA-A: 01:01,,,,,,,,,
12,43,F,AB-,,+91 8833 738 714,,user297@gmail.com,,Rajasthan,,,,,Liver,,,31,,,HLA-A: 01:01,,Avani Choudhury,,,,Niece/Nephew,,+91 8826 341 611,,,,,,,,HLA-B: 08:01,,,,,,,,,
13,75,F,AB+,,+91 8979 150 414,,user733@gmail.com,,Delhi,,,,,Liver,,,21,,,HLA-B: 08:01,,Yash Rajan,,,,Child,,+91 7832 789 758,,,,,,,,HLA-C: 07:01,,,,,,,,,
14,53,F,O-,,+91 7965 011 688,,user747@gmail.com,,Karnataka,,,,,Liver,,,36,,,HLA-C: 07:01,,Dev Mehta,,,,Niece/Nephew,,+91 7193 022 106,,,,,,,,HLA-DRB1: 11:01,,,,,,,,,
15,73,M,O+,,+91 9397 476 007,,user846@gmail.com,,Tripura,,,,,Liver,,,27,,,HLA-DQB1: 03:01,,Karan Sharma,,,,Niece/Nephew,,+91 8752 441 950,,,,,,,,HLA-DQB1: 03:01,,,,,,,,,
16,37,M,B+,,+91 7530 222 622,,user232@gmail.com,,Telangana,,,,,Liver,,,31,,,HLA-DQB1: 06:02,,Avani Choudhury,,,,Caregiver,,+91 7893 953 205,,,,,,,,,,,,,,,,,
17,55,F,B-,,+91 7073 387 393,,user466@gmail.com,,Himachal Pradesh,,,,,Liver,,,6,,,HLA-DQB1: 03:01,,Ritu Patel,,,,Healthcare Proxy,,+91 8398 408 924,,,,,,,,,,,,,,,,,
18,54,F,A-,,+91 7699 578 493,,user679@gmail.com,,Ladakh,,,,,Liver,,,36,,,HLA-DQB1: 03:01,,Riya Dubey,,,,Aunt/Uncle,,+91 9396 893 603,,,,,,,,,,,,,,,,,
19,31,M,A+,,+91 7367 371 838,,user796@gmail.com,,Bihar,,,,,Liver,,,34,,,HLA-DRB1: 15:01,,Veer Gupta,,,,Grandchild,,+91 9913 722 986,,,,,,,,,,,,,,,,,
20,67,M,B+,,+91 8890 225 126,,user693@gmail.com,,Arunachal Pradesh,,,,,Liver,,,28,,,HLA-C: 07:01,,Vivan Nair,,,,Employer/Employee,,+91 7891 041 764,,,,,,,,,,,,,,,,,
21,19,M,B-,,+91 9697 926 939,,user891@gmail.com,,Assam,,,,,Liver,,,32,,,HLA-B: 08:01,,Sanjana Chatterjee,,,,Friend,,+91 9542 833 872,,,,,,,,,,,,,,,,,
22,58,M,O+,,+91 8858 006 872,,user661@gmail.com,,Bihar,,,,,Liver,,,16,,,HLA-A: 01:01,,Arnav Jain,,,,Grandchild,,+91 9897 006 166,,,,,,,,,,,,,,,,,
23,64,F,A+,,+91 8633 340 717,,user916@gmail.com,,Maharashtra,,,,,Liver,,,8,,,HLA-A: 02:01,,Dhruv Patel,,,,Legal Guardian,,+91 8163 920 452,,,,,,,,,,,,,,,,,
24,24,F,O+,,+91 8105 138 457,,user551@gmail.com,,Ladakh,,,,,Liver,,,18,,,HLA-B: 07:02,,Arjun Kumar,,,,Co-worker,,+91 8464 220 985,,,,,,,,,,,,,,,,,
25,38,M,O+,,+91 7486 576 825,,user887@gmail.com,,Chandigarh,,,,,Liver,,,25,,,HLA-DQB1: 03:01,,Rajiv Mehra,,,,Neighbor,,+91 7593 177 022,,,,,,,,,,,,,,,,,
26,77,M,O+,,+91 9511 429 416,,user683@gmail.com,,Jharkhand,,,,,Liver,,,18,,,HLA-C: 07:01,,Priyanka Das,,,,Legal Guardian,,+91 7013 104 217,,,,,,,,,,,,,,,,,
27,40,F,B-,,+91 8653 871 634,,user946@gmail.com,,Gujarat,,,,,Liver,,,24,,,HLA-B: 08:01,,Rohit Chawla,,,,Parent,,+91 8352 146 789,,,,,,,,,,,,,,,,,
28,22,M,A+,,+91 9093 464 471,,user793@gmail.com,,Karnataka,,,,,Liver,,,33,,,HLA-DRB1: 15:01,,Kavya Khan,,,,Grandchild,,+91 8392 821 061,,,,,,,,,,,,,,,,,
29,73,F,A+,,+91 7349 804 986,,user240@gmail.com,,Lakshadweep,,,,,Liver,,,33,,,HLA-B: 07:02,,Armaan Menon,,,,Grandparent,,+91 8860 859 330,,,,,,,,,,,,,,,,,
30,72,M,AB+,,+91 9411 336 535,,user844@gmail.com,,Tripura,,,,,Liver,,,19,,,HLA-DQB1: 03:01,,Kavya Joshi,,,,Grandparent,,+91 7231 196 154,,,,,,,,,,,,,,,,,
31,70,M,A+,,+91 9933 458 487,,user938@gmail.com,,Maharashtra,,,,,Liver,,,25,,,HLA-B: 07:02,,Rohan Desai,,,,Sibling,,+91 7851 066 794,,,,,,,,,,,,,,,,,
32,54,M,A+,,+91 7367 071 660,,user755@gmail.com,,Rajasthan,,,,,Liver,,,26,,,HLA-B: 07:02,,Rohan Verma,,,,Spouse,,+91 7689 355 394,,,,,,,,,,,,,,,,,
33,39,F,A-,,+91 9469 316 795,,user271@gmail.com,,Haryana,,,,,Liver,,,7,,,HLA-DQB1: 06:02,,Pranav Banerjee,,,,Co-worker,,+91 8896 024 108,,,,,,,,,,,,,,,,,
34,32,M,A+,,+91 8535 411 473,,user677@gmail.com,,Manipur,,,,,Liver,,,31,,,HLA-A: 01:01,,Shreya Kapoor,,,,Caregiver,,+91 7902 527 853,,,,,,,,Parent,,,,,Andhra Pradesh,,,,
35,23,F,A-,,+91 8848 073 393,,user481@gmail.com,,Gujarat,,,,,Liver,,,37,,,HLA-DRB1: 11:01,,Natasha Singh,,,,Spouse,,+91 7740 743 190,,,,,,,,Spouse,,,,,Arunachal Pradesh,,,,
36,32,F,B-,,+91 9137 533 234,,user123@gmail.com,,Chandigarh,,,,,Liver,,,30,,,HLA-A: 02:01,,Aditya Joshi,,,,Legal Guardian,,+91 8302 385 746,,,,,,,,Child,,,,,Assam,,,,
37,74,F,B-,,+91 8386 453 463,,user645@gmail.com,,Uttar Pradesh,,,,,Liver,,,33,,,HLA-DRB1: 15:01,,Anjali Khan,,,,Domestic Partner,,+91 7040 442 941,,,,,,,,Sibling,,,,,Bihar,,,,
38,27,F,AB-,,+91 8941 805 689,,user900@gmail.com,,Jharkhand,,,,,Liver,,,14,,,HLA-DQB1: 03:01,,Meera Shah,,,,Domestic Partner,,+91 8172 964 392,,,,,,,,Grandparent,,,,,Chhattisgarh,,,,
39,57,F,B+,,+91 8471 165 368,,user527@gmail.com,,Madhya Pradesh,,,,,Liver,,,18,,,HLA-DRB1: 15:01,,Aisha Dube,,,,Child,,+91 7163 430 163,,,,,,,,Grandchild,,,,,Goa,,,,
40,59,F,A+,,+91 8332 085 513,,user499@gmail.com,,Andhra Pradesh,,,,,Liver,,,10,,,HLA-B: 07:02,,Ishita Iyer,,,,Niece/Nephew,,+91 9710 383 652,,,,,,,,Aunt/Uncle,,,,,Gujarat,,,,
41,47,M,B+,,+91 9010 019 135,,user965@gmail.com,,Rajasthan,,,,,Liver,,,17,,,HLA-C: 07:01,,Mira Kumar,,,,Parent,,+91 7290 044 905,,,,,,,,Niece/Nephew,,,,,Haryana,,,,
42,79,M,AB+,,+91 8962 884 503,,user682@gmail.com,,Andhra Pradesh,,,,,Liver,,,18,,,HLA-DQB1: 06:02,,Alisha Iyer,,,,Employer/Employee,,+91 8456 669 132,,,,,,,,Cousin,,,,,Himachal Pradesh,,,,
43,43,M,O+,,+91 7384 078 611,,user490@gmail.com,,Delhi,,,,,Liver,,,11,,,HLA-B: 07:02,,Ritu Patel,,,,Cousin,,+91 9725 422 331,,,,,,,,Legal Guardian,,,,,Jharkhand,,,,
44,54,F,A-,,+91 9902 971 421,,user875@gmail.com,,Lakshadweep,,,,,Liver,,,32,,,HLA-B: 07:02,,Soham Kapoor,,,,Fiancé/Fiancée,,+91 7033 569 980,,,,,,,,Caregiver,,,,,Karnataka,,,,
45,28,M,AB+,,+91 7727 750 801,,user237@gmail.com,,Lakshadweep,,,,,Liver,,,15,,,HLA-DQB1: 03:01,,Shruti Reddy,,,,Co-worker,,+91 7398 502 547,,,,,,,,Friend,,,,,Kerala,,,,
46,75,M,B-,,+91 7007 732 176,,user170@gmail.com,,Bihar,,,,,Liver,,,19,,,HLA-DRB1: 15:01,,Rohit Chatterjee,,,,Grandparent,,+91 8640 145 302,,,,,,,,Partner,,,,,Madhya Pradesh,,,,
47,29,M,B-,,+91 7186 849 224,,user969@gmail.com,,Jharkhand,,,,,Liver,,,7,,,HLA-DRB1: 11:01,,Rohit Khan,,,,Aunt/Uncle,,+91 9077 520 514,,,,,,,,Fiancé/Fiancée,,,,,Maharashtra,,,,
48,61,F,O+,,+91 7060 512 502,,user283@gmail.com,,Chhattisgarh,,,,,Liver,,,18,,,HLA-C: 07:01,,Karan Verma,,,,Grandparent,,+91 7158 700 171,,,,,,,,Domestic Partner,,,,,Manipur,,,,
49,80,F,A+,,+91 8858 863 713,,user876@gmail.com,,Assam,,,,,Liver,,,29,,,HLA-B: 08:01,,Meera Patel,,,,Friend,,+91 9431 405 612,,,,,,,,Roommate,,,,,Meghalaya,,,,
50,45,F,A-,,+91 9552 145 660,,user633@gmail.com,,Odisha,,,,,Liver,,,16,,,HLA-A: 02:01,,Aisha Dube,,,,Parent,,+91 7612 501 265,,,,,,,,Neighbor,,,,,Mizoram,,,,
51,71,M,B+,,+91 7529 064 508,,user133@gmail.com,,Assam,,,,,Liver,,,37,,,HLA-B: 08:01,,Mira Agarwal,,,,Grandparent,,+91 9209 196 410,,,,,,,,Co-worker,,,,,Nagaland,,,,
52,54,M,AB-,,+91 9700 171 409,,user455@gmail.com,,Kerala,,,,,Liver,,,13,,,HLA-B: 08:01,,Riya Reddy,,,,Roommate,,+91 7270 099 715,,,,,,,,Employer/Employee,,,,,Odisha,,,,
53,37,M,A+,,+91 7836 838 566,,user930@gmail.com,,Himachal Pradesh,,,,,Liver,,,29,,,HLA-C: 03:03,,Armaan Menon,,,,Roommate,,+91 8698 507 801,,,,,,,,Healthcare Proxy,,,,,Punjab,,,,
54,38,F,AB+,,+91 7732 525 647,,user270@gmail.com,,Meghalaya,,,,,Liver,,,10,,,HLA-C: 07:01,,Aditya Joshi,,,,Healthcare Proxy,,+91 8731 664 260,,,,,,,,,,,,,Rajasthan,,,,
55,29,M,A+,,+91 9620 809 720,,user145@gmail.com,,Kerala,,,,,Liver,,,11,,,HLA-B: 08:01,,Dhruv Patel,,,,Cousin,,+91 8198 762 894,,,,,,,,,,,,,Sikkim,,,,
56,30,M,A-,,+91 9843 793 194,,user636@gmail.com,,Madhya Pradesh,,,,,Liver,,,24,,,HLA-B: 07:02,,Priya Singh,,,,Grandparent,,+91 8981 013 053,,,,,,,,,,,,,Tamil Nadu,,,,
57,63,M,O+,,+91 8108 149 419,,user724@gmail.com,,Andhra Pradesh,,,,,Liver,,,22,,,HLA-B: 08:01,,Kiara Menon,,,,Spouse,,+91 7227 043 094,,,,,,,,,,,,,Telangana,,,,
58,65,F,AB+,,+91 9609 913 903,,user629@gmail.com,,Ladakh,,,,,Liver,,,33,,,HLA-C: 03:03,,Raj Sharma,,,,Employer/Employee,,+91 8711 400 891,,,,,,,,,,,,,Tripura,,,,
59,19,M,AB+,,+91 8636 450 425,,user458@gmail.com,,Ladakh,,,,,Liver,,,36,,,HLA-A: 01:01,,Parth Shah,,,,Niece/Nephew,,+91 8259 125 270,,,,,,,,,,,,,Uttar Pradesh,,,,
60,67,M,B+,,+91 7232 212 416,,user660@gmail.com,,Dadra and Nagar Haveli and Daman and Diu,,,,,Liver,,,16,,,HLA-DQB1: 06:02,,Parth Shah,,,,Employer/Employee,,+91 8979 777 794,,,,,,,Aarav Patel,,,,,,Uttarakhand,,,,
61,30,F,AB+,,+91 7609 374 199,,user865@gmail.com,,Nagaland,,,,,Liver,,,28,,,HLA-A: 02:01,,Soham Singh,,,,Niece/Nephew,,+91 9669 204 508,,,,,,,Riya Sharma,,,,,,West Bengal,,,,
62,26,F,A+,,+91 8221 932 815,,user532@gmail.com,,Ladakh,,,,,Liver,,,27,,,HLA-C: 03:03,,Ananya Patel,,,,Fiancé/Fiancée,,+91 8970 642 293,,,,,,,Arjun Gupta,,,,,,Andaman and Nicobar Islands,,,,
63,74,M,AB+,,+91 9735 206 203,,user758@gmail.com,,Haryana,,,,,Liver,,,35,,,HLA-A: 01:01,,Soham Desai,,,,Grandchild,,+91 7689 314 792,,,,,,,Nisha Singh,,,,,,Chandigarh,,,,
64,41,F,B-,,+91 9827 463 498,,user491@gmail.com,,Karnataka,,,,,Liver,,,21,,,HLA-DQB1: 06:02,,Rohan Desai,,,,Child,,+91 7435 723 378,,,,,,,Vikram Kapoor,,,,,,Dadra and Nagar Haveli and Daman and Diu,,,,
65,52,M,AB+,,+91 7785 030 075,,user441@gmail.com,,Maharashtra,,,,,Liver,,,40,,,HLA-B: 08:01,,Raghav Reddy,,,,Domestic Partner,,+91 7071 118 555,,,,,,,Maya Desai,,,,,,Lakshadweep,,,,
66,19,F,A+,,+91 8734 779 156,,user641@gmail.com,,Andaman and Nicobar Islands,,,,,Liver,,,26,,,HLA-A: 01:01,,Priya Mehra,,,,Grandchild,,+91 7365 852 783,,,,,,,Rohan Mehta,,,,,,Delhi,,,,
67,55,M,AB-,,+91 7647 017 767,,user590@gmail.com,,Lakshadweep,,,,,Liver,,,19,,,HLA-DQB1: 06:02,,Shreya Banerjee,,,,Healthcare Proxy,,+91 7182 429 806,,,,,,,Priya Verma,,,,,,Puducherry,,,,
68,54,M,B-,,+91 7929 124 525,,user710@gmail.com,,Delhi,,,,,Liver,,,37,,,HLA-DRB1: 15:01,,Veer Mehra,,,,Roommate,,+91 8615 958 285,,,,,,,Aryan Das,,,,,,Ladakh,,,,
69,69,M,O-,,+91 9045 353 753,,user235@gmail.com,,Assam,,,,,Liver,,,8,,,HLA-B: 07:02,,Riya Banerjee,,,,Domestic Partner,,+91 9644 077 943,,,,,,,Ananya Joshi,,,,,,Lakshadweep,,,,
70,58,M,AB-,,+91 8469 677 435,,user689@gmail.com,,Meghalaya,,,,,Liver,,,30,,,HLA-B: 08:01,,Aarav Chawla,,,,Neighbor,,+91 7254 973 351,,,,,,,Aditya Shah,,,,,,,,,,
71,52,F,A+,,+91 9646 329 112,,user573@gmail.com,,Telangana,,,,,Liver,,,8,,,HLA-A: 01:01,,Ritu Agarwal,,,,Domestic Partner,,+91 9226 628 203,,,,,,,Pooja Choudhury,,,,,,,,,,
72,58,F,AB-,,+91 9054 262 671,,user691@gmail.com,,Rajasthan,,,,,Liver,,,31,,,HLA-DRB1: 11:01,,Yash Verma,,,,Spouse,,+91 8707 870 134,,,,,,,Siddharth Kumar,,,,,,,,,,
73,79,M,A-,,+91 9699 659 505,,user153@gmail.com,,Sikkim,,,,,Liver,,,12,,,HLA-A: 01:01,,Rohit Khan,,,,Co-worker,,+91 9313 135 409,,,,,,,Kavita Iyer,,,,,,,,,,
74,76,M,B-,,+91 8952 965 203,,user932@gmail.com,,Manipur,,,,,Liver,,,8,,,HLA-DQB1: 03:01,,Anushka Patel,,,,Roommate,,+91 9235 755 758,,,,,,,Kabir Malhotra,,,,,,,,,,
75,62,F,A-,,+91 9322 620 630,,user723@gmail.com,,Delhi,,,,,Liver,,,7,,,HLA-B: 08:01,,Dhruv Kapoor,,,,Friend,,+91 7824 986 644,,,,,,,Shruti Reddy,,,,,,,,,,
76,47,M,B+,,+91 9069 085 920,,user233@gmail.com,,Andhra Pradesh,,,,,Liver,,,27,,,HLA-A: 02:01,,Aarav Rao,,,,Caregiver,,+91 8471 862 775,,,,,,,Yash Rajan,,,,,,,,,,
77,71,M,A-,,+91 9465 714 485,,user732@gmail.com,,Rajasthan,,,,,Liver,,,6,,,HLA-DRB1: 11:01,,Avani Singh,,,,Child,,+91 7062 024 920,,,,,,,Anika Khanna,,,,,,,,,,
78,51,M,A-,,+91 9899 088 572,,user944@gmail.com,,Lakshadweep,,,,,Liver,,,19,,,HLA-B: 07:02,,Priya Singh,,,,Niece/Nephew,,+91 7464 425 732,,,,,,,Rajiv Mehra,,,,,,,,,,
79,69,M,A-,,+91 7518 981 773,,user325@gmail.com,,Himachal Pradesh,,,,,Liver,,,12,,,HLA-A: 02:01,,Nandini Patel,,,,Friend,,+91 9141 117 525,,,,,,,Aisha Dube,,,,,,,,,,
80,69,F,AB-,,+91 9154 468 372,,user323@gmail.com,,Arunachal Pradesh,,,,,Liver,,,19,,,HLA-C: 07:01,,Amaya Chawla,,,,Niece/Nephew,,+91 7978 875 090,,,,,,,Kartik Nair,,,,,,,,,,
81,19,M,B+,,+91 9783 013 032,,user414@gmail.com,,Ladakh,,,,,Liver,,,19,,,HLA-B: 08:01,,Raj Mehta,,,,Grandchild,,+91 7208 311 389,,,,,,,Natasha Bhatt,,,,,,,,,,
82,45,F,A+,,+91 8295 674 201,,user317@gmail.com,,Gujarat,,,,,Liver,,,30,,,HLA-A: 02:01,,Natasha Bhatt,,,,Niece/Nephew,,+91 9264 787 475,,,,,,,Rahul Sharma,,,,,,,,,,
83,24,M,B-,,+91 7296 780 230,,user811@gmail.com,,Andhra Pradesh,,,,,Liver,,,19,,,HLA-DQB1: 03:01,,Arjun Kumar,,,,Partner,,+91 9130 237 306,,,,,,,Kriti Singhania,,,,,,,,,,
84,54,F,O+,,+91 8668 679 309,,user309@gmail.com,,Goa,,,,,Liver,,,36,,,HLA-C: 03:03,,Nisha Raghavan,,,,Employer/Employee,,+91 7672 177 059,,,,,,,Rishi Venkatesh,,,,,,,,,,
85,44,F,B-,,+91 7012 684 703,,user228@gmail.com,,Uttarakhand,,,,,Liver,,,12,,,HLA-DRB1: 15:01,,Vivan Kapoor,,,,Cousin,,+91 8504 025 639,,,,,,,Nandini Patel,,,,,,,,,,
86,61,F,O-,,+91 8855 975 872,,user537@gmail.com,,Lakshadweep,,,,,Liver,,,9,,,HLA-DRB1: 11:01,,Sameer Varma,,,,Fiancé/Fiancée,,+91 7532 997 481,,,,,,,Arnav Jain,,,,,,,,,,
87,38,M,AB+,,+91 7045 113 950,,user630@gmail.com,,Ladakh,,,,,Liver,,,34,,,HLA-DRB1: 15:01,,Vikrant Kapoor,,,,Grandparent,,+91 8880 165 455,,,,,,,Divya Chawla,,,,,,,,,,
88,33,M,A+,,+91 8946 221 628,,user208@gmail.com,,Bihar,,,,,Liver,,,7,,,HLA-A: 02:01,,Ananya Joshi,,,,Friend,,+91 8129 871 060,,,,,,,Dev Mehta,,,,,,,,,,
89,20,M,AB-,,+91 8918 587 814,,user571@gmail.com,,Tamil Nadu,,,,,Liver,,,36,,,HLA-DQB1: 06:02,,Siddharth Kumar,,,,Partner,,+91 8770 543 434,,,,,,,Sneha Varma,,,,,,,,,,
90,47,F,O+,,+91 8133 460 757,,user588@gmail.com,,Assam,,,,,Liver,,,11,,,HLA-A: 01:01,,Dhruv Patel,,,,Legal Guardian,,+91 8960 664 324,,,,,,,Ravi Menon,,,,,,,,,,
91,77,F,AB-,,+91 9749 398 208,,user832@gmail.com,,Puducherry,,,,,Liver,,,19,,,HLA-DQB1: 03:01,,Devraj Sharma,,,,Fiancé/Fiancée,,+91 9352 606 769,,,,,,,Meera Sharma,,,,,,,,,,
92,39,M,A+,,+91 8516 183 517,,user485@gmail.com,,Himachal Pradesh,,,,,Liver,,,20,,,HLA-B: 07:02,,Rohit Chawla,,,,Healthcare Proxy,,+91 8404 230 812,,,,,,,Aditi Singh,,,,,,,,,,
93,46,M,AB+,,+91 8516 613 233,,user319@gmail.com,,Meghalaya,,,,,Liver,,,17,,,HLA-DQB1: 06:02,,Dhruv Patel,,,,Fiancé/Fiancée,,+91 7698 806 814,,,,,,,Pranav Banerjee,,,,,,,,,,
94,67,F,B+,,+91 9160 201 247,,user850@gmail.com,,Delhi,,,,,Liver,,,8,,,HLA-A: 01:01,,Priya Singh,,,,Employer/Employee,,+91 9987 260 754,,,,,,,Sanjana Raghavan,,,,,,,,,,
95,38,F,A+,,+91 8383 711 136,,user626@gmail.com,,Karnataka,,,,,Liver,,,11,,,HLA-DRB1: 15:01,,Shreya Singh,,,,Grandchild,,+91 7401 184 603,,,,,,,Sameer Gupta,,,,,,,,,,
96,57,F,A-,,+91 9468 890 505,,user425@gmail.com,,Manipur,,,,,Liver,,,9,,,HLA-B: 07:02,,Priya Agarwal,,,,Sibling,,+91 9165 853 536,,,,,,,Tara Iyer,,,,,,,,,,
97,49,F,AB-,,+91 9392 791 923,,user255@gmail.com,,Gujarat,,,,,Liver,,,7,,,HLA-C: 03:03,,Arvind Shah,,,,Fiancé/Fiancée,,+91 8357 302 614,,,,,,,Vikrant Kapoor,,,,,,,,,,
98,24,F,O-,,+91 7345 630 945,,user419@gmail.com,,Nagaland,,,,,Liver,,,32,,,HLA-DRB1: 15:01,,Avani Iyer,,,,Legal Guardian,,+91 8718 198 251,,,,,,,Riya Dubey,,,,,,,,,,
99,44,M,AB+,,+91 7220 349 410,,user945@gmail.com,,Andaman and Nicobar Islands,,,,,Liver,,,22,,,HLA-C: 07:01,,Ishita Iyer,,,,Healthcare Proxy,,+91 8617 140 592,,,,,,,Rohit Chatterjee,,,,,,,,,,
100,50,M,O-,,+91 9254 358 387,,user432@gmail.com,,Andhra Pradesh,,,,,Liver,,,20,,,HLA-C: 03:03,,Nisha Singh,,,,Domestic Partner,,+91 8983 207 608,,,,,,,Mira Patel,,,,,,,,,,
101,71,M,O+,,+91 7441 190 057,,user588@gmail.com,,Nagaland,,,,,Liver,,,7,,,HLA-DQB1: 03:01,,Sanjana Raghavan,,,,Sibling,,+91 9168 473 391,,,,,,,Karan Sharma,,,,,,,,,,
102,25,M,O-,,+91 8271 228 512,,user992@gmail.com,,Puducherry,,,,,Liver,,,35,,,HLA-DRB1: 15:01,,Neha Chatterjee,,,,Grandchild,,+91 9156 355 321,,,,,,,Anjali Malhotra,,,,,,,,,,
103,76,F,O-,,+91 9606 812 886,,user472@gmail.com,,Haryana,,,,,Liver,,,32,,,HLA-B: 07:02,,Nisha Singh,,,,Neighbor,,+91 9369 434 358,,,,,,,Aarav Gupta,,,,,,,,,,
104,63,F,B-,,+91 9541 423 499,,user801@gmail.com,,Odisha,,,,,Liver,,,13,,,HLA-C: 03:03,,Avani Singh,,,,Cousin,,+91 8703 122 771,,,,,,,Nisha Patel,,,,,,,,,,
105,36,M,B+,,+91 7547 147 489,,user925@gmail.com,,Rajasthan,,,,,Liver,,,34,,,HLA-DRB1: 15:01,,Nisha Singh,,,,Grandparent,,+91 7568 795 403,,,,,,,Yuvraj Singh,,,,,,,,,,
106,24,M,B-,,+91 8927 997 695,,user155@gmail.com,,Punjab,,,,,Liver,,,35,,,HLA-B: 08:01,,Sameer Patel,,,,Friend,,+91 9820 667 089,,,,,,,Shreya Kapoor,,,,,,,,,,
107,53,M,B-,,+91 8500 115 603,,user828@gmail.com,,Tamil Nadu,,,,,Liver,,,20,,,HLA-DRB1: 15:01,,Aaradhya Menon,,,,Spouse,,+91 8232 004 623,,,,,,,Raj Mehta,,,,,,,,,,
108,53,M,B-,,+91 8383 532 104,,user193@gmail.com,,Meghalaya,,,,,Liver,,,25,,,HLA-C: 07:01,,Devraj Patel,,,,Niece/Nephew,,+91 7877 138 281,,,,,,,Ayesha Khan,,,,,,,,,,
109,69,F,B-,,+91 7486 186 546,,user426@gmail.com,,Uttar Pradesh,,,,,Liver,,,20,,,HLA-C: 07:01,,Devraj Sharma,,,,Spouse,,+91 9694 192 674,,,,,,,Arjun Kumar,,,,,,,,,,
110,41,M,O+,,+91 7104 609 173,,user271@gmail.com,,Haryana,,,,,Liver,,,28,,,HLA-B: 08:01,,Rajiv Mehra,,,,Caregiver,,+91 7474 327 963,,,,,,,Neha Rao,,,,,,,,,,
111,76,M,A+,,+91 9913 380 382,,user924@gmail.com,,Rajasthan,,,,,Liver,,,10,,,HLA-DRB1: 11:01,,Ishita Iyer,,,,Grandparent,,+91 8260 543 052,,,,,,,Virat Shah,,,,,,,,,,
112,78,F,O-,,+91 7166 034 283,,user917@gmail.com,,Uttar Pradesh,,,,,Liver,,,26,,,HLA-C: 07:01,,Sameer Agarwal,,,,Cousin,,+91 7918 779 573,,,,,,,Ishita Iyer,,,,,,,,,,
113,23,M,B-,,+91 9101 546 636,,user756@gmail.com,,Sikkim,,,,,Liver,,,8,,,HLA-DQB1: 06:02,,Kiara Patel,,,,Domestic Partner,,+91 9069 440 930,,,,,,,Veer Malhotra,,,,,,,,,,
114,67,F,A-,,+91 9291 814 473,,user570@gmail.com,,Andhra Pradesh,,,,,Liver,,,33,,,HLA-A: 02:01,,Riya Agarwal,,,,Co-worker,,+91 7209 731 474,,,,,,,Kavya Reddy,,,,,,,,,,
115,70,F,A-,,+91 8272 405 287,,user425@gmail.com,,Andhra Pradesh,,,,,Liver,,,32,,,HLA-DQB1: 03:01,,Devraj Patel,,,,Parent,,+91 9344 024 481,,,,,,,Armaan Rana,,,,,,,,,,
116,58,F,B+,,+91 7609 777 756,,user626@gmail.com,,Sikkim,,,,,Liver,,,16,,,HLA-B: 08:01,,Divya Chawla,,,,Co-worker,,+91 9729 174 679,,,,,,,Ritu Agarwal,,,,,,,,,,
117,42,F,AB+,,+91 8590 890 266,,user243@gmail.com,,Uttarakhand,,,,,Liver,,,19,,,HLA-DRB1: 15:01,,Ishita Iyer,,,,Caregiver,,+91 8021 101 277,,,,,,,Dhruv Patel,,,,,,,,,,
118,48,M,A+,,+91 9885 972 548,,user668@gmail.com,,Mizoram,,,,,Liver,,,25,,,HLA-DQB1: 03:01,,Riya Agarwal,,,,Domestic Partner,,+91 9652 452 716,,,,,,,Alisha Choudhury,,,,,,,,,,
119,34,M,AB+,,+91 8745 031 529,,user541@gmail.com,,Lakshadweep,,,,,Liver,,,18,,,HLA-B: 07:02,,Rohit Chawla,,,,Friend,,+91 8302 883 371,,,,,,,Soham Desai,,,,,,,,,,
120,66,M,B+,,+91 9560 144 634,,user110@gmail.com,,Chhattisgarh,,,,,Liver,,,20,,,HLA-C: 07:01,,Virat Shah,,,,Co-worker,,+91 8267 353 346,,,,,,,Natasha Singh,,,,,,,,,,
121,76,M,B-,,+91 8656 831 047,,user537@gmail.com,,Telangana,,,,,Liver,,,40,,,HLA-DQB1: 03:01,,Ritu Dubey,,,,Employer/Employee,,+91 9714 585 653,,,,,,,Vivan Kapoor,,,,,,,,,,
122,62,M,B-,,+91 8101 065 708,,user478@gmail.com,,Delhi,,,,,Liver,,,22,,,HLA-A: 01:01,,Alisha Iyer,,,,Child,,+91 9929 044 888,,,,,,,Priya Mehra,,,,,,,,,,
123,38,F,AB+,,+91 8386 961 434,,user588@gmail.com,,Tripura,,,,,Liver,,,11,,,HLA-A: 01:01,,Meera Shah,,,,Spouse,,+91 9521 914 190,,,,,,,Kabir Sharma,,,,,,,,,,
124,25,M,O+,,+91 9502 121 468,,user409@gmail.com,,Maharashtra,,,,,Liver,,,17,,,HLA-B: 07:02,,Esha Chatterjee,,,,Grandparent,,+91 7892 268 571,,,,,,,Ananya Patel,,,,,,,,,,
125,44,M,O+,,+91 7153 866 930,,user478@gmail.com,,Meghalaya,,,,,Liver,,,29,,,HLA-C: 07:01,,Meera Patel,,,,Roommate,,+91 8235 929 403,,,,,,,Raghav Joshi,,,,,,,,,,
126,72,F,O-,,+91 7552 002 692,,user992@gmail.com,,Goa,,,,,Liver,,,9,,,HLA-A: 02:01,,Meera Banerjee,,,,Neighbor,,+91 7137 110 144,,,,,,,Amaya Chawla,,,,,,,,,,
127,37,F,A-,,+91 9845 812 303,,user682@gmail.com,,Meghalaya,,,,,Liver,,,24,,,HLA-A: 01:01,,Karan Agarwal,,,,Sibling,,+91 9058 398 573,,,,,,,Parth Shah,,,,,,,,,,
128,20,M,B-,,+91 7210 245 833,,user980@gmail.com,,Assam,,,,,Liver,,,40,,,HLA-DRB1: 11:01,,Anjali Malhotra,,,,Sibling,,+91 7709 689 326,,,,,,,Avani Iyer,,,,,,,,,,
129,62,M,O-,,+91 8541 840 000,,user308@gmail.com,,Odisha,,,,,Liver,,,23,,,HLA-C: 07:01,,Mira Patel,,,,Healthcare Proxy,,+91 9618 492 589,,,,,,,Rohan Verma,,,,,,,,,,
130,39,M,AB-,,+91 7197 322 210,,user110@gmail.com,,Maharashtra,,,,,Liver,,,10,,,HLA-B: 08:01,,Nisha Singh,,,,Employer/Employee,,+91 7811 900 511,,,,,,,Aaradhya Malhotra,,,,,,,,,,
131,25,F,O+,,+91 8828 762 109,,user820@gmail.com,,Gujarat,,,,,Liver,,,38,,,HLA-B: 08:01,,Vikrant Singh,,,,Domestic Partner,,+91 7878 711 282,,,,,,,Riya Nair,,,,,,,,,,
132,67,M,O+,,+91 8120 290 845,,user162@gmail.com,,Punjab,,,,,Liver,,,38,,,HLA-DRB1: 15:01,,Esha Sharma,,,,Grandchild,,+91 7147 286 955,,,,,,,Arvind Menon,,,,,,,,,,
133,62,F,A+,,+91 7077 609 726,,user348@gmail.com,,West Bengal,,,,,Liver,,,34,,,HLA-A: 01:01,,Riya Banerjee,,,,Caregiver,,+91 8034 655 562,,,,,,,Esha Gupta,,,,,,,,,,
134,60,F,B+,,+91 7525 155 505,,user770@gmail.com,,West Bengal,,,,,Liver,,,20,,,HLA-A: 01:01,,Aaradhya Menon,,,,Domestic Partner,,+91 8785 946 328,,,,,,,Devraj Sharma,,,,,,,,,,
135,47,F,O+,,+91 8817 771 787,,user976@gmail.com,,Gujarat,,,,,Liver,,,29,,,HLA-DQB1: 06:02,,Ananya Patel,,,,Spouse,,+91 9015 025 292,,,,,,,Priyanka Das,,,,,,,,,,
136,32,F,AB+,,+91 9208 023 088,,user665@gmail.com,,Assam,,,,,Liver,,,12,,,HLA-C: 07:01,,Amaya Sharma,,,,Fiancé/Fiancée,,+91 9052 637 083,,,,,,,Aryan Chatterjee,,,,,,,,,,
137,27,F,AB-,,+91 7893 964 279,,user852@gmail.com,,Chandigarh,,,,,Liver,,,13,,,HLA-DQB1: 03:01,,Raghav Joshi,,,,Employer/Employee,,+91 7293 926 142,,,,,,,Anushka Patel,,,,,,,,,,
138,29,F,A+,,+91 8144 640 162,,user908@gmail.com,,Mizoram,,,,,Liver,,,39,,,HLA-DQB1: 06:02,,Vikrant Kapoor,,,,Healthcare Proxy,,+91 7147 010 227,,,,,,,Varun Reddy,,,,,,,,,,
139,64,M,B+,,+91 8201 006 405,,user754@gmail.com,,Arunachal Pradesh,,,,,Liver,,,34,,,HLA-DRB1: 11:01,,Arvind Shah,,,,Legal Guardian,,+91 9022 355 513,,,,,,,Kiara Jain,,,,,,,,,,
140,45,F,B-,,+91 7796 941 542,,user701@gmail.com,,Odisha,,,,,Liver,,,31,,,HLA-C: 07:01,,Yash Rajan,,,,Fiancé/Fiancée,,+91 7708 776 095,,,,,,,Yash Singh,,,,,,,,,,
141,28,M,A-,,+91 8651 495 025,,user655@gmail.com,,Andhra Pradesh,,,,,Liver,,,9,,,HLA-C: 03:03,,Ananya Patel,,,,Partner,,+91 7837 026 059,,,,,,,Shreya Kapoor,,,,,,,,,,
142,72,F,A+,,+91 9754 592 113,,user817@gmail.com,,Nagaland,,,,,Liver,,,16,,,HLA-C: 07:01,,Sameer Varma,,,,Healthcare Proxy,,+91 7982 309 636,,,,,,,Ravi Mehta,,,,,,,,,,
143,22,M,AB-,,+91 8246 275 141,,user291@gmail.com,,Dadra and Nagar Haveli and Daman and Diu,,,,,Liver,,,32,,,HLA-DRB1: 11:01,,Anjali Patel,,,,Healthcare Proxy,,+91 9172 468 857,,,,,,,Meera Shah,,,,,,,,,,
144,30,F,A-,,+91 7171 210 752,,user584@gmail.com,,Goa,,,,,Liver,,,35,,,HLA-C: 03:03,,Aditi Singh,,,,Sibling,,+91 9573 016 652,,,,,,,Aditya Banerjee,,,,,,,,,,
145,20,F,AB-,,+91 8186 283 805,,user658@gmail.com,,Uttar Pradesh,,,,,Liver,,,32,,,HLA-B: 08:01,,Tara Iyer,,,,Parent,,+91 8289 785 203,,,,,,,Sanjana Rana,,,,,,,,,,
146,50,M,AB+,,+91 8084 732 819,,user526@gmail.com,,Ladakh,,,,,Liver,,,16,,,HLA-C: 03:03,,Sameer Agarwal,,,,Child,,+91 9120 767 445,,,,,,,Sameer Varma,,,,,,,,,,
147,63,F,A-,,+91 9562 029 800,,user931@gmail.com,,Andaman and Nicobar Islands,,,,,Liver,,,18,,,HLA-DRB1: 15:01,,Ananya Joshi,,,,Grandchild,,+91 9163 651 428,,,,,,,Tara Singh,,,,,,,,,,
148,24,F,AB-,,+91 7112 724 886,,user938@gmail.com,,West Bengal,,,,,Liver,,,31,,,HLA-DQB1: 03:01,,Varun Chawla,,,,Co-worker,,+91 8520 510 051,,,,,,,Vikrant Kumar,,,,,,,,,,
149,60,F,O-,,+91 8697 399 851,,user196@gmail.com,,Madhya Pradesh,,,,,Liver,,,25,,,HLA-C: 07:01,,Riya Nair,,,,Domestic Partner,,+91 7164 671 337,,,,,,,Riya Iyer,,,,,,,,,,
150,29,M,B+,,+91 7913 331 524,,user597@gmail.com,,Kerala,,,,,Liver,,,13,,,HLA-C: 03:03,,Raj Sharma,,,,Spouse,,+91 7207 065 161,,,,,,,Rohit Khan,,,,,,,,,,
151,66,M,A-,,+91 8826 294 888,,user237@gmail.com,,Uttarakhand,,,,,Liver,,,17,,,HLA-DQB1: 03:01,,Alisha Iyer,,,,Grandparent,,+91 7862 676 441,,,,,,,Mira Kumar,,,,,,,,,,
152,69,M,O+,,+91 7044 331 533,,user145@gmail.com,,Tripura,,,,,Liver,,,13,,,HLA-DQB1: 03:01,,Divya Chawla,,,,Employer/Employee,,+91 8042 931 831,,,,,,,Karan Agarwal,,,,,,,,,,
153,25,F,O+,,+91 9488 957 709,,user895@gmail.com,,Gujarat,,,,,Liver,,,34,,,HLA-B: 07:02,,Varun Chawla,,,,Parent,,+91 8186 742 225,,,,,,,Anjali Raghavan,,,,,,,,,,
154,61,F,AB-,,+91 7615 101 497,,user480@gmail.com,,Dadra and Nagar Haveli and Daman and Diu,,,,,Liver,,,20,,,HLA-A: 01:01,,Nandini Patel,,,,Aunt/Uncle,,+91 7197 885 754,,,,,,,Aarav Chatterjee,,,,,,,,,,
155,68,F,O-,,+91 7906 949 508,,user421@gmail.com,,Arunachal Pradesh,,,,,Liver,,,12,,,HLA-DRB1: 15:01,,Riya Dubey,,,,Aunt/Uncle,,+91 7402 057 833,,,,,,,Nisha Desai,,,,,,,,,,
156,67,F,O-,,+91 8398 393 321,,user247@gmail.com,,Mizoram,,,,,Liver,,,9,,,HLA-B: 07:02,,Rohan Verma,,,,Spouse,,+91 9258 694 847,,,,,,,Yuvraj Patel,,,,,,,,,,
157,18,M,AB+,,+91 9541 156 726,,user817@gmail.com,,Uttarakhand,,,,,Liver,,,19,,,HLA-C: 03:03,,Kiara Patel,,,,Friend,,+91 9678 024 254,,,,,,,Shreya Sharma,,,,,,,,,,
158,21,F,A-,,+91 9013 081 448,,user930@gmail.com,,Nagaland,,,,,Liver,,,11,,,HLA-C: 07:01,,Yuvraj Singh,,,,Employer/Employee,,+91 9065 243 194,,,,,,,Raj Sharma,,,,,,,,,,
159,70,M,A-,,+91 7199 585 915,,user206@gmail.com,,Ladakh,,,,,Liver,,,18,,,HLA-DQB1: 03:01,,Siddharth Kumar,,,,Grandparent,,+91 8987 210 956,,,,,,,Ayesha Singh,,,,,,,,,,
160,22,F,B-,,+91 7913 531 760,,user608@gmail.com,,Kerala,,,,,Liver,,,7,,,HLA-B: 08:01,,Shreya Dubey,,,,Co-worker,,+91 8688 189 228,,,,,,,Arjun Mehra,,,,,,,,,,
161,45,M,A-,,+91 9242 906 830,,user209@gmail.com,,Bihar,,,,,Liver,,,12,,,HLA-A: 02:01,,Natasha Chatterjee,,,,Niece/Nephew,,+91 9071 229 710,,,,,,,Neha Dubey,,,,,,,,,,
162,49,M,AB+,,+91 9711 352 772,,user216@gmail.com,,Dadra and Nagar Haveli and Daman and Diu,,,,,Liver,,,26,,,HLA-C: 03:03,,Sameer Varma,,,,Parent,,+91 7083 974 006,,,,,,,Virat Kumar,,,,,,,,,,
163,34,F,AB+,,+91 8633 768 124,,user981@gmail.com,,Jharkhand,,,,,Liver,,,28,,,HLA-C: 07:01,,Aditya Joshi,,,,Co-worker,,+91 8987 259 273,,,,,,,Ishita Bhatt,,,,,,,,,,
164,43,F,B+,,+91 8965 690 037,,user439@gmail.com,,Lakshadweep,,,,,Liver,,,21,,,HLA-A: 01:01,,Dhruv Kapoor,,,,Caregiver,,+91 7580 465 048,,,,,,,Veer Gupta,,,,,,,,,,
165,18,F,A+,,+91 7297 058 103,,user721@gmail.com,,Karnataka,,,,,Liver,,,18,,,HLA-DRB1: 11:01,,Meera Banerjee,,,,Friend,,+91 7972 257 414,,,,,,,Kavya Joshi,,,,,,,,,,
166,56,M,A-,,+91 9543 531 888,,user804@gmail.com,,Chandigarh,,,,,Liver,,,12,,,HLA-DRB1: 11:01,,Anika Khanna,,,,Grandparent,,+91 9249 819 888,,,,,,,Armaan Menon,,,,,,,,,,
167,63,F,O-,,+91 9489 989 143,,user728@gmail.com,,Kerala,,,,,Liver,,,36,,,HLA-C: 03:03,,Maya Desai,,,,Niece/Nephew,,+91 9979 360 202,,,,,,,Ritu Patel,,,,,,,,,,
168,39,F,B+,,+91 8991 446 166,,user799@gmail.com,,Madhya Pradesh,,,,,Liver,,,29,,,HLA-A: 01:01,,Sanjana Chatterjee,,,,Spouse,,+91 8968 888 543,,,,,,,Dhruv Kapoor,,,,,,,,,,
169,39,M,A+,,+91 8554 259 450,,user591@gmail.com,,Goa,,,,,Liver,,,24,,,HLA-C: 03:03,,Shruti Reddy,,,,Cousin,,+91 7978 479 781,,,,,,,Alisha Mehra,,,,,,,,,,
170,42,F,B+,,+91 7771 931 793,,user388@gmail.com,,Uttarakhand,,,,,Liver,,,37,,,HLA-DQB1: 06:02,,Kartik Nair,,,,Legal Guardian,,+91 8885 906 348,,,,,,,Soham Singh,,,,,,,,,,
171,39,M,A-,,+91 8900 153 811,,user101@gmail.com,,Uttar Pradesh,,,,,Liver,,,33,,,HLA-A: 02:01,,Shreya Sharma,,,,Healthcare Proxy,,+91 7455 871 628,,,,,,,Natasha Chatterjee,,,,,,,,,,
172,35,M,A-,,+91 9308 568 572,,user882@gmail.com,,Goa,,,,,Liver,,,9,,,HLA-A: 02:01,,Kiara Menon,,,,Child,,+91 9561 284 829,,,,,,,Vivan Nair,,,,,,,,,,
173,72,F,B-,,+91 7714 436 699,,user285@gmail.com,,Delhi,,,,,Liver,,,40,,,HLA-C: 07:01,,Avani Singh,,,,Caregiver,,+91 8933 099 130,,,,,,,Priya Agarwal,,,,,,,,,,
174,56,F,B+,,+91 9049 863 409,,user468@gmail.com,,Lakshadweep,,,,,Liver,,,29,,,HLA-A: 01:01,,Yash Rajan,,,,Niece/Nephew,,+91 9789 051 469,,,,,,,Kabir Shah,,,,,,,,,,
175,72,M,B-,,+91 8024 840 217,,user768@gmail.com,,Lakshadweep,,,,,Liver,,,39,,,HLA-C: 03:03,,Meera Banerjee,,,,Healthcare Proxy,,+91 9663 673 848,,,,,,,Ananya Iyer,,,,,,,,,,
176,65,M,A-,,+91 9712 966 374,,user716@gmail.com,,Gujarat,,,,,Liver,,,10,,,HLA-A: 02:01,,Karan Rana,,,,Cousin,,+91 9971 730 436,,,,,,,Raghav Reddy,,,,,,,,,,
177,27,F,B+,,+91 9494 041 732,,user430@gmail.com,,Chhattisgarh,,,,,Liver,,,21,,,HLA-B: 07:02,,Varun Sharma,,,,Child,,+91 8836 382 452,,,,,,,Amaya Sharma,,,,,,,,,,
178,21,M,O+,,+91 9010 136 855,,user710@gmail.com,,Goa,,,,,Liver,,,6,,,HLA-DQB1: 06:02,,Anjali Patel,,,,Partner,,+91 9579 051 597,,,,,,,Parth Mehra,,,,,,,,,,
179,71,F,B-,,+91 9635 222 339,,user501@gmail.com,,Manipur,,,,,Liver,,,11,,,HLA-DRB1: 15:01,,Ishita Iyer,,,,Legal Guardian,,+91 7724 149 460,,,,,,,Avani Singh,,,,,,,,,,
180,59,F,B+,,+91 8506 879 101,,user390@gmail.com,,Karnataka,,,,,Liver,,,17,,,HLA-DRB1: 11:01,,Veer Mehra,,,,Legal Guardian,,+91 9937 277 772,,,,,,,Rohan Kumar,,,,,,,,,,
181,39,F,AB-,,+91 8881 792 924,,user441@gmail.com,,Gujarat,,,,,Liver,,,40,,,HLA-DRB1: 15:01,,Kabir Mehra,,,,Spouse,,+91 7255 335 293,,,,,,,Aaradhya Menon,,,,,,,,,,
182,69,M,B+,,+91 7741 017 460,,user991@gmail.com,,Meghalaya,,,,,Liver,,,12,,,HLA-DRB1: 15:01,,Rohit Chawla,,,,Healthcare Proxy,,+91 8203 803 905,,,,,,,Riya Agarwal,,,,,,,,,,
183,19,M,B+,,+91 9280 061 403,,user686@gmail.com,,Odisha,,,,,Liver,,,25,,,HLA-A: 02:01,,Virat Shah,,,,Child,,+91 9026 247 612,,,,,,,Arvind Shah,,,,,,,,,,
184,57,M,O-,,+91 9530 688 846,,user877@gmail.com,,Chandigarh,,,,,Liver,,,20,,,HLA-B: 07:02,,Aisha Dube,,,,Roommate,,+91 8837 099 510,,,,,,,Esha Chatterjee,,,,,,,,,,
185,68,F,B+,,+91 8092 082 226,,user551@gmail.com,,Karnataka,,,,,Liver,,,19,,,HLA-B: 07:02,,Arjun Gupta,,,,Neighbor,,+91 7689 829 026,,,,,,,Devraj Patel,,,,,,,,,,
186,41,F,AB+,,+91 8595 914 733,,user889@gmail.com,,Punjab,,,,,Liver,,,27,,,HLA-B: 08:01,,Ayesha Khan,,,,Healthcare Proxy,,+91 9905 218 646,,,,,,,Priyanka Choudhury,,,,,,,,,,
187,33,M,O-,,+91 8908 098 955,,user962@gmail.com,,Chhattisgarh,,,,,Liver,,,7,,,HLA-B: 07:02,,Riya Reddy,,,,Cousin,,+91 8296 304 309,,,,,,,Aryan Desai,,,,,,,,,,
188,56,M,B-,,+91 7060 166 670,,user607@gmail.com,,Madhya Pradesh,,,,,Liver,,,23,,,HLA-DQB1: 03:01,,Rohan Desai,,,,Aunt/Uncle,,+91 9915 611 141,,,,,,,Anushka Gupta,,,,,,,,,,
189,23,M,O-,,+91 8870 605 353,,user410@gmail.com,,Haryana,,,,,Liver,,,16,,,HLA-B: 08:01,,Rohit Chatterjee,,,,Domestic Partner,,+91 7832 339 025,,,,,,,Varun Sharma,,,,,,,,,,
190,39,F,AB+,,+91 8935 036 689,,user517@gmail.com,,Lakshadweep,,,,,Liver,,,23,,,HLA-B: 08:01,,Anjali Malhotra,,,,Caregiver,,+91 9580 522 004,,,,,,,Kiara Patel,,,,,,,,,,
191,52,F,B+,,+91 7221 351 090,,user230@gmail.com,,Haryana,,,,,Liver,,,35,,,HLA-C: 03:03,,Yuvraj Singh,,,,Grandchild,,+91 8359 266 246,,,,,,,Yash Mehra,,,,,,,,,,
192,63,M,O-,,+91 9007 573 727,,user218@gmail.com,,Dadra and Nagar Haveli and Daman and Diu,,,,,Liver,,,33,,,HLA-DRB1: 11:01,,Rohan Kumar,,,,Partner,,+91 9699 730 345,,,,,,,Shreya Banerjee,,,,,,,,,,
193,55,M,AB-,,+91 8755 034 873,,user831@gmail.com,,Nagaland,,,,,Liver,,,25,,,HLA-B: 08:01,,Kabir Malhotra,,,,Legal Guardian,,+91 8035 845 706,,,,,,,Ravi Rana,,,,,,,,,,
194,33,M,A+,,+91 7533 744 107,,user493@gmail.com,,Punjab,,,,,Liver,,,28,,,HLA-C: 07:01,,Ravi Khanna,,,,Cousin,,+91 9886 789 780,,,,,,,Meera Patel,,,,,,,,,,
195,54,M,B+,,+91 8998 586 744,,user352@gmail.com,,Puducherry,,,,,Liver,,,34,,,HLA-C: 07:01,,Anushka Patel,,,,Niece/Nephew,,+91 7534 119 817,,,,,,,Aditya Joshi,,,,,,,,,,
196,65,F,B+,,+91 9245 214 372,,user910@gmail.com,,Lakshadweep,,,,,Liver,,,11,,,HLA-A: 01:01,,Anika Khanna,,,,Healthcare Proxy,,+91 7971 539 932,,,,,,,Sanjana Kumar,,,,,,,,,,
197,43,M,A-,,+91 7855 432 107,,user892@gmail.com,,Delhi,,,,,Liver,,,9,,,HLA-A: 02:01,,Shreya Banerjee,,,,Parent,,+91 7308 131 787,,,,,,,Sameer Agarwal,,,,,,,,,,
198,53,M,AB-,,+91 7566 163 440,,user364@gmail.com,,Sikkim,,,,,Liver,,,34,,,HLA-DRB1: 15:01,,Shreya Sharma,,,,Grandparent,,+91 9342 637 347,,,,,,,Tara Dubey,,,,,,,,,,
199,26,M,B+,,+91 7474 082 942,,user129@gmail.com,,Chandigarh,,,,,Liver,,,39,,,HLA-DQB1: 06:02,,Avani Choudhury,,,,Partner,,+91 9831 535 416,,,,,,,Vikrant Singh,,,,,,,,,,
200,34,M,O-,,+91 8780 409 578,,user868@gmail.com,,Uttar Pradesh,,,,,Liver,,,34,,,HLA-A: 01:01,,Aditya Reddy,,,,Co-worker,,+91 7775 338 141,,,,,,,Riya Reddy,,,,,,,,,,
201,65,M,A+,,+91 7441 846 446,,user142@gmail.com,,Lakshadweep,,,,,Liver,,,31,,,HLA-B: 07:02,,Shreya Banerjee,,,,Grandchild,,+91 7322 523 138,,,,,,,Rohit Chawla,,,,,,,,,,
202,18,F,B+,,+91 8032 842 710,,user635@gmail.com,,Uttar Pradesh,,,,,Liver,,,10,,,HLA-B: 08:01,,Rohit Kumar,,,,Co-worker,,+91 8265 227 534,,,,,,,Mira Iyer,,,,,,,,,,
203,28,M,A+,,+91 8569 824 209,,user552@gmail.com,,Madhya Pradesh,,,,,Liver,,,17,,,HLA-DQB1: 03:01,,Parth Shah,,,,Fiancé/Fiancée,,+91 7822 073 262,,,,,,,Karan Verma,,,,,,,,,,
204,52,F,A+,,+91 7970 341 511,,user444@gmail.com,,Uttar Pradesh,,,,,Liver,,,15,,,HLA-DQB1: 06:02,,Parth Singh,,,,Aunt/Uncle,,+91 7285 521 324,,,,,,,Anjali Khan,,,,,,,,,,
205,20,M,A-,,+91 8051 061 007,,user597@gmail.com,,Ladakh,,,,,Liver,,,29,,,HLA-A: 02:01,,Arvind Menon,,,,Friend,,+91 9473 328 573,,,,,,,Aarav Rao,,,,,,,,,,
206,26,M,B-,,+91 9894 319 232,,user206@gmail.com,,Andaman and Nicobar Islands,,,,,Liver,,,19,,,HLA-C: 07:01,,Arvind Nair,,,,Aunt/Uncle,,+91 7861 842 624,,,,,,,Nisha Raghavan,,,,,,,,,,
207,46,F,AB-,,+91 8702 454 457,,user362@gmail.com,,Lakshadweep,,,,,Liver,,,37,,,HLA-A: 01:01,,Soham Singh,,,,Aunt/Uncle,,+91 7474 090 309,,,,,,,Yuvraj Agarwal,,,,,,,,,,
208,74,F,O+,,+91 7875 385 561,,user864@gmail.com,,Delhi,,,,,Liver,,,6,,,HLA-C: 03:03,,Alisha Choudhury,,,,Aunt/Uncle,,+91 8583 584 838,,,,,,,Shreya Menon,,,,,,,,,,
209,42,M,AB-,,+91 8751 558 099,,user490@gmail.com,,Assam,,,,,Liver,,,7,,,HLA-DRB1: 15:01,,Veer Gupta,,,,Fiancé/Fiancée,,+91 9119 100 415,,,,,,,Raj Khanna,,,,,,,,,,
210,62,M,B-,,+91 7020 366 859,,user693@gmail.com,,Maharashtra,,,,,Liver,,,35,,,HLA-DQB1: 03:01,,Parth Shah,,,,Fiancé/Fiancée,,+91 8515 983 321,,,,,,,Ayesha Sharma,,,,,,,,,,
211,33,F,AB-,,+91 9846 637 944,,user105@gmail.com,,Karnataka,,,,,Liver,,,29,,,HLA-B: 07:02,,Armaan Sharma,,,,Legal Guardian,,+91 7183 532 713,,,,,,,Arjun Dubey,,,,,,,,,,
212,23,F,O-,,+91 8045 898 799,,user848@gmail.com,,Mizoram,,,,,Liver,,,25,,,HLA-A: 01:01,,Shreya Dubey,,,,Legal Guardian,,+91 8794 053 110,,,,,,,Neha Chatterjee,,,,,,,,,,
213,58,F,O-,,+91 8521 546 816,,user417@gmail.com,,Bihar,,,,,Liver,,,32,,,HLA-A: 02:01,,Ishita Iyer,,,,Spouse,,+91 9203 086 308,,,,,,,Virat Mehta,,,,,,,,,,
214,74,F,O+,,+91 9228 228 656,,user129@gmail.com,,Nagaland,,,,,Liver,,,20,,,HLA-B: 07:02,,Aditya Joshi,,,,Spouse,,+91 7146 504 988,,,,,,,Ishita Patel,,,,,,,,,,
215,62,M,B+,,+91 8822 284 920,,user575@gmail.com,,Himachal Pradesh,,,,,Liver,,,12,,,HLA-A: 02:01,,Nisha Raghavan,,,,Fiancé/Fiancée,,+91 9332 413 137,,,,,,,Veer Mehra,,,,,,,,,,
216,46,M,O+,,+91 9885 049 252,,user733@gmail.com,,Assam,,,,,Liver,,,13,,,HLA-C: 03:03,,Varun Reddy,,,,Spouse,,+91 9793 278 014,,,,,,,Kavya Khan,,,,,,,,,,
217,26,F,A-,,+91 9733 718 844,,user650@gmail.com,,Odisha,,,,,Liver,,,30,,,HLA-DQB1: 03:01,,Rohan Desai,,,,Friend,,+91 8169 690 132,,,,,,,Armaan Sharma,,,,,,,,,,
218,62,M,B+,,+91 9487 736 439,,user173@gmail.com,,Sikkim,,,,,Liver,,,30,,,HLA-DRB1: 11:01,,Yash Singh,,,,Cousin,,+91 9398 522 010,,,,,,,Ritu Dubey,,,,,,,,,,
219,28,M,AB-,,+91 8067 164 175,,user667@gmail.com,,Tamil Nadu,,,,,Liver,,,11,,,HLA-C: 07:01,,Vikrant Kumar,,,,Aunt/Uncle,,+91 9007 878 452,,,,,,,Dhruv Chawla,,,,,,,,,,
220,21,F,A-,,+91 7711 090 230,,user921@gmail.com,,Ladakh,,,,,Liver,,,13,,,HLA-A: 02:01,,Devraj Sharma,,,,Friend,,+91 7736 709 986,,,,,,,Alisha Iyer,,,,,,,,,,
221,57,M,A-,,+91 8182 340 994,,user145@gmail.com,,Tripura,,,,,Liver,,,12,,,HLA-DQB1: 03:01,,Esha Chatterjee,,,,Neighbor,,+91 7786 804 481,,,,,,,Soham Kapoor,,,,,,,,,,
222,68,F,AB-,,+91 7994 504 464,,user218@gmail.com,,Chhattisgarh,,,,,Liver,,,24,,,HLA-DQB1: 06:02,,Vivan Sharma,,,,Legal Guardian,,+91 9511 640 764,,,,,,,Natasha Mehra,,,,,,,,,,
223,19,F,O+,,+91 9723 545 980,,user211@gmail.com,,Ladakh,,,,,Liver,,,15,,,HLA-DQB1: 03:01,,Maya Desai,,,,Partner,,+91 9233 534 280,,,,,,,Vivan Sharma,,,,,,,,,,
224,66,M,A-,,+91 7277 659 403,,user105@gmail.com,,Madhya Pradesh,,,,,Liver,,,19,,,HLA-DRB1: 11:01,,Nisha Patel,,,,Niece/Nephew,,+91 8552 223 493,,,,,,,Priya Singh,,,,,,,,,,
225,75,F,AB+,,+91 7090 748 016,,user867@gmail.com,,Andhra Pradesh,,,,,Liver,,,32,,,HLA-B: 08:01,,Dhruv Kapoor,,,,Grandparent,,+91 9039 888 485,,,,,,,Kabir Mehra,,,,,,,,,,
226,75,M,B+,,+91 7656 892 944,,user132@gmail.com,,Uttar Pradesh,,,,,Liver,,,31,,,HLA-B: 08:01,,Dev Mehta,,,,Grandparent,,+91 8617 812 618,,,,,,,Ananya Agarwal,,,,,,,,,,
227,55,M,O-,,+91 8310 190 882,,user805@gmail.com,,Sikkim,,,,,Liver,,,40,,,HLA-DQB1: 06:02,,Yash Mehra,,,,Friend,,+91 7491 135 085,,,,,,,Raghav Chatterjee,,,,,,,,,,
228,56,M,O+,,+91 7904 485 093,,user618@gmail.com,,Nagaland,,,,,Liver,,,7,,,HLA-B: 07:02,,Siddharth Kumar,,,,Roommate,,+91 8788 185 464,,,,,,,Amaya Verma,,,,,,,,,,
229,51,F,O-,,+91 8090 525 324,,user375@gmail.com,,Assam,,,,,Liver,,,6,,,HLA-B: 08:01,,Aryan Desai,,,,Niece/Nephew,,+91 8904 918 374,,,,,,,Parth Singh,,,,,,,,,,
230,59,F,AB-,,+91 7791 141 686,,user288@gmail.com,,Uttarakhand,,,,,Liver,,,18,,,HLA-A: 01:01,,Aaradhya Shah,,,,Friend,,+91 7109 604 013,,,,,,,Avani Choudhury,,,,,,,,,,
231,63,F,AB+,,+91 8605 169 588,,user645@gmail.com,,Arunachal Pradesh,,,,,Liver,,,18,,,HLA-B: 07:02,,Armaan Rana,,,,Healthcare Proxy,,+91 7722 765 999,,,,,,,Rohan Desai,,,,,,,,,,
232,56,M,O+,,+91 7107 125 209,,user941@gmail.com,,Punjab,,,,,Liver,,,17,,,HLA-DQB1: 03:01,,Parth Shah,,,,Domestic Partner,,+91 9257 372 155,,,,,,,Aaradhya Shah,,,,,,,,,,
233,46,M,O-,,+91 7364 365 210,,user947@gmail.com,,Goa,,,,,Liver,,,36,,,HLA-A: 01:01,,Armaan Menon,,,,Friend,,+91 8191 734 346,,,,,,,Riya Banerjee,,,,,,,,,,
234,76,F,B-,,+91 9857 712 937,,user718@gmail.com,,Kerala,,,,,Liver,,,36,,,HLA-B: 08:01,,Rohit Kumar,,,,Cousin,,+91 7510 970 341,,,,,,,Arvind Nair,,,,,,,,,,
235,30,M,O+,,+91 8118 838 699,,user875@gmail.com,,Assam,,,,,Liver,,,22,,,HLA-DRB1: 15:01,,Anushka Dubey,,,,Co-worker,,+91 8816 871 831,,,,,,,Esha Sharma,,,,,,,,,,
236,66,M,O+,,+91 8249 377 444,,user886@gmail.com,,Nagaland,,,,,Liver,,,7,,,HLA-DRB1: 11:01,,Parth Shah,,,,Niece/Nephew,,+91 9618 886 796,,,,,,,Devraj Mehra,,,,,,,,,,
237,44,M,B+,,+91 7834 949 490,,user322@gmail.com,,Manipur,,,,,Liver,,,25,,,HLA-DQB1: 03:01,,Yuvraj Patel,,,,Healthcare Proxy,,+91 7967 655 437,,,,,,,Priyanka Rao,,,,,,,,,,
238,48,M,B-,,+91 8210 817 809,,user415@gmail.com,,Lakshadweep,,,,,Liver,,,11,,,HLA-DQB1: 03:01,,Nandini Patel,,,,Niece/Nephew,,+91 8206 199 403,,,,,,,Aryan Kapoor,,,,,,,,,,
239,73,F,O+,,+91 7369 321 289,,user597@gmail.com,,Telangana,,,,,Liver,,,13,,,HLA-DRB1: 11:01,,Mira Patel,,,,Fiancé/Fiancée,,+91 9791 161 641,,,,,,,Anushka Dubey,,,,,,,,,,
240,34,F,B-,,+91 9268 743 997,,user105@gmail.com,,Tripura,,,,,Liver,,,29,,,HLA-DQB1: 06:02,,Aditya Reddy,,,,Aunt/Uncle,,+91 9313 049 614,,,,,,,Varun Chawla,,,,,,,,,,
241,23,F,AB-,,+91 7718 345 081,,user343@gmail.com,,Andaman and Nicobar Islands,,,,,Liver,,,37,,,HLA-C: 07:01,,Ananya Iyer,,,,Spouse,,+91 7362 131 230,,,,,,,Kiara Menon,,,,,,,,,,
242,70,F,A-,,+91 8411 673 594,,user465@gmail.com,,Jharkhand,,,,,Liver,,,7,,,HLA-DQB1: 03:01,,Ravi Rana,,,,Domestic Partner,,+91 9924 525 969,,,,,,,Yash Verma,,,,,,,,,,
243,35,M,O+,,+91 9939 824 527,,user915@gmail.com,,Lakshadweep,,,,,Liver,,,24,,,HLA-B: 07:02,,Ayesha Khan,,,,Fiancé/Fiancée,,+91 9394 767 878,,,,,,,Shreya Singh,,,,,,,,,,
244,39,F,A-,,+91 7911 930 156,,user511@gmail.com,,Rajasthan,,,,,Liver,,,12,,,HLA-A: 02:01,,Aditya Banerjee,,,,Friend,,+91 7484 834 644,,,,,,,Ravi Khanna,,,,,,,,,,
245,43,F,A+,,+91 9750 065 460,,user871@gmail.com,,Ladakh,,,,,Liver,,,35,,,HLA-B: 07:02,,Vikrant Dubey,,,,Healthcare Proxy,,+91 9028 878 569,,,,,,,Meera Banerjee,,,,,,,,,,
246,53,M,B+,,+91 7686 734 355,,user125@gmail.com,,Uttarakhand,,,,,Liver,,,15,,,HLA-DQB1: 06:02,,Shreya Dubey,,,,Domestic Partner,,+91 9066 362 375,,,,,,,Aditya Reddy,,,,,,,,,,
247,80,F,AB+,,+91 8299 977 366,,user394@gmail.com,,Telangana,,,,,Liver,,,20,,,HLA-C: 07:01,,Sanjana Rana,,,,Employer/Employee,,+91 9444 671 931,,,,,,,Sanjana Chatterjee,,,,,,,,,,
248,73,M,B+,,+91 9813 370 728,,user703@gmail.com,,Nagaland,,,,,Liver,,,31,,,HLA-C: 03:03,,Sameer Agarwal,,,,Child,,+91 7409 349 930,,,,,,,Sameer Patel,,,,,,,,,,
249,22,F,B-,,+91 7167 058 886,,user340@gmail.com,,Tamil Nadu,,,,,Liver,,,39,,,HLA-DRB1: 11:01,,Arjun Kumar,,,,Domestic Partner,,+91 8090 205 295,,,,,,,Tara Mehra,,,,,,,,,,
250,39,F,A+,,+91 9121 950 947,,user255@gmail.com,,Arunachal Pradesh,,,,,Liver,,,30,,,HLA-DQB1: 06:02,,Vikram Kapoor,,,,Sibling,,+91 7298 344 358,,,,,,,Vikrant Dubey,,,,,,,,,,
251,75,F,B+,,+91 8241 556 965,,user458@gmail.com,,Maharashtra,,,,,Liver,,,39,,,HLA-DQB1: 06:02,,Aarav Chatterjee,,,,Partner,,+91 7643 586 611,,,,,,,Riya Joshi,,,,,,,,,,
252,49,F,O-,,+91 7434 674 674,,user189@gmail.com,,Nagaland,,,,,Liver,,,34,,,HLA-B: 07:02,,Arjun Gupta,,,,Caregiver,,+91 9945 919 774,,,,,,,Rohit Kumar,,,,,,,,,,
253,43,F,B+,,+91 9064 961 814,,user732@gmail.com,,Mizoram,,,,,Liver,,,19,,,HLA-C: 03:03,,Shreya Singh,,,,Niece/Nephew,,+91 9247 203 853,,,,,,,Mira Agarwal,,,,,,,,,,
254,66,M,B-,,+91 8419 921 675,,user279@gmail.com,,Himachal Pradesh,,,,,Liver,,,16,,,HLA-A: 02:01,,Yash Rajan,,,,Niece/Nephew,,+91 8386 930 034,,,,,,,Karan Rana,,,,,,,,,,
255,54,F,A+,,+91 8900 188 616,,user896@gmail.com,,Manipur,,,,,Liver,,,19,,,HLA-DRB1: 15:01,,Meera Sharma,,,,Grandchild,,+91 7483 837 826,,,,,,,Anjali Patel,,,,,,,,,,
256,24,M,A-,,+91 7313 005 813,,user447@gmail.com,,Delhi,,,,,Liver,,,25,,,HLA-C: 03:03,,Varun Reddy,,,,Neighbor,,+91 9802 276 490,,,,,,,Aarav Chawla,,,,,,,,,,
257,42,F,AB+,,+91 8315 813 152,,user685@gmail.com,,Uttarakhand,,,,,Liver,,,39,,,HLA-DRB1: 15:01,,Nandini Patel,,,,Spouse,,+91 7592 646 489,,,,,,,Nisha Mehra,,,,,,,,,,
258,23,F,A-,,+91 7286 423 488,,user550@gmail.com,,Chhattisgarh,,,,,Liver,,,20,,,HLA-DQB1: 03:01,,Ishita Iyer,,,,Parent,,+91 9069 582 946,,,,,,,Yuvraj Chatterjee,,,,,,,,,,
259,29,M,AB-,,+91 8816 272 761,,user287@gmail.com,,Sikkim,,,,,Liver,,,35,,,HLA-DQB1: 06:02,,Kavya Reddy,,,,Fiancé/Fiancée,,+91 8727 083 740,,,,,,,Shreya Dubey,,,,,,,,,,
260,79,M,B+,,+91 7751 152 800,,user229@gmail.com,,Andhra Pradesh,,,,,Liver,,,33,,,HLA-B: 07:02,,Riya Sharma,,,,Aunt/Uncle,,+91 9677 942 034,,,,,,,,,,,,,,,,,
261,75,M,B-,,+91 9356 742 368,,user539@gmail.com,,Chandigarh,,,,,Liver,,,16,,,HLA-B: 07:02,,Rishi Venkatesh,,,,Aunt/Uncle,,+91 7983 504 486,,,,,,,,,,,,,,,,,
262,27,M,A-,,+91 8463 692 964,,user865@gmail.com,,Kerala,,,,,Liver,,,35,,,HLA-DRB1: 15:01,,Ananya Joshi,,,,Domestic Partner,,+91 9209 663 756,,,,,,,,,,,,,,,,,
263,65,F,O-,,+91 7773 021 995,,user726@gmail.com,,Arunachal Pradesh,,,,,Liver,,,26,,,HLA-C: 07:01,,Kiara Patel,,,,Sibling,,+91 7542 275 878,,,,,,,,,,,,,,,,,
264,48,M,B-,,+91 8771 256 930,,user161@gmail.com,,Andhra Pradesh,,,,,Liver,,,30,,,HLA-DRB1: 11:01,,Aarav Chatterjee,,,,Cousin,,+91 7620 123 663,,,,,,,,,,,,,,,,,
265,30,F,AB+,,+91 8309 842 121,,user967@gmail.com,,Mizoram,,,,,Liver,,,38,,,HLA-A: 01:01,,Vikrant Singh,,,,Sibling,,+91 9950 375 010,,,,,,,,,,,,,,,,,
266,37,M,B+,,+91 8800 928 605,,user432@gmail.com,,Sikkim,,,,,Liver,,,11,,,HLA-B: 08:01,,Ayesha Sharma,,,,Neighbor,,+91 9937 417 112,,,,,,,,,,,,,,,,,
267,29,M,O-,,+91 9994 404 592,,user306@gmail.com,,Manipur,,,,,Liver,,,37,,,HLA-DRB1: 11:01,,Anjali Khan,,,,Cousin,,+91 8761 520 726,,,,,,,,,,,,,,,,,
268,29,M,O+,,+91 9472 388 267,,user161@gmail.com,,Haryana,,,,,Liver,,,34,,,HLA-A: 01:01,,Sanjana Raghavan,,,,Fiancé/Fiancée,,+91 9324 724 796,,,,,,,,,,,,,,,,,
269,57,M,AB+,,+91 9687 591 983,,user959@gmail.com,,Punjab,,,,,Liver,,,27,,,HLA-B: 08:01,,Divya Chawla,,,,Aunt/Uncle,,+91 8548 189 445,,,,,,,,,,,,,,,,,
270,61,M,B-,,+91 7029 193 378,,user111@gmail.com,,Puducherry,,,,,Liver,,,24,,,HLA-B: 07:02,,Alisha Choudhury,,,,Partner,,+91 7904 186 445,,,,,,,,,,,,,,,,,
271,25,M,B-,,+91 8510 406 114,,user603@gmail.com,,West Bengal,,,,,Liver,,,14,,,HLA-A: 02:01,,Mira Agarwal,,,,Partner,,+91 9312 601 565,,,,,,,,,,,,,,,,,
272,35,F,AB+,,+91 8897 999 373,,user611@gmail.com,,Ladakh,,,,,Liver,,,7,,,HLA-C: 03:03,,Riya Nair,,,,Partner,,+91 9587 051 013,,,,,,,,,,,,,,,,,
273,80,M,AB+,,+91 9537 822 412,,user525@gmail.com,,Assam,,,,,Liver,,,6,,,HLA-DQB1: 06:02,,Soham Singh,,,,Legal Guardian,,+91 9033 624 575,,,,,,,,,,,,,,,,,
274,25,F,B+,,+91 9552 923 069,,user572@gmail.com,,Andaman and Nicobar Islands,,,,,Liver,,,8,,,HLA-B: 08:01,,Mira Patel,,,,Roommate,,+91 8518 376 508,,,,,,,,,,,,,,,,,
275,55,M,B+,,+91 7488 383 558,,user518@gmail.com,,Chhattisgarh,,,,,Liver,,,19,,,HLA-B: 07:02,,Ishita Iyer,,,,Partner,,+91 9765 280 851,,,,,,,,,,,,,,,,,
276,70,F,B-,,+91 9096 089 404,,user992@gmail.com,,Karnataka,,,,,Liver,,,30,,,HLA-DQB1: 06:02,,Karan Agarwal,,,,Fiancé/Fiancée,,+91 9084 903 843,,,,,,,,,,,,,,,,,
277,51,M,B-,,+91 8111 697 506,,user160@gmail.com,,Madhya Pradesh,,,,,Liver,,,40,,,HLA-A: 01:01,,Kabir Shah,,,,Fiancé/Fiancée,,+91 9055 577 535,,,,,,,,,,,,,,,,,
278,77,F,AB+,,+91 9264 546 319,,user776@gmail.com,,Maharashtra,,,,,Liver,,,22,,,HLA-A: 02:01,,Kavita Iyer,,,,Niece/Nephew,,+91 7963 710 578,,,,,,,,,,,,,,,,,
279,77,F,AB-,,+91 8538 454 364,,user845@gmail.com,,Nagaland,,,,,Liver,,,26,,,HLA-C: 03:03,,Devraj Mehra,,,,Aunt/Uncle,,+91 9810 982 475,,,,,,,,,,,,,,,,,
280,66,F,O+,,+91 9645 290 652,,user506@gmail.com,,Tamil Nadu,,,,,Liver,,,17,,,HLA-A: 01:01,,Shreya Banerjee,,,,Neighbor,,+91 7850 322 402,,,,,,,,,,,,,,,,,
281,70,F,A+,,+91 8674 121 962,,user706@gmail.com,,Lakshadweep,,,,,Liver,,,38,,,HLA-B: 08:01,,Ishita Iyer,,,,Parent,,+91 8061 832 453,,,,,,,,,,,,,,,,,
282,31,M,B-,,+91 9986 830 124,,user578@gmail.com,,Chandigarh,,,,,Liver,,,19,,,HLA-C: 07:01,,Esha Sharma,,,,Parent,,+91 8144 258 578,,,,,,,,,,,,,,,,,
283,39,M,O-,,+91 9085 393 914,,user974@gmail.com,,Karnataka,,,,,Liver,,,40,,,HLA-DQB1: 03:01,,Sameer Gupta,,,,Grandchild,,+91 7051 160 502,,,,,,,,,,,,,,,,,
284,27,F,A+,,+91 8522 342 892,,user680@gmail.com,,Punjab,,,,,Liver,,,8,,,HLA-DQB1: 03:01,,Ishita Iyer,,,,Aunt/Uncle,,+91 8579 329 247,,,,,,,,,,,,,,,,,
285,53,M,A+,,+91 7931 207 333,,user715@gmail.com,,Meghalaya,,,,,Liver,,,15,,,HLA-C: 03:03,,Aditya Shah,,,,Niece/Nephew,,+91 9975 248 747,,,,,,,,,,,,,,,,,
286,33,F,B+,,+91 9426 857 705,,user183@gmail.com,,Uttar Pradesh,,,,,Liver,,,39,,,HLA-B: 08:01,,Esha Sharma,,,,Fiancé/Fiancée,,+91 8175 409 437,,,,,,,,,,,,,,,,,
287,24,M,AB-,,+91 8021 926 617,,user543@gmail.com,,Assam,,,,,Liver,,,35,,,HLA-DQB1: 06:02,,Virat Shah,,,,Friend,,+91 8949 938 212,,,,,,,,,,,,,,,,,
288,67,M,O+,,+91 9034 601 299,,user376@gmail.com,,Lakshadweep,,,,,Liver,,,35,,,HLA-C: 03:03,,Siddharth Kumar,,,,Partner,,+91 8932 656 626,,,,,,,,,,,,,,,,,
289,80,M,O-,,+91 7827 115 688,,user365@gmail.com,,Andhra Pradesh,,,,,Liver,,,10,,,HLA-DQB1: 06:02,,Natasha Bhatt,,,,Grandparent,,+91 8375 794 441,,,,,,,,,,,,,,,,,
290,75,M,O-,,+91 7347 743 238,,user350@gmail.com,,Himachal Pradesh,,,,,Liver,,,11,,,HLA-DRB1: 11:01,,Divya Chawla,,,,Grandchild,,+91 7694 397 976,,,,,,,,,,,,,,,,,
291,35,F,B-,,+91 7278 359 072,,user167@gmail.com,,West Bengal,,,,,Liver,,,19,,,HLA-B: 08:01,,Virat Shah,,,,Grandchild,,+91 9527 619 387,,,,,,,,,,,,,,,,,
292,19,M,B+,,+91 8764 711 310,,user440@gmail.com,,Ladakh,,,,,Liver,,,24,,,HLA-C: 03:03,,Nandini Patel,,,,Child,,+91 7338 897 904,,,,,,,,,,,,,,,,,
293,67,F,AB+,,+91 7480 849 972,,user934@gmail.com,,Assam,,,,,Liver,,,15,,,HLA-DRB1: 11:01,,Vivan Nair,,,,Sibling,,+91 9538 421 872,,,,,,,,,,,,,,,,,
294,42,M,B+,,+91 8392 782 351,,user841@gmail.com,,Madhya Pradesh,,,,,Liver,,,30,,,HLA-DQB1: 06:02,,Varun Reddy,,,,Legal Guardian,,+91 7041 703 926,,,,,,,,,,,,,,,,,
295,42,F,B-,,+91 8064 798 662,,user131@gmail.com,,Haryana,,,,,Liver,,,16,,,HLA-C: 03:03,,Aditya Reddy,,,,Grandparent,,+91 8018 577 987,,,,,,,,,,,,,,,,,
296,72,M,O+,,+91 9785 155 879,,user423@gmail.com,,Puducherry,,,,,Liver,,,36,,,HLA-DRB1: 15:01,,Sanjana Chatterjee,,,,Employer/Employee,,+91 9756 843 807,,,,,,,,,,,,,,,,,
297,33,F,A+,,+91 9283 237 866,,user587@gmail.com,,Tamil Nadu,,,,,Liver,,,27,,,HLA-B: 07:02,,Vikram Kapoor,,,,Partner,,+91 7892 419 845,,,,,,,,,,,,,,,,,
298,22,M,O-,,+91 7891 866 473,,user775@gmail.com,,Rajasthan,,,,,Liver,,,31,,,HLA-B: 07:02,,Arvind Menon,,,,Neighbor,,+91 7734 859 405,,,,,,,,,,,,,,,,,
299,75,M,O-,,+91 7143 137 884,,user601@gmail.com,,Ladakh,,,,,Liver,,,17,,,HLA-DQB1: 06:02,,Sanjana Kumar,,,,Caregiver,,+91 9993 474 114,,,,,,,,,,,,,,,,,
300,31,F,O+,,+91 7409 428 793,,user522@gmail.com,,Haryana,,,,,Liver,,,8,,,HLA-DQB1: 03:01,,Shreya Dubey,,,,Co-worker,,+91 8028 610 288,,,,,,,,,,,,,,,,,
301,70,M,O-,,+91 9440 873 488,,user918@gmail.com,,Meghalaya,,,,,Liver,,,19,,,HLA-B: 07:02,,Riya Nair,,,,Grandchild,,+91 7140 920 351,,,,,,,,,,,,,,,,,
302,73,F,O-,,+91 7795 193 262,,user461@gmail.com,,Maharashtra,,,,,Liver,,,30,,,HLA-DQB1: 06:02,,Vikrant Kumar,,,,Healthcare Proxy,,+91 8489 076 985,,,,,,,,,,,,,,,,,
303,19,M,O+,,+91 9667 240 829,,user883@gmail.com,,Tripura,,,,,Liver,,,40,,,HLA-DQB1: 06:02,,Meera Patel,,,,Co-worker,,+91 9960 967 568,,,,,,,,,,,,,,,,,
304,27,M,B-,,+91 7563 840 064,,user417@gmail.com,,Uttar Pradesh,,,,,Liver,,,8,,,HLA-DRB1: 11:01,,Devraj Mehra,,,,Caregiver,,+91 9449 059 104,,,,,,,,,,,,,,,,,
305,29,M,O-,,+91 8964 803 067,,user947@gmail.com,,Tamil Nadu,,,,,Liver,,,14,,,HLA-A: 02:01,,Neha Chatterjee,,,,Employer/Employee,,+91 9209 618 990,,,,,,,,,,,,,,,,,
306,34,M,B-,,+91 7713 260 302,,user113@gmail.com,,Uttarakhand,,,,,Liver,,,17,,,HLA-DRB1: 15:01,,Shreya Singh,,,,Healthcare Proxy,,+91 9872 430 518,,,,,,,,,,,,,,,,,
307,19,F,A+,,+91 9420 052 827,,user844@gmail.com,,Karnataka,,,,,Liver,,,19,,,HLA-DQB1: 03:01,,Yash Mehra,,,,Grandparent,,+91 8377 398 095,,,,,,,,,,,,,,,,,
308,41,M,A-,,+91 7101 384 912,,user508@gmail.com,,Uttar Pradesh,,,,,Liver,,,27,,,HLA-C: 07:01,,Ritu Agarwal,,,,Friend,,+91 7590 201 836,,,,,,,,,,,,,,,,,
309,78,M,O-,,+91 8150 117 690,,user913@gmail.com,,Chandigarh,,,,,Liver,,,24,,,HLA-DQB1: 06:02,,Yash Mehra,,,,Niece/Nephew,,+91 8967 297 624,,,,,,,,,,,,,,,,,
310,67,M,B+,,+91 9258 839 382,,user695@gmail.com,,Uttarakhand,,,,,Liver,,,39,,,HLA-C: 03:03,,Devraj Mehra,,,,Roommate,,+91 9865 754 366,,,,,,,,,,,,,,,,,
311,46,M,A-,,+91 9517 539 968,,user179@gmail.com,,Kerala,,,,,Liver,,,26,,,HLA-DQB1: 06:02,,Sneha Varma,,,,Grandparent,,+91 8415 397 439,,,,,,,,,,,,,,,,,
312,62,F,AB-,,+91 9090 768 132,,user413@gmail.com,,Tamil Nadu,,,,,Liver,,,23,,,HLA-B: 07:02,,Ritu Dubey,,,,Roommate,,+91 8374 245 428,,,,,,,,,,,,,,,,,
313,44,F,AB+,,+91 9188 248 310,,user642@gmail.com,,Mizoram,,,,,Liver,,,23,,,HLA-A: 01:01,,Ananya Iyer,,,,Healthcare Proxy,,+91 9722 728 104,,,,,,,,,,,,,,,,,
314,56,M,A-,,+91 8172 652 867,,user407@gmail.com,,Jharkhand,,,,,Liver,,,17,,,HLA-B: 08:01,,Kiara Menon,,,,Roommate,,+91 9613 756 687,,,,,,,,,,,,,,,,,
315,63,M,B+,,+91 8475 775 436,,user612@gmail.com,,Madhya Pradesh,,,,,Liver,,,16,,,HLA-DRB1: 15:01,,Sanjana Raghavan,,,,Spouse,,+91 9782 694 720,,,,,,,,,,,,,,,,,
316,77,M,A-,,+91 7547 560 421,,user714@gmail.com,,Maharashtra,,,,,Liver,,,7,,,HLA-A: 02:01,,Aryan Desai,,,,Grandchild,,+91 7425 324 537,,,,,,,,,,,,,,,,,
317,79,M,AB-,,+91 8909 703 658,,user170@gmail.com,,Uttarakhand,,,,,Liver,,,23,,,HLA-B: 08:01,,Ravi Khanna,,,,Grandparent,,+91 7439 227 477,,,,,,,,,,,,,,,,,
318,52,F,AB-,,+91 9167 727 524,,user313@gmail.com,,Andhra Pradesh,,,,,Liver,,,8,,,HLA-DQB1: 06:02,,Meera Patel,,,,Legal Guardian,,+91 9910 190 648,,,,,,,,,,,,,,,,,
319,59,M,B-,,+91 9998 460 149,,user430@gmail.com,,Uttarakhand,,,,,Liver,,,39,,,HLA-B: 07:02,,Devraj Patel,,,,Caregiver,,+91 7250 974 549,,,,,,,,,,,,,,,,,
320,23,F,B-,,+91 8213 868 289,,user228@gmail.com,,Bihar,,,,,Liver,,,33,,,HLA-DRB1: 15:01,,Shruti Reddy,,,,Legal Guardian,,+91 8254 483 553,,,,,,,,,,,,,,,,,
321,40,M,AB+,,+91 9693 138 241,,user750@gmail.com,,Himachal Pradesh,,,,,Liver,,,28,,,HLA-A: 01:01,,Kabir Mehra,,,,Roommate,,+91 9216 250 615,,,,,,,,,,,,,,,,,
322,58,F,B+,,+91 8226 642 388,,user654@gmail.com,,Tripura,,,,,Liver,,,24,,,HLA-DRB1: 11:01,,Priyanka Rao,,,,Grandparent,,+91 7872 779 638,,,,,,,,,,,,,,,,,
323,25,M,B-,,+91 8291 836 211,,user874@gmail.com,,Arunachal Pradesh,,,,,Liver,,,23,,,HLA-C: 07:01,,Ritu Patel,,,,Partner,,+91 7921 670 842,,,,,,,,,,,,,,,,,
324,67,F,AB+,,+91 7225 333 505,,user726@gmail.com,,Kerala,,,,,Liver,,,11,,,HLA-B: 08:01,,Vivan Kapoor,,,,Healthcare Proxy,,+91 9540 213 040,,,,,,,,,,,,,,,,,
325,56,M,AB-,,+91 8109 961 665,,user988@gmail.com,,Telangana,,,,,Liver,,,12,,,HLA-A: 02:01,,Vikrant Kumar,,,,Friend,,+91 8106 267 501,,,,,,,,,,,,,,,,,
326,48,M,AB+,,+91 7247 790 744,,user603@gmail.com,,Puducherry,,,,,Liver,,,25,,,HLA-C: 07:01,,Devraj Patel,,,,Aunt/Uncle,,+91 8737 409 600,,,,,,,,,,,,,,,,,
327,61,F,A+,,+91 9754 029 930,,user633@gmail.com,,Maharashtra,,,,,Liver,,,15,,,HLA-C: 03:03,,Kavya Joshi,,,,Partner,,+91 9309 028 225,,,,,,,,,,,,,,,,,
328,33,M,O-,,+91 7153 920 821,,user656@gmail.com,,Madhya Pradesh,,,,,Liver,,,15,,,HLA-B: 07:02,,Ishita Patel,,,,Employer/Employee,,+91 8281 073 598,,,,,,,,,,,,,,,,,
329,76,F,AB-,,+91 9988 889 642,,user769@gmail.com,,Madhya Pradesh,,,,,Liver,,,39,,,HLA-B: 08:01,,Esha Chatterjee,,,,Neighbor,,+91 8878 597 719,,,,,,,,,,,,,,,,,
330,44,F,A+,,+91 8481 728 576,,user749@gmail.com,,Meghalaya,,,,,Liver,,,34,,,HLA-C: 03:03,,Amaya Verma,,,,Domestic Partner,,+91 8951 198 423,,,,,,,,,,,,,,,,,
331,52,M,B+,,+91 7562 708 998,,user804@gmail.com,,Telangana,,,,,Liver,,,33,,,HLA-B: 08:01,,Rohit Khan,,,,Employer/Employee,,+91 9937 339 475,,,,,,,,,,,,,,,,,
332,47,M,B+,,+91 9842 620 830,,user903@gmail.com,,Kerala,,,,,Liver,,,16,,,HLA-C: 07:01,,Rohan Kumar,,,,Domestic Partner,,+91 8885 628 673,,,,,,,,,,,,,,,,,
333,42,F,A+,,+91 7907 532 453,,user337@gmail.com,,Arunachal Pradesh,,,,,Liver,,,39,,,HLA-C: 07:01,,Kiara Jain,,,,Cousin,,+91 7561 873 419,,,,,,,,,,,,,,,,,
334,58,F,O+,,+91 8157 715 577,,user909@gmail.com,,Madhya Pradesh,,,,,Liver,,,9,,,HLA-DQB1: 06:02,,Aaradhya Malhotra,,,,Fiancé/Fiancée,,+91 7232 279 027,,,,,,,,,,,,,,,,,
335,50,F,AB-,,+91 8303 272 477,,user987@gmail.com,,Karnataka,,,,,Liver,,,16,,,HLA-A: 01:01,,Yash Singh,,,,Grandparent,,+91 8976 046 020,,,,,,,,,,,,,,,,,
336,80,M,O-,,+91 8934 277 563,,user610@gmail.com,,Kerala,,,,,Liver,,,13,,,HLA-B: 08:01,,Kabir Malhotra,,,,Healthcare Proxy,,+91 7996 870 878,,,,,,,,,,,,,,,,,
337,77,F,O-,,+91 8645 477 322,,user133@gmail.com,,Lakshadweep,,,,,Liver,,,11,,,HLA-DRB1: 15:01,,Priya Agarwal,,,,Employer/Employee,,+91 7340 735 491,,,,,,,,,,,,,,,,,
338,67,F,AB-,,+91 8558 301 333,,user557@gmail.com,,Chandigarh,,,,,Liver,,,21,,,HLA-C: 07:01,,Yash Verma,,,,Partner,,+91 8723 381 143,,,,,,,,,,,,,,,,,
339,69,F,B+,,+91 8651 404 877,,user268@gmail.com,,Mizoram,,,,,Liver,,,22,,,HLA-DRB1: 15:01,,Shreya Kapoor,,,,Neighbor,,+91 8281 990 855,,,,,,,,,,,,,,,,,
340,76,F,A+,,+91 8839 978 261,,user551@gmail.com,,Ladakh,,,,,Liver,,,27,,,HLA-C: 03:03,,Aditya Reddy,,,,Aunt/Uncle,,+91 7109 089 465,,,,,,,,,,,,,,,,,
341,74,M,B+,,+91 8755 500 115,,user528@gmail.com,,Lakshadweep,,,,,Liver,,,39,,,HLA-C: 07:01,,Yash Verma,,,,Parent,,+91 7733 697 260,,,,,,,,,,,,,,,,,
342,30,F,A+,,+91 7595 877 912,,user918@gmail.com,,Uttarakhand,,,,,Liver,,,23,,,HLA-B: 07:02,,Rohan Kumar,,,,Legal Guardian,,+91 7155 734 087,,,,,,,,,,,,,,,,,
343,75,M,B-,,+91 8634 163 091,,user833@gmail.com,,Chandigarh,,,,,Liver,,,19,,,HLA-DRB1: 15:01,,Raghav Reddy,,,,Niece/Nephew,,+91 9204 516 946,,,,,,,,,,,,,,,,,
344,26,M,AB+,,+91 8509 574 865,,user383@gmail.com,,Tripura,,,,,Liver,,,33,,,HLA-A: 02:01,,Sanjana Rana,,,,Grandchild,,+91 7562 255 054,,,,,,,,,,,,,,,,,
345,75,F,AB+,,+91 8722 280 322,,user213@gmail.com,,Kerala,,,,,Liver,,,34,,,HLA-DQB1: 03:01,,Ananya Iyer,,,,Co-worker,,+91 8862 564 329,,,,,,,,,,,,,,,,,
346,56,F,B+,,+91 8045 442 727,,user547@gmail.com,,Tamil Nadu,,,,,Liver,,,10,,,HLA-B: 08:01,,Natasha Bhatt,,,,Co-worker,,+91 8161 121 201,,,,,,,,,,,,,,,,,
347,23,M,A-,,+91 9865 912 311,,user721@gmail.com,,Karnataka,,,,,Liver,,,22,,,HLA-C: 07:01,,Riya Iyer,,,,Roommate,,+91 8896 223 913,,,,,,,,,,,,,,,,,
348,50,M,B+,,+91 9935 327 296,,user420@gmail.com,,Goa,,,,,Liver,,,29,,,HLA-A: 02:01,,Devraj Sharma,,,,Caregiver,,+91 8074 677 271,,,,,,,,,,,,,,,,,
349,78,M,AB-,,+91 9552 331 061,,user493@gmail.com,,Maharashtra,,,,,Liver,,,21,,,HLA-C: 03:03,,Rohan Mehta,,,,Aunt/Uncle,,+91 7580 708 132,,,,,,,,,,,,,,,,,
350,40,F,B-,,+91 8317 080 003,,user586@gmail.com,,Mizoram,,,,,Liver,,,16,,,HLA-DRB1: 11:01,,Ananya Iyer,,,,Spouse,,+91 8254 431 306,,,,,,,,,,,,,,,,,
351,50,M,O-,,+91 9781 379 808,,user221@gmail.com,,Assam,,,,,Liver,,,36,,,HLA-C: 03:03,,Alisha Choudhury,,,,Partner,,+91 7445 878 477,,,,,,,,,,,,,,,,,
352,21,M,A+,,+91 8090 110 161,,user939@gmail.com,,Himachal Pradesh,,,,,Liver,,,13,,,HLA-C: 03:03,,Tara Mehra,,,,Healthcare Proxy,,+91 9345 677 022,,,,,,,,,,,,,,,,,
353,31,F,AB-,,+91 9173 299 743,,user367@gmail.com,,Himachal Pradesh,,,,,Liver,,,37,,,HLA-DRB1: 15:01,,Maya Desai,,,,Child,,+91 9012 587 235,,,,,,,,,,,,,,,,,
354,27,M,A+,,+91 9586 704 294,,user729@gmail.com,,Andhra Pradesh,,,,,Liver,,,35,,,HLA-A: 02:01,,Alisha Choudhury,,,,Caregiver,,+91 8557 393 581,,,,,,,,,,,,,,,,,
355,36,F,AB-,,+91 7567 580 470,,user680@gmail.com,,Andaman and Nicobar Islands,,,,,Liver,,,14,,,HLA-B: 07:02,,Meera Banerjee,,,,Partner,,+91 8551 712 314,,,,,,,,,,,,,,,,,
356,65,M,AB+,,+91 9684 909 770,,user580@gmail.com,,Lakshadweep,,,,,Liver,,,9,,,HLA-A: 02:01,,Ishita Bhatt,,,,Cousin,,+91 9653 310 924,,,,,,,,,,,,,,,,,
357,31,F,A-,,+91 8582 852 752,,user746@gmail.com,,Telangana,,,,,Liver,,,6,,,HLA-A: 01:01,,Armaan Rana,,,,Employer/Employee,,+91 8859 479 824,,,,,,,,,,,,,,,,,
358,67,M,A+,,+91 9179 988 464,,user984@gmail.com,,Uttarakhand,,,,,Liver,,,6,,,HLA-DRB1: 15:01,,Rishi Venkatesh,,,,Co-worker,,+91 7356 772 250,,,,,,,,,,,,,,,,,
359,24,F,A-,,+91 7173 757 504,,user184@gmail.com,,Odisha,,,,,Liver,,,6,,,HLA-DRB1: 11:01,,Rishi Venkatesh,,,,Child,,+91 8016 198 736,,,,,,,,,,,,,,,,,
360,58,M,B+,,+91 7718 239 101,,user147@gmail.com,,Delhi,,,,,Liver,,,36,,,HLA-B: 08:01,,Aditya Banerjee,,,,Friend,,+91 7820 805 630,,,,,,,,,,,,,,,,,
361,37,F,O-,,+91 8851 259 563,,user176@gmail.com,,Dadra and Nagar Haveli and Daman and Diu,,,,,Liver,,,31,,,HLA-DQB1: 03:01,,Rahul Sharma,,,,Niece/Nephew,,+91 9080 797 976,,,,,,,,,,,,,,,,,
362,20,F,O-,,+91 8778 637 620,,user548@gmail.com,,Puducherry,,,,,Liver,,,40,,,HLA-C: 03:03,,Kriti Singhania,,,,Grandchild,,+91 9091 427 732,,,,,,,,,,,,,,,,,
363,73,F,AB-,,+91 7197 383 127,,user653@gmail.com,,Tamil Nadu,,,,,Liver,,,27,,,HLA-A: 01:01,,Parth Singh,,,,Niece/Nephew,,+91 7053 559 068,,,,,,,,,,,,,,,,,
364,40,F,A+,,+91 8688 631 734,,user755@gmail.com,,Rajasthan,,,,,Liver,,,31,,,HLA-DQB1: 03:01,,Aryan Das,,,,Healthcare Proxy,,+91 8302 373 406,,,,,,,,,,,,,,,,,
365,35,F,B-,,+91 7103 127 597,,user553@gmail.com,,Bihar,,,,,Liver,,,23,,,HLA-A: 01:01,,Veer Malhotra,,,,Sibling,,+91 8912 017 222,,,,,,,,,,,,,,,,,
366,27,F,B-,,+91 8068 546 161,,user413@gmail.com,,Andaman and Nicobar Islands,,,,,Liver,,,7,,,HLA-B: 07:02,,Neha Rao,,,,Niece/Nephew,,+91 9764 704 786,,,,,,,,,,,,,,,,,
367,47,M,O+,,+91 9802 885 530,,user330@gmail.com,,Lakshadweep,,,,,Liver,,,23,,,HLA-B: 08:01,,Mira Kumar,,,,Aunt/Uncle,,+91 7490 870 913,,,,,,,,,,,,,,,,,
368,54,M,B+,,+91 9899 965 090,,user408@gmail.com,,Telangana,,,,,Liver,,,7,,,HLA-DQB1: 06:02,,Vikrant Singh,,,,Aunt/Uncle,,+91 8832 416 223,,,,,,,,,,,,,,,,,
369,61,M,B-,,+91 7826 886 675,,user517@gmail.com,,Delhi,,,,,Liver,,,8,,,HLA-DQB1: 03:01,,Pranav Banerjee,,,,Parent,,+91 9604 151 331,,,,,,,,,,,,,,,,,
370,35,M,AB-,,+91 7700 168 164,,user646@gmail.com,,Odisha,,,,,Liver,,,23,,,HLA-DRB1: 15:01,,Arjun Mehra,,,,Spouse,,+91 9812 429 129,,,,,,,,,,,,,,,,,
371,54,M,A-,,+91 9670 698 174,,user263@gmail.com,,Ladakh,,,,,Liver,,,33,,,HLA-B: 07:02,,Ananya Joshi,,,,Partner,,+91 9755 816 809,,,,,,,,,,,,,,,,,
372,46,F,O-,,+91 9916 106 792,,user171@gmail.com,,Chandigarh,,,,,Liver,,,17,,,HLA-A: 02:01,,Riya Joshi,,,,Parent,,+91 7399 046 576,,,,,,,,,,,,,,,,,
373,50,M,B+,,+91 8224 569 679,,user542@gmail.com,,Odisha,,,,,Liver,,,19,,,HLA-A: 01:01,,Anjali Malhotra,,,,Neighbor,,+91 7550 509 818,,,,,,,,,,,,,,,,,
374,64,F,A-,,+91 7365 255 561,,user235@gmail.com,,Odisha,,,,,Liver,,,10,,,HLA-DQB1: 03:01,,Aaradhya Malhotra,,,,Partner,,+91 9295 967 427,,,,,,,,,,,,,,,,,
375,49,M,B-,,+91 8722 403 803,,user544@gmail.com,,Telangana,,,,,Liver,,,7,,,HLA-B: 08:01,,Arjun Mehra,,,,Co-worker,,+91 9525 393 413,,,,,,,,,,,,,,,,,
376,21,F,B-,,+91 7809 674 068,,user967@gmail.com,,Andhra Pradesh,,,,,Liver,,,18,,,HLA-A: 01:01,,Aditi Singh,,,,Sibling,,+91 9459 931 752,,,,,,,,,,,,,,,,,
377,62,F,O+,,+91 7933 148 361,,user524@gmail.com,,Gujarat,,,,,Liver,,,33,,,HLA-C: 07:01,,Rohit Kumar,,,,Grandparent,,+91 9064 250 281,,,,,,,,,,,,,,,,,
378,68,F,B+,,+91 8547 688 563,,user647@gmail.com,,Karnataka,,,,,Liver,,,15,,,HLA-B: 07:02,,Priyanka Choudhury,,,,Cousin,,+91 7033 873 448,,,,,,,,,,,,,,,,,
379,60,M,O-,,+91 8695 393 496,,user949@gmail.com,,Puducherry,,,,,Liver,,,15,,,HLA-B: 07:02,,Aditi Singh,,,,Domestic Partner,,+91 7138 857 387,,,,,,,,,,,,,,,,,
380,34,M,B-,,+91 7195 385 135,,user384@gmail.com,,Maharashtra,,,,,Liver,,,8,,,HLA-DRB1: 15:01,,Ayesha Sharma,,,,Grandchild,,+91 8193 716 319,,,,,,,,,,,,,,,,,
381,53,F,AB-,,+91 7183 750 322,,user332@gmail.com,,Kerala,,,,,Liver,,,27,,,HLA-DRB1: 11:01,,Riya Sharma,,,,Fiancé/Fiancée,,+91 8335 902 464,,,,,,,,,,,,,,,,,
382,66,F,O+,,+91 7842 040 914,,user748@gmail.com,,Rajasthan,,,,,Liver,,,27,,,HLA-A: 01:01,,Divya Chawla,,,,Spouse,,+91 7065 951 989,,,,,,,,,,,,,,,,,
383,20,M,A-,,+91 7816 548 041,,user851@gmail.com,,Haryana,,,,,Liver,,,36,,,HLA-DRB1: 15:01,,Kabir Malhotra,,,,Grandparent,,+91 8969 596 466,,,,,,,,,,,,,,,,,
384,58,F,AB-,,+91 7644 448 798,,user513@gmail.com,,Karnataka,,,,,Liver,,,31,,,HLA-B: 08:01,,Parth Singh,,,,Neighbor,,+91 8680 241 018,,,,,,,,,,,,,,,,,
385,37,M,O+,,+91 9641 066 782,,user879@gmail.com,,Tamil Nadu,,,,,Liver,,,7,,,HLA-DRB1: 15:01,,Armaan Menon,,,,Domestic Partner,,+91 7528 002 129,,,,,,,,,,,,,,,,,
386,49,M,O-,,+91 9928 076 287,,user289@gmail.com,,Ladakh,,,,,Liver,,,37,,,HLA-C: 07:01,,Alisha Choudhury,,,,Healthcare Proxy,,+91 9322 205 013,,,,,,,,,,,,,,,,,
387,60,M,O+,,+91 9625 012 256,,user243@gmail.com,,Assam,,,,,Liver,,,29,,,HLA-B: 08:01,,Yuvraj Singh,,,,Niece/Nephew,,+91 7683 975 926,,,,,,,,,,,,,,,,,
388,73,M,A-,,+91 7933 690 350,,user267@gmail.com,,Puducherry,,,,,Liver,,,32,,,HLA-C: 07:01,,Amaya Sharma,,,,Domestic Partner,,+91 7272 131 571,,,,,,,,,,,,,,,,,
389,71,F,A-,,+91 8475 966 794,,user699@gmail.com,,Jharkhand,,,,,Liver,,,38,,,HLA-C: 03:03,,Shreya Singh,,,,Partner,,+91 9269 806 523,,,,,,,,,,,,,,,,,
390,41,M,B-,,+91 9976 264 750,,user413@gmail.com,,Haryana,,,,,Liver,,,6,,,HLA-C: 07:01,,Veer Gupta,,,,Spouse,,+91 9398 601 035,,,,,,,,,,,,,,,,,
391,79,F,O+,,+91 7710 595 760,,user960@gmail.com,,Assam,,,,,Liver,,,37,,,HLA-DRB1: 11:01,,Riya Joshi,,,,Roommate,,+91 9111 507 584,,,,,,,,,,,,,,,,,
392,42,M,B-,,+91 8456 348 145,,user890@gmail.com,,Bihar,,,,,Liver,,,39,,,HLA-C: 07:01,,Alisha Iyer,,,,Sibling,,+91 8795 401 368,,,,,,,,,,,,,,,,,
393,47,M,AB+,,+91 8092 177 593,,user639@gmail.com,,Jharkhand,,,,,Liver,,,22,,,HLA-B: 08:01,,Shreya Banerjee,,,,Legal Guardian,,+91 9877 063 906,,,,,,,,,,,,,,,,,
394,43,M,A+,,+91 8331 722 466,,user531@gmail.com,,Rajasthan,,,,,Liver,,,10,,,HLA-B: 07:02,,Aarav Rao,,,,Grandparent,,+91 9100 395 085,,,,,,,,,,,,,,,,,
395,31,F,AB+,,+91 9704 779 983,,user779@gmail.com,,Chandigarh,,,,,Liver,,,16,,,HLA-A: 02:01,,Raghav Joshi,,,,Fiancé/Fiancée,,+91 9440 827 151,,,,,,,,,,,,,,,,,
396,70,F,AB-,,+91 9373 088 748,,user334@gmail.com,,Telangana,,,,,Liver,,,26,,,HLA-A: 01:01,,Aryan Chatterjee,,,,Roommate,,+91 9011 577 993,,,,,,,,,,,,,,,,,
397,62,M,AB+,,+91 9016 822 973,,user520@gmail.com,,Uttar Pradesh,,,,,Liver,,,20,,,HLA-DQB1: 03:01,,Kartik Nair,,,,Friend,,+91 8570 108 892,,,,,,,,,,,,,,,,,
398,26,F,A+,,+91 8146 510 507,,user687@gmail.com,,Gujarat,,,,,Liver,,,13,,,HLA-DQB1: 03:01,,Sanjana Raghavan,,,,Spouse,,+91 8274 945 418,,,,,,,,,,,,,,,,,
399,26,M,A-,,+91 9328 941 392,,user652@gmail.com,,Himachal Pradesh,,,,,Liver,,,6,,,HLA-B: 08:01,,Arvind Menon,,,,Child,,+91 8375 570 518,,,,,,,,,,,,,,,,,
400,20,F,A-,,+91 9658 573 434,,user964@gmail.com,,Tamil Nadu,,,,,Liver,,,17,,,HLA-DQB1: 03:01,,Raghav Joshi,,,,Neighbor,,+91 7331 492 420,,,,,,,,,,,,,,,,,
401,50,F,A-,,+91 7662 680 928,,user162@gmail.com,,Punjab,,,,,Liver,,,13,,,HLA-B: 08:01,,Riya Nair,,,,Roommate,,+91 7894 060 333,,,,,,,,,,,,,,,,,
402,51,F,AB+,,+91 7477 220 266,,user887@gmail.com,,Odisha,,,,,Liver,,,16,,,HLA-B: 07:02,,Vikram Kapoor,,,,Neighbor,,+91 7077 537 891,,,,,,,,,,,,,,,,,
403,44,M,AB-,,+91 7152 803 211,,user933@gmail.com,,Jharkhand,,,,,Liver,,,16,,,HLA-A: 02:01,,Pooja Choudhury,,,,Parent,,+91 8759 130 202,,,,,,,,,,,,,,,,,
404,67,F,A+,,+91 9616 374 670,,user508@gmail.com,,Uttar Pradesh,,,,,Liver,,,40,,,HLA-DRB1: 11:01,,Priyanka Das,,,,Aunt/Uncle,,+91 9297 929 396,,,,,,,,,,,,,,,,,
405,29,F,B+,,+91 9549 820 662,,user403@gmail.com,,Lakshadweep,,,,,Liver,,,38,,,HLA-DQB1: 06:02,,Ananya Joshi,,,,Legal Guardian,,+91 9829 825 933,,,,,,,,,,,,,,,,,
406,80,F,B-,,+91 9236 345 599,,user587@gmail.com,,Mizoram,,,,,Liver,,,10,,,HLA-DRB1: 15:01,,Rohan Kumar,,,,Parent,,+91 7552 290 868,,,,,,,,,,,,,,,,,
407,40,M,B+,,+91 9353 484 786,,user892@gmail.com,,Ladakh,,,,,Liver,,,13,,,HLA-C: 03:03,,Meera Patel,,,,Co-worker,,+91 7170 352 780,,,,,,,,,,,,,,,,,
408,69,M,B+,,+91 7196 707 495,,user947@gmail.com,,Chandigarh,,,,,Liver,,,40,,,HLA-DQB1: 06:02,,Veer Malhotra,,,,Caregiver,,+91 9499 450 810,,,,,,,,,,,,,,,,,
409,29,M,A-,,+91 8101 091 053,,user993@gmail.com,,Meghalaya,,,,,Liver,,,8,,,HLA-C: 07:01,,Esha Chatterjee,,,,Niece/Nephew,,+91 9669 275 786,,,,,,,,,,,,,,,,,
410,25,F,O+,,+91 9383 224 530,,user792@gmail.com,,Gujarat,,,,,Liver,,,13,,,HLA-A: 02:01,,Yash Rajan,,,,Roommate,,+91 9170 338 982,,,,,,,,,,,,,,,,,
411,30,F,O+,,+91 8636 035 383,,user854@gmail.com,,Ladakh,,,,,Liver,,,11,,,HLA-DRB1: 11:01,,Devraj Mehra,,,,Grandparent,,+91 8460 697 815,,,,,,,,,,,,,,,,,
412,23,M,A+,,+91 8118 668 436,,user530@gmail.com,,Lakshadweep,,,,,Liver,,,38,,,HLA-B: 08:01,,Nisha Patel,,,,Employer/Employee,,+91 9046 420 821,,,,,,,,,,,,,,,,,
413,42,M,B+,,+91 9598 604 970,,user213@gmail.com,,Odisha,,,,,Liver,,,26,,,HLA-C: 07:01,,Priyanka Das,,,,Cousin,,+91 7470 547 501,,,,,,,,,,,,,,,,,
414,46,F,B+,,+91 8856 468 153,,user591@gmail.com,,Manipur,,,,,Liver,,,25,,,HLA-A: 02:01,,Shreya Sharma,,,,Friend,,+91 9752 398 893,,,,,,,,,,,,,,,,,
415,57,M,B+,,+91 9179 778 013,,user756@gmail.com,,Gujarat,,,,,Liver,,,22,,,HLA-A: 02:01,,Ananya Iyer,,,,Cousin,,+91 8675 951 699,,,,,,,,,,,,,,,,,
416,79,M,B+,,+91 9570 926 254,,user261@gmail.com,,Punjab,,,,,Liver,,,37,,,HLA-DRB1: 11:01,,Shreya Menon,,,,Niece/Nephew,,+91 9859 627 466,,,,,,,,,,,,,,,,,
417,38,F,O-,,+91 7295 482 315,,user764@gmail.com,,Goa,,,,,Liver,,,28,,,HLA-C: 07:01,,Mira Iyer,,,,Grandchild,,+91 9379 256 288,,,,,,,,,,,,,,,,,
418,32,M,A-,,+91 7707 292 799,,user111@gmail.com,,Uttar Pradesh,,,,,Liver,,,25,,,HLA-DRB1: 11:01,,Ananya Joshi,,,,Grandchild,,+91 8520 545 681,,,,,,,,,,,,,,,,,
419,22,F,AB+,,+91 9697 372 528,,user186@gmail.com,,Madhya Pradesh,,,,,Liver,,,22,,,HLA-C: 03:03,,Shreya Menon,,,,Fiancé/Fiancée,,+91 8758 501 900,,,,,,,,,,,,,,,,,
420,69,F,B-,,+91 9608 454 814,,user874@gmail.com,,Lakshadweep,,,,,Liver,,,7,,,HLA-C: 03:03,,Alisha Iyer,,,,Grandchild,,+91 9584 181 511,,,,,,,,,,,,,,,,,
421,58,M,O+,,+91 7002 079 770,,user595@gmail.com,,Manipur,,,,,Liver,,,22,,,HLA-C: 03:03,,Amaya Sharma,,,,Partner,,+91 8914 823 963,,,,,,,,,,,,,,,,,
422,49,M,A+,,+91 7847 506 595,,user911@gmail.com,,Chhattisgarh,,,,,Liver,,,29,,,HLA-DQB1: 06:02,,Riya Reddy,,,,Partner,,+91 8314 714 822,,,,,,,,,,,,,,,,,
423,69,F,A-,,+91 8624 738 964,,user251@gmail.com,,Gujarat,,,,,Liver,,,37,,,HLA-DQB1: 06:02,,Tara Dubey,,,,Friend,,+91 7312 979 380,,,,,,,,,,,,,,,,,
424,27,F,O-,,+91 9595 886 193,,user599@gmail.com,,West Bengal,,,,,Liver,,,7,,,HLA-C: 07:01,,Ravi Mehta,,,,Healthcare Proxy,,+91 7513 879 186,,,,,,,,,,,,,,,,,
425,46,F,B+,,+91 7812 257 201,,user309@gmail.com,,Punjab,,,,,Liver,,,11,,,HLA-DQB1: 06:02,,Anika Khanna,,,,Parent,,+91 9701 049 928,,,,,,,,,,,,,,,,,
426,69,M,AB-,,+91 7212 392 269,,user973@gmail.com,,Uttarakhand,,,,,Liver,,,27,,,HLA-B: 07:02,,Yuvraj Singh,,,,Employer/Employee,,+91 8773 269 859,,,,,,,,,,,,,,,,,
427,40,M,A-,,+91 7478 283 771,,user508@gmail.com,,Dadra and Nagar Haveli and Daman and Diu,,,,,Liver,,,31,,,HLA-B: 08:01,,Rishi Venkatesh,,,,Grandparent,,+91 9531 610 259,,,,,,,,,,,,,,,,,
428,57,F,AB+,,+91 9964 542 137,,user282@gmail.com,,Karnataka,,,,,Liver,,,16,,,HLA-DQB1: 06:02,,Ravi Rana,,,,Friend,,+91 9150 785 791,,,,,,,,,,,,,,,,,
429,49,M,B-,,+91 7114 557 609,,user422@gmail.com,,Puducherry,,,,,Liver,,,20,,,HLA-DRB1: 11:01,,Rajiv Mehra,,,,Roommate,,+91 7130 680 566,,,,,,,,,,,,,,,,,
430,71,F,AB+,,+91 7297 665 810,,user434@gmail.com,,Chhattisgarh,,,,,Liver,,,22,,,HLA-B: 07:02,,Vikrant Kapoor,,,,Roommate,,+91 7994 492 180,,,,,,,,,,,,,,,,,
431,37,M,O-,,+91 7974 044 945,,user562@gmail.com,,Maharashtra,,,,,Liver,,,12,,,HLA-A: 02:01,,Kavya Joshi,,,,Niece/Nephew,,+91 9738 202 688,,,,,,,,,,,,,,,,,
432,58,M,AB-,,+91 8073 462 321,,user937@gmail.com,,Bihar,,,,,Liver,,,8,,,HLA-DRB1: 11:01,,Amaya Sharma,,,,Child,,+91 8480 003 621,,,,,,,,,,,,,,,,,
433,65,M,O-,,+91 8983 064 619,,user399@gmail.com,,Arunachal Pradesh,,,,,Liver,,,22,,,HLA-A: 02:01,,Sanjana Rana,,,,Friend,,+91 8901 815 043,,,,,,,,,,,,,,,,,
434,57,F,AB+,,+91 8934 849 182,,user367@gmail.com,,Gujarat,,,,,Liver,,,26,,,HLA-DRB1: 11:01,,Aisha Dube,,,,Healthcare Proxy,,+91 9602 563 200,,,,,,,,,,,,,,,,,
435,66,F,B+,,+91 7865 635 255,,user740@gmail.com,,Gujarat,,,,,Liver,,,39,,,HLA-C: 03:03,,Mira Agarwal,,,,Roommate,,+91 7187 372 054,,,,,,,,,,,,,,,,,
436,19,M,O-,,+91 9098 533 956,,user752@gmail.com,,Assam,,,,,Liver,,,37,,,HLA-B: 07:02,,Arjun Mehra,,,,Employer/Employee,,+91 9448 227 603,,,,,,,,,,,,,,,,,
437,53,M,A+,,+91 7203 880 074,,user491@gmail.com,,Nagaland,,,,,Liver,,,7,,,HLA-DRB1: 11:01,,Kiara Jain,,,,Sibling,,+91 9722 188 633,,,,,,,,,,,,,,,,,
438,28,M,B+,,+91 7361 329 774,,user652@gmail.com,,Delhi,,,,,Liver,,,35,,,HLA-B: 07:02,,Nandini Patel,,,,Spouse,,+91 8656 447 354,,,,,,,,,,,,,,,,,
439,28,F,A+,,+91 7274 923 472,,user890@gmail.com,,Goa,,,,,Liver,,,14,,,HLA-DRB1: 11:01,,Sneha Varma,,,,Fiancé/Fiancée,,+91 7868 964 093,,,,,,,,,,,,,,,,,
440,28,M,A+,,+91 9840 952 580,,user432@gmail.com,,Punjab,,,,,Liver,,,19,,,HLA-A: 02:01,,Yash Mehra,,,,Caregiver,,+91 8564 796 871,,,,,,,,,,,,,,,,,
441,21,F,A+,,+91 9070 907 256,,user353@gmail.com,,Uttarakhand,,,,,Liver,,,20,,,HLA-DRB1: 15:01,,Rohit Chatterjee,,,,Legal Guardian,,+91 8882 452 247,,,,,,,,,,,,,,,,,
442,73,F,O-,,+91 9083 969 312,,user824@gmail.com,,Lakshadweep,,,,,Liver,,,18,,,HLA-B: 08:01,,Aaradhya Shah,,,,Legal Guardian,,+91 7903 883 887,,,,,,,,,,,,,,,,,
443,43,M,AB-,,+91 9158 907 397,,user507@gmail.com,,Arunachal Pradesh,,,,,Liver,,,17,,,HLA-DQB1: 03:01,,Mira Kumar,,,,Niece/Nephew,,+91 9061 974 557,,,,,,,,,,,,,,,,,
444,43,M,AB-,,+91 7673 490 892,,user931@gmail.com,,West Bengal,,,,,Liver,,,14,,,HLA-A: 02:01,,Ritu Dubey,,,,Cousin,,+91 7727 295 880,,,,,,,,,,,,,,,,,
445,18,F,B+,,+91 7739 184 614,,user539@gmail.com,,Uttar Pradesh,,,,,Liver,,,9,,,HLA-DRB1: 11:01,,Aarav Chawla,,,,Employer/Employee,,+91 9375 941 216,,,,,,,,,,,,,,,,,
446,78,M,A+,,+91 9553 325 476,,user343@gmail.com,,Uttar Pradesh,,,,,Liver,,,6,,,HLA-C: 03:03,,Rajiv Mehra,,,,Niece/Nephew,,+91 9781 737 061,,,,,,,,,,,,,,,,,
447,53,M,O-,,+91 8430 364 945,,user658@gmail.com,,Delhi,,,,,Liver,,,30,,,HLA-A: 02:01,,Kartik Nair,,,,Grandchild,,+91 9061 489 514,,,,,,,,,,,,,,,,,
448,46,M,B-,,+91 7286 362 376,,user224@gmail.com,,Andhra Pradesh,,,,,Liver,,,35,,,HLA-DRB1: 11:01,,Kartik Nair,,,,Legal Guardian,,+91 9456 604 523,,,,,,,,,,,,,,,,,
449,35,F,B-,,+91 7384 380 921,,user791@gmail.com,,Andhra Pradesh,,,,,Liver,,,14,,,HLA-C: 03:03,,Meera Sharma,,,,Roommate,,+91 7323 334 510,,,,,,,,,,,,,,,,,
450,76,M,B-,,+91 9210 997 515,,user141@gmail.com,,Manipur,,,,,Liver,,,23,,,HLA-DRB1: 15:01,,Rohit Chawla,,,,Cousin,,+91 7703 586 070,,,,,,,,,,,,,,,,,
451,58,M,O-,,+91 9223 022 937,,user309@gmail.com,,Telangana,,,,,Liver,,,39,,,HLA-DRB1: 15:01,,Anushka Patel,,,,Domestic Partner,,+91 8465 642 100,,,,,,,,,,,,,,,,,
452,58,F,A-,,+91 7204 222 444,,user877@gmail.com,,Kerala,,,,,Liver,,,24,,,HLA-B: 08:01,,Priyanka Das,,,,Sibling,,+91 9504 369 588,,,,,,,,,,,,,,,,,
453,76,F,A-,,+91 7852 141 510,,user649@gmail.com,,Chhattisgarh,,,,,Liver,,,16,,,HLA-A: 02:01,,Shruti Reddy,,,,Spouse,,+91 8960 206 669,,,,,,,,,,,,,,,,,
454,25,M,O+,,+91 9213 288 565,,user906@gmail.com,,Kerala,,,,,Liver,,,25,,,HLA-A: 02:01,,Anjali Malhotra,,,,Grandparent,,+91 7459 832 016,,,,,,,,,,,,,,,,,
455,32,M,B+,,+91 8209 470 097,,user871@gmail.com,,Lakshadweep,,,,,Liver,,,20,,,HLA-DRB1: 15:01,,Aditi Singh,,,,Partner,,+91 9830 308 237,,,,,,,,,,,,,,,,,
456,37,M,A-,,+91 7027 615 571,,user551@gmail.com,,Andhra Pradesh,,,,,Liver,,,10,,,HLA-B: 08:01,,Vikrant Kapoor,,,,Partner,,+91 8776 221 092,,,,,,,,,,,,,,,,,
457,31,M,O-,,+91 7829 429 948,,user267@gmail.com,,Assam,,,,,Liver,,,39,,,HLA-A: 02:01,,Aditya Reddy,,,,Child,,+91 7832 534 488,,,,,,,,,,,,,,,,,
458,59,M,AB-,,+91 7480 035 965,,user626@gmail.com,,Maharashtra,,,,,Liver,,,19,,,HLA-C: 07:01,,Sameer Patel,,,,Aunt/Uncle,,+91 7310 475 770,,,,,,,,,,,,,,,,,
459,36,F,O+,,+91 8023 965 129,,user230@gmail.com,,Lakshadweep,,,,,Liver,,,33,,,HLA-DQB1: 06:02,,Alisha Mehra,,,,Aunt/Uncle,,+91 9152 349 328,,,,,,,,,,,,,,,,,
460,70,F,AB-,,+91 7485 074 673,,user311@gmail.com,,Tripura,,,,,Liver,,,20,,,HLA-DQB1: 03:01,,Veer Mehra,,,,Grandchild,,+91 8330 554 971,,,,,,,,,,,,,,,,,
461,57,M,A+,,+91 7500 649 060,,user209@gmail.com,,Tripura,,,,,Liver,,,19,,,HLA-A: 01:01,,Arjun Dubey,,,,Niece/Nephew,,+91 8214 741 904,,,,,,,,,,,,,,,,,
462,32,M,AB-,,+91 8095 839 056,,user465@gmail.com,,Mizoram,,,,,Liver,,,11,,,HLA-A: 02:01,,Nisha Mehra,,,,Friend,,+91 8004 044 206,,,,,,,,,,,,,,,,,
463,70,F,AB-,,+91 8006 012 907,,user720@gmail.com,,Tamil Nadu,,,,,Liver,,,13,,,HLA-A: 01:01,,Priyanka Das,,,,Employer/Employee,,+91 7091 411 591,,,,,,,,,,,,,,,,,
464,58,M,B-,,+91 8958 777 001,,user340@gmail.com,,Odisha,,,,,Liver,,,37,,,HLA-C: 07:01,,Shreya Kapoor,,,,Roommate,,+91 9941 262 414,,,,,,,,,,,,,,,,,
465,33,F,O+,,+91 7295 190 070,,user260@gmail.com,,Assam,,,,,Liver,,,9,,,HLA-C: 07:01,,Soham Kapoor,,,,Employer/Employee,,+91 9533 399 018,,,,,,,,,,,,,,,,,
466,32,M,A+,,+91 7803 947 525,,user280@gmail.com,,Manipur,,,,,Liver,,,38,,,HLA-C: 03:03,,Priyanka Das,,,,Cousin,,+91 9017 659 340,,,,,,,,,,,,,,,,,
467,48,F,O+,,+91 7431 527 168,,user730@gmail.com,,Lakshadweep,,,,,Liver,,,8,,,HLA-A: 02:01,,Varun Sharma,,,,Co-worker,,+91 9877 625 482,,,,,,,,,,,,,,,,,
468,62,F,AB+,,+91 9698 092 177,,user939@gmail.com,,Andhra Pradesh,,,,,Liver,,,27,,,HLA-A: 02:01,,Anjali Raghavan,,,,Caregiver,,+91 7652 731 073,,,,,,,,,,,,,,,,,
469,76,F,B-,,+91 7571 927 803,,user607@gmail.com,,Tripura,,,,,Liver,,,24,,,HLA-A: 01:01,,Riya Iyer,,,,Neighbor,,+91 9122 974 916,,,,,,,,,,,,,,,,,
470,28,F,AB-,,+91 8135 164 316,,user887@gmail.com,,Manipur,,,,,Liver,,,34,,,HLA-C: 07:01,,Rahul Sharma,,,,Friend,,+91 9375 736 036,,,,,,,,,,,,,,,,,
471,35,M,O-,,+91 9290 721 049,,user706@gmail.com,,Mizoram,,,,,Liver,,,22,,,HLA-DQB1: 06:02,,Divya Chawla,,,,Healthcare Proxy,,+91 7303 654 356,,,,,,,,,,,,,,,,,
472,36,F,A+,,+91 9773 431 038,,user446@gmail.com,,Chhattisgarh,,,,,Liver,,,31,,,HLA-DRB1: 15:01,,Amaya Sharma,,,,Healthcare Proxy,,+91 9398 355 889,,,,,,,,,,,,,,,,,
473,74,F,AB+,,+91 7535 895 101,,user740@gmail.com,,Haryana,,,,,Liver,,,32,,,HLA-DQB1: 06:02,,Pooja Choudhury,,,,Cousin,,+91 9559 252 373,,,,,,,,,,,,,,,,,
474,32,F,O-,,+91 9250 426 686,,user667@gmail.com,,Maharashtra,,,,,Liver,,,37,,,HLA-C: 03:03,,Vikrant Dubey,,,,Grandchild,,+91 7122 673 386,,,,,,,,,,,,,,,,,
475,41,F,B-,,+91 8103 851 971,,user134@gmail.com,,Odisha,,,,,Liver,,,12,,,HLA-B: 07:02,,Varun Chawla,,,,Sibling,,+91 7103 116 357,,,,,,,,,,,,,,,,,
476,36,F,B-,,+91 7349 424 796,,user527@gmail.com,,Punjab,,,,,Liver,,,6,,,HLA-DRB1: 11:01,,Natasha Chatterjee,,,,Fiancé/Fiancée,,+91 7651 621 157,,,,,,,,,,,,,,,,,
477,28,F,O-,,+91 8941 722 099,,user934@gmail.com,,Gujarat,,,,,Liver,,,14,,,HLA-C: 07:01,,Ishita Patel,,,,Cousin,,+91 7141 235 738,,,,,,,,,,,,,,,,,
478,57,F,B-,,+91 9221 743 806,,user499@gmail.com,,Andaman and Nicobar Islands,,,,,Liver,,,9,,,HLA-DRB1: 15:01,,Anushka Dubey,,,,Niece/Nephew,,+91 9302 231 498,,,,,,,,,,,,,,,,,
479,39,M,B-,,+91 7747 321 346,,user547@gmail.com,,Punjab,,,,,Liver,,,12,,,HLA-B: 07:02,,Ishita Patel,,,,Aunt/Uncle,,+91 8905 009 742,,,,,,,,,,,,,,,,,
480,59,F,AB-,,+91 7607 981 882,,user484@gmail.com,,Nagaland,,,,,Liver,,,20,,,HLA-C: 07:01,,Ananya Iyer,,,,Niece/Nephew,,+91 9716 529 427,,,,,,,,,,,,,,,,,
481,39,M,O-,,+91 9713 626 163,,user819@gmail.com,,Assam,,,,,Liver,,,30,,,HLA-A: 01:01,,Natasha Singh,,,,Caregiver,,+91 9435 789 957,,,,,,,,,,,,,,,,,
482,30,M,O-,,+91 7912 452 019,,user149@gmail.com,,Madhya Pradesh,,,,,Liver,,,29,,,HLA-DRB1: 15:01,,Soham Desai,,,,Roommate,,+91 9246 539 933,,,,,,,,,,,,,,,,,
483,52,F,AB-,,+91 7623 006 270,,user951@gmail.com,,Lakshadweep,,,,,Liver,,,9,,,HLA-B: 08:01,,Ananya Patel,,,,Co-worker,,+91 8153 384 627,,,,,,,,,,,,,,,,,
484,50,M,A+,,+91 9870 904 837,,user248@gmail.com,,Telangana,,,,,Liver,,,10,,,HLA-DRB1: 15:01,,Aaradhya Menon,,,,Parent,,+91 7471 573 296,,,,,,,,,,,,,,,,,
485,65,M,O+,,+91 8708 661 484,,user338@gmail.com,,Manipur,,,,,Liver,,,35,,,HLA-DQB1: 06:02,,Avani Iyer,,,,Aunt/Uncle,,+91 8070 166 110,,,,,,,,,,,,,,,,,
486,21,M,A+,,+91 8692 961 403,,user265@gmail.com,,West Bengal,,,,,Liver,,,40,,,HLA-A: 01:01,,Ananya Agarwal,,,,Cousin,,+91 9607 554 061,,,,,,,,,,,,,,,,,
487,49,M,B-,,+91 7061 900 618,,user460@gmail.com,,Uttar Pradesh,,,,,Liver,,,36,,,HLA-A: 01:01,,Ananya Patel,,,,Employer/Employee,,+91 7191 729 058,,,,,,,,,,,,,,,,,
488,77,F,B+,,+91 8899 206 310,,user436@gmail.com,,Arunachal Pradesh,,,,,Liver,,,21,,,HLA-C: 03:03,,Arvind Nair,,,,Spouse,,+91 8254 130 167,,,,,,,,,,,,,,,,,
489,43,F,A+,,+91 7858 993 225,,user652@gmail.com,,Lakshadweep,,,,,Liver,,,18,,,HLA-DRB1: 15:01,,Ishita Patel,,,,Spouse,,+91 9744 706 022,,,,,,,,,,,,,,,,,
490,43,F,B+,,+91 9784 004 198,,user812@gmail.com,,Gujarat,,,,,Liver,,,34,,,HLA-DRB1: 11:01,,Ravi Mehta,,,,Domestic Partner,,+91 9723 086 594,,,,,,,,,,,,,,,,,
491,26,F,AB-,,+91 7762 197 609,,user541@gmail.com,,Odisha,,,,,Liver,,,31,,,HLA-C: 03:03,,Shreya Sharma,,,,Legal Guardian,,+91 8865 904 931,,,,,,,,,,,,,,,,,
492,23,M,O-,,+91 9010 732 318,,user777@gmail.com,,Lakshadweep,,,,,Liver,,,36,,,HLA-A: 02:01,,Aaradhya Menon,,,,Child,,+91 9653 110 944,,,,,,,,,,,,,,,,,
493,70,F,B-,,+91 9157 046 333,,user480@gmail.com,,Manipur,,,,,Liver,,,13,,,HLA-A: 01:01,,Aisha Dube,,,,Spouse,,+91 8112 349 645,,,,,,,,,,,,,,,,,
494,48,F,B-,,+91 9457 078 703,,user629@gmail.com,,Sikkim,,,,,Liver,,,10,,,HLA-DRB1: 15:01,,Vikrant Singh,,,,Neighbor,,+91 9939 061 114,,,,,,,,,,,,,,,,,
