﻿Donor ID,Age,Gender,Blood Type,,Phn. No.,,Email,,Location,,,,,Organ available for donation,,,Total Lung Capacity (in Litres),,,FEV1 (in Litres),,DLCO (in mL/min/mmHg),,,Emergency Contact Name,,,,Relationship,,Contact No.,
1,57,M,B+,,+91 7410 921 404,,user837@gmail.com,,Uttarakhand,,,,,Lungs,,,5.082269331,,,3.779000548,,29.6245296,,,Aarav Patel,,,,Healthcare Proxy,,+91 7297 643 410,
2,24,F,B+,,+91 9811 764 988,,user896@gmail.com,,Arunachal Pradesh,,,,,Lungs,,,5.170598073,,,3.00668048,,24.93229831,,,Riya Sharma,,,,Neighbor,,+91 9827 370 735,
3,77,F,O+,,+91 7687 037 625,,user765@gmail.com,,Andaman and Nicobar Islands,,,,,Lungs,,,4.417443285,,,4.458202407,,20.17208376,,,Siddharth Gupta,,,,Neighbor,,+91 7464 618 271,
4,60,F,AB+,,+91 8314 559 865,,user633@gmail.com,,Nagaland,,,,,Lungs,,,5.48020803,,,2.051832002,,23.11581423,,,Ananya Singh,,,,Niece/Nephew,,+91 9452 723 627,
5,36,M,O-,,+91 9317 345 779,,user297@gmail.com,,Karnataka,,,,,Lungs,,,6.082617015,,,2.586853179,,23.56438413,,,Vikram Mehta,,,,Legal Guardian,,+91 9314 581 359,
6,76,M,O-,,+91 8767 728 013,,user585@gmail.com,,Chandigarh,,,,,Lungs,,,5.67762964,,,3.255092441,,25.589709,,,Kritika Das,,,,Neighbor,,+91 7218 276 016,
7,54,M,AB+,,+91 9846 578 439,,user737@gmail.com,,West Bengal,,,,,Lungs,,,5.848368957,,,3.461800771,,21.63420363,,,Rohan Reddy,,,,Friend,,+91 8954 848 650,
8,71,F,B+,,+91 9692 144 919,,user143@gmail.com,,Arunachal Pradesh,,,,,Lungs,,,4.960499434,,,3.704378656,,25.80498674,,,Nidhi Kapoor,,,,Caregiver,,+91 9710 485 820,
9,59,M,A-,,+91 8712 492 620,,user810@gmail.com,,Karnataka,,,,,Lungs,,,5.110882576,,,3.98284227,,26.01193003,,,Arjun Desai,,,,Partner,,+91 9577 253 549,
10,52,M,O+,,+91 8251 605 284,,user122@gmail.com,,Meghalaya,,,,,Lungs,,,6.433696055,,,3.357882323,,21.55071505,,,Priya Joshi,,,,Roommate,,+91 8817 710 909,
11,45,M,AB+,,+91 9644 115 610,,user165@gmail.com,,Uttar Pradesh,,,,,Lungs,,,5.999711466,,,3.070712128,,24.42667299,,,Aryan Khanna,,,,Child,,+91 7898 338 551,
12,19,M,O+,,+91 9319 917 725,,user669@gmail.com,,Punjab,,,,,Lungs,,,6.545492272,,,2.829506433,,26.79128285,,,Ishita Malhotra,,,,Sibling,,+91 9101 221 243,
13,56,M,B+,,+91 8358 608 143,,user849@gmail.com,,Meghalaya,,,,,Lungs,,,4.511385762,,,3.029635865,,26.87630074,,,Veer Sharma,,,,Parent,,+91 7788 769 110,
14,38,F,O+,,+91 7007 523 232,,user695@gmail.com,,Uttarakhand,,,,,Lungs,,,6.401250233,,,3.440183826,,25.00362152,,,Saanvi Banerjee,,,,Caregiver,,+91 7335 188 639,
15,33,M,B-,,+91 8663 243 439,,user749@gmail.com,,Meghalaya,,,,,Lungs,,,5.532263818,,,3.755848506,,25.98043038,,,Kabir Verma,,,,Legal Guardian,,+91 7942 085 569,
16,50,F,B+,,+91 9048 086 171,,user697@gmail.com,,Tamil Nadu,,,,,Lungs,,,5.316384831,,,2.435879398,,22.06014061,,,Meera Patel,,,,Child,,+91 9962 653 759,
17,76,M,B+,,+91 9367 725 958,,user207@gmail.com,,West Bengal,,,,,Lungs,,,4.938955515,,,1.995996878,,23.70403477,,,Varun Chatterjee,,,,Neighbor,,+91 9147 899 395,
18,74,M,A+,,+91 8300 522 450,,user873@gmail.com,,Assam,,,,,Lungs,,,5.560424778,,,3.862348804,,22.64119627,,,Riya Khan,,,,Caregiver,,+91 8447 361 787,
19,26,M,O-,,+91 9711 916 804,,user446@gmail.com,,Ladakh,,,,,Lungs,,,6.586001728,,,3.513072324,,27.72808926,,,Arnav Jain,,,,Aunt/Uncle,,+91 8028 517 097,
20,48,F,O+,,+91 8157 921 843,,user646@gmail.com,,Arunachal Pradesh,,,,,Lungs,,,5.238183008,,,2.191405427,,25.84046385,,,Tanvi Agrawal,,,,Grandparent,,+91 9663 571 181,
21,64,F,B-,,+91 9808 601 410,,user869@gmail.com,,Puducherry,,,,,Lungs,,,5.461268908,,,3.665546205,,27.92047478,,,Akash Kumar,,,,Partner,,+91 8602 089 463,
22,59,F,A-,,+91 9757 431 936,,user229@gmail.com,,Rajasthan,,,,,Lungs,,,6.300086267,,,2.129249005,,20.81181491,,,Anushka Singh,,,,Legal Guardian,,+91 8764 324 718,
23,77,M,A+,,+91 9411 368 971,,user455@gmail.com,,Maharashtra,,,,,Lungs,,,5.640061132,,,2.017729538,,23.16608613,,,Yashvi Shah,,,,Grandparent,,+91 9087 897 644,
24,38,M,A-,,+91 8304 171 589,,user931@gmail.com,,Bihar,,,,,Lungs,,,5.369031821,,,3.266175376,,26.91793037,,,Karan Gupta,,,,Neighbor,,+91 9139 353 339,
25,43,M,A+,,+91 7983 756 681,,user950@gmail.com,,Nagaland,,,,,Lungs,,,4.399813244,,,3.251593201,,21.92403646,,,Pooja Mishra,,,,Spouse,,+91 7988 313 394,
26,25,F,AB+,,+91 8232 733 451,,user704@gmail.com,,Mizoram,,,,,Lungs,,,5.41628389,,,2.914270308,,23.626544,,,Vedant Kapoor,,,,Caregiver,,+91 8139 371 541,
27,26,F,O+,,+91 9177 458 849,,user172@gmail.com,,Odisha,,,,,Lungs,,,4.371809365,,,2.488951327,,29.73608492,,,Diya Reddy,,,,Spouse,,+91 8217 405 164,
28,27,M,A+,,+91 9174 123 952,,user203@gmail.com,,Jharkhand,,,,,Lungs,,,5.581623057,,,2.543837293,,22.37302846,,,Aditya Chopra,,,,Cousin,,+91 7333 518 218,
29,30,M,A-,,+91 8002 158 611,,user638@gmail.com,,Dadra and Nagar Haveli and Daman and Diu,,,,,Lungs,,,5.761026145,,,2.582791428,,20.17461384,,,Natasha Das,,,,Caregiver,,+91 7360 985 133,
30,80,M,A-,,+91 8084 931 574,,user698@gmail.com,,Haryana,,,,,Lungs,,,4.948648545,,,4.191150974,,24.8112596,,,Vikas Sharma,,,,Partner,,+91 7318 549 007,
31,46,F,AB-,,+91 7165 411 094,,user600@gmail.com,,Karnataka,,,,,Lungs,,,5.465219228,,,2.615738391,,26.10795544,,,Anjali Bansal,,,,Sibling,,+91 7491 664 112,
32,68,F,B+,,+91 9293 894 997,,user637@gmail.com,,Tamil Nadu,,,,,Lungs,,,5.297043062,,,3.909510816,,23.41845533,,,Rishi Patel,,,,Sibling,,+91 7168 397 503,
33,49,M,O-,,+91 7203 343 949,,user196@gmail.com,,Maharashtra,,,,,Lungs,,,5.856753593,,,2.005543112,,22.50956816,,,Trisha Mehra,,,,Employer/Employee,,+91 7506 547 322,
34,31,F,A-,,+91 9066 174 183,,user910@gmail.com,,Karnataka,,,,,Lungs,,,5.159496179,,,3.005503575,,21.40466071,,,Dhruv Gupta,,,,Co-worker,,+91 7166 709 673,
35,55,M,AB+,,+91 8644 059 344,,user354@gmail.com,,Tripura,,,,,Lungs,,,5.848186512,,,2.700828296,,22.80622069,,,Ishika Singh,,,,Co-worker,,+91 7311 503 528,
36,43,M,AB-,,+91 8211 688 794,,user729@gmail.com,,Puducherry,,,,,Lungs,,,6.193689164,,,2.610017008,,25.66066671,,,Kabir Mehta,,,,Grandchild,,+91 7256 737 510,
37,69,F,A+,,+91 9356 084 430,,user979@gmail.com,,Tamil Nadu,,,,,Lungs,,,4.890033128,,,3.122480322,,20.94719658,,,Aanya Joshi,,,,Grandparent,,+91 8492 506 010,
38,22,F,AB-,,+91 7532 266 552,,user336@gmail.com,,Tamil Nadu,,,,,Lungs,,,5.197681775,,,2.09522763,,29.24062336,,,Rishabh Malhotra,,,,Parent,,+91 9315 688 291,
39,57,M,A-,,+91 7466 733 279,,user937@gmail.com,,Gujarat,,,,,Lungs,,,5.416689913,,,3.662870935,,28.13981274,,,Sanjana Sharma,,,,Grandparent,,+91 8244 525 363,
40,29,M,B-,,+91 9880 989 292,,user931@gmail.com,,Rajasthan,,,,,Lungs,,,6.635261125,,,3.282450382,,20.97461361,,,Pranav Shah,,,,Legal Guardian,,+91 9478 019 717,
41,62,M,AB-,,+91 8824 410 335,,user329@gmail.com,,Nagaland,,,,,Lungs,,,6.594123929,,,2.271957386,,28.63846599,,,Jia Kapoor,,,,Niece/Nephew,,+91 7690 573 789,
42,18,M,B+,,+91 8992 390 394,,user990@gmail.com,,Bihar,,,,,Lungs,,,5.76703384,,,3.297028153,,28.15813896,,,Aarohi Patel,,,,Friend,,+91 9612 523 799,
43,26,F,O+,,+91 8496 140 447,,user463@gmail.com,,Bihar,,,,,Lungs,,,6.098773878,,,2.096517158,,20.10883216,,,Ved Gupta,,,,Child,,+91 8345 516 039,
44,48,F,B+,,+91 8323 040 341,,user210@gmail.com,,Rajasthan,,,,,Lungs,,,5.31927455,,,2.125327953,,24.1002886,,,Nisha Desai,,,,Niece/Nephew,,+91 8097 015 491,
45,76,M,O+,,+91 9927 486 423,,user726@gmail.com,,Meghalaya,,,,,Lungs,,,5.534901453,,,2.963626035,,20.52119735,,,Arjun Bansal,,,,Grandparent,,+91 8006 436 006,
46,43,M,O-,,+91 9383 564 038,,user260@gmail.com,,Dadra and Nagar Haveli and Daman and Diu,,,,,Lungs,,,4.876546926,,,2.717769515,,28.66601302,,,Kavya Singhania,,,,Grandchild,,+91 9362 692 879,
47,63,F,O-,,+91 7659 489 582,,user952@gmail.com,,Madhya Pradesh,,,,,Lungs,,,4.508748521,,,2.448427422,,20.23097117,,,Vivaan Shah,,,,Cousin,,+91 8795 772 769,
48,80,F,AB-,,+91 8195 952 649,,user984@gmail.com,,Himachal Pradesh,,,,,Lungs,,,4.285832439,,,3.894628932,,24.21670021,,,Anika Agarwal,,,,Grandparent,,+91 9770 682 696,
49,76,M,O-,,+91 9928 732 822,,user770@gmail.com,,Haryana,,,,,Lungs,,,5.836890051,,,4.005711846,,29.82860946,,,Shaurya Choudhury,,,,Child,,+91 9157 162 237,
50,31,F,O+,,+91 9419 443 514,,user322@gmail.com,,Mizoram,,,,,Lungs,,,5.442591263,,,1.933796029,,21.97444864,,,Neha Verma,,,,Parent,,+91 7297 039 317,
51,47,F,B+,,+91 9410 623 777,,user277@gmail.com,,Ladakh,,,,,Lungs,,,6.142228866,,,3.722813827,,29.79403261,,,Aarav Mehra,,,,Spouse,,+91 8349 236 295,
52,46,M,A+,,+91 8191 451 198,,user268@gmail.com,,Dadra and Nagar Haveli and Daman and Diu,,,,,Lungs,,,6.2219512,,,3.72719802,,27.40210356,,,Ishani Reddy,,,,Caregiver,,+91 9759 525 279,
53,18,F,AB+,,+91 8290 234 290,,user430@gmail.com,,Karnataka,,,,,Lungs,,,5.754156859,,,1.835751598,,25.65879909,,,Rohan Khanna,,,,Grandparent,,+91 7169 430 862,
54,45,F,O-,,+91 8590 842 658,,user209@gmail.com,,Goa,,,,,Lungs,,,5.93748834,,,3.795126949,,25.50879886,,,Tara Sharma,,,,Partner,,+91 9652 569 931,
55,65,M,AB+,,+91 7903 054 994,,user750@gmail.com,,Rajasthan,,,,,Lungs,,,5.824617201,,,3.166403746,,22.60530172,,,Dev Mehra,,,,Aunt/Uncle,,+91 9666 420 394,
56,32,F,A+,,+91 8282 960 790,,user663@gmail.com,,Bihar,,,,,Lungs,,,4.295590267,,,2.201318415,,22.64938169,,,Sara Malhotra,,,,Grandparent,,+91 7454 224 923,
57,61,F,AB+,,+91 8905 942 839,,user283@gmail.com,,Nagaland,,,,,Lungs,,,5.57640856,,,2.976144532,,29.35152296,,,Aarav Chatterjee,,,,Parent,,+91 8984 906 789,
58,66,F,B+,,+91 7724 492 775,,user279@gmail.com,,Chandigarh,,,,,Lungs,,,4.528970197,,,1.985440952,,22.11980338,,,Zoya Patel,,,,Grandchild,,+91 7107 628 263,
59,18,M,AB-,,+91 7911 277 090,,user191@gmail.com,,Haryana,,,,,Lungs,,,5.17448578,,,3.313124916,,24.13357774,,,Kabir Agrawal,,,,Child,,+91 7697 577 588,
60,22,F,AB+,,+91 7752 189 141,,user463@gmail.com,,Tamil Nadu,,,,,Lungs,,,5.726622093,,,1.886931943,,26.27053636,,,Saisha Khanna,,,,Employer/Employee,,+91 8171 353 076,
61,76,M,A-,,+91 9048 413 950,,user254@gmail.com,,Bihar,,,,,Lungs,,,5.035277236,,,4.4160549,,25.44163299,,,Pranav Mehta,,,,Co-worker,,+91 8247 475 501,
62,59,F,AB+,,+91 9736 891 504,,user298@gmail.com,,Arunachal Pradesh,,,,,Lungs,,,4.23327887,,,3.263023587,,22.17584049,,,Anvi Gupta,,,,Cousin,,+91 7296 258 470,
63,30,M,AB-,,+91 7467 243 554,,user777@gmail.com,,Chandigarh,,,,,Lungs,,,4.469595311,,,2.261000229,,24.49205254,,,Advik Kapoor,,,,Cousin,,+91 9832 280 185,
64,46,M,A-,,+91 7276 027 346,,user214@gmail.com,,Uttarakhand,,,,,Lungs,,,5.542039024,,,4.135402437,,20.99955017,,,Aaradhya Das,,,,Employer/Employee,,+91 7153 001 114,
65,27,M,A+,,+91 7395 966 519,,user925@gmail.com,,Nagaland,,,,,Lungs,,,6.569160382,,,2.948167695,,26.23882711,,,Tanisha Singh,,,,Partner,,+91 9312 109 331,
66,69,M,O-,,+91 8110 821 735,,user373@gmail.com,,Delhi (National Capital Territory of Delhi),,,,,Lungs,,,5.830963597,,,4.139907522,,20.47953636,,,Arjun Khanna,,,,Employer/Employee,,+91 7013 063 178,
67,67,F,AB+,,+91 7495 967 191,,user914@gmail.com,,Madhya Pradesh,,,,,Lungs,,,5.977167073,,,3.078342468,,27.18127611,,,Anushka Iyer,,,,Neighbor,,+91 9220 488 354,
68,59,M,AB+,,+91 8610 211 503,,user648@gmail.com,,Odisha,,,,,Lungs,,,6.448385912,,,2.074184454,,20.43688356,,,Krish Sharma,,,,Partner,,+91 7601 927 326,
69,45,F,A-,,+91 8174 522 911,,user619@gmail.com,,Goa,,,,,Lungs,,,5.333424303,,,2.89537529,,23.27048693,,,Diya Bansal,,,,Child,,+91 7565 426 735,
70,74,M,O+,,+91 8562 930 003,,user836@gmail.com,,Uttarakhand,,,,,Lungs,,,5.928564508,,,2.213492597,,24.20713788,,,Arnav Verma,,,,Niece/Nephew,,+91 8643 459 137,
71,33,M,B+,,+91 8765 627 225,,user451@gmail.com,,Kerala,,,,,Lungs,,,5.668183995,,,2.262262433,,23.94900941,,,Navya Patel,,,,Healthcare Proxy,,+91 8503 896 820,
72,68,F,AB+,,+91 8414 382 377,,user620@gmail.com,,Tamil Nadu,,,,,Lungs,,,4.945460884,,,2.158871741,,21.33783985,,,Advait Mehra,,,,Caregiver,,+91 8599 412 156,
73,44,F,A+,,+91 7874 535 319,,user640@gmail.com,,Bihar,,,,,Lungs,,,5.35524476,,,3.287499271,,22.83142267,,,Ishika Kapoor,,,,Grandparent,,+91 9237 410 380,
74,18,M,AB-,,+91 9503 901 004,,user534@gmail.com,,Arunachal Pradesh,,,,,Lungs,,,6.683058081,,,3.50419237,,23.00486319,,,Reyansh Joshi,,,,Sibling,,+91 9376 052 923,
75,70,F,B+,,+91 8882 918 300,,user632@gmail.com,,Tripura,,,,,Lungs,,,5.967565802,,,3.545869962,,29.99380159,,,Vanya Singh,,,,Neighbor,,+91 8241 259 716,
,,,,,,,,,,,,,,,,,,,,,,,,,,,,,,,,
,,,,,,,,,,,,,,,,,,,,,,,,,,,,,,,,
,,,,,,,,,,,,,,,,,,,,,,,,,,,,,,,,
,,,,,,,,,,,,,,,,,,,,,,,,,,,,,,,,
,,,,,,,,,,,,,,,,,,,,,,,,,,,,,,,,
,,,,,,,,,,,,,,,,,,,,,,,,,,,,,,,,
,,,,,,,,,,,,,,,,,,,,,,,,,,,,,,,,
,,,,,,,,,,,,,,,,,,,,,,,,,,,,,,,,
,,,,,,,,,,,,,,,,,,,,,,,,,,,,,,,,
,,,,,,,,,,,,,,,,,,,,,,,,,,,,,,,,
,,,,,,,,,,,,,,,,,,,,,,,,,,,,,,,,
,,,,,,,,,,,,,,,,,,,,,,,,,,,,,,,,
,,,,,,,,,,,,,,,,,,,,,,,,,,,,,,,,
,,,,,,,,,,,,,,,,,,,,,,,,,,,,,,,,
,,,,,,,,,,,,,,,,,,,,,,,,,,,,,,,,
,,,,,,,,,,,,,,,,,,,,,,,,,,,,,,,,
,,,,,,,,,,,,,,,,,,,,,,,,,,,,,,,,
,,,,,,,,,,,,,,,,,,,,,,,,,,,,,,,,
,,,,,,,,,,,,,,,,,,,,,,,,,,,,,,,,
,,,,,,,,,,,,,,,,,,,,,,,,,,,,,,,,
,,,,,,,,,,,,,,,,,,,,,,,,,,,,,,,,
,,,,,,,,,,,,,,,,,,,,,,,,,,,,,,,,
,,,,,,,,,,,,,,,,,,,,,,,,,,,,,,,,
,,,,,,,,,,,,,,,,,,,,,,,,,,,,,,,,
,,,,,,,,,,,,,,,,,,,,,,,,,,,,,,,,
,,,,,,,,,,,,,,,,,,,,,,,,,,,,,,,,
,,,,,,,,,,,,,,,,,,,,,,,,,,,,,,,,
,,,,,,,,,,,,,,,,,,,,,,,,,,,,,,,,
,,,,,,,,,,,,,,,,,,,,,,,,,,,,,,,,
,,,,,,,,,,,,,,,,,,,,,,,,,,,,,,,,
,,,,,,,,,,,,,,,,,,,,,,,,,,,,,,,,
,,,,,,,,,,,,,,,,,,,,,,,,,,,,,,,,
,,,,,,,,,,,,,,,,,,,,,,,,,,,,,,,,
,,,,,,,,,,,,,,,,,,,,,,,,,,,,,,,,
,,,,,,,,,,,,,,,,,,,,,,,,,,,,,,,,
,,,,,,,,,,,,,,,,,,,,,,,,,,,,,,,,
,,,,,,,,,,,,,,,,,,,,,,,,,,,,,,,,
,,,,,,,,,,,,,,,,,,,,,,,,,,,,,,,,
,,,,,,,,,,,,,,,,,,,,,,,,,,,,,,,,
,,,,,,,,,,,,,,,,,,,,,,,,,,,,,,,,
,,,,,,,,,,,,,,,,,,,,,,,,,,,,,,,,
,,,,,,,,,,,,,,,,,,,,,,,,,,,,,,,,
,,,,,,,,,,,,,,,,,,,,,,,,,,,,,,,,
,,,,,,,,,,,,,,,,,,,,,,,,,,,,,,,,
,,,,,,,,,,,,,,,,,,,,,,,,,,,,,,,,
,,,,,,,,,,,,,,,,,,,,,,,,,,,,,,,,
,,,,,,,,,,,,,,,,,,,,,,,,,,,,,,,,
,,,,,,,,,,,,,,,,,,,,,,,,,,,,,,,,
,,,,,,,,,,,,,,,,,,,,,,,,,,,,,,,,
,,,,,,,,,,,,,,,,,,,,,,,,,,,,,,,,
,,,,,,,,,,,,,,,,,,,,,,,,,,,,,,,,
,,,,,,,,,,,,,,,,,,,,,,,,,,,,,,,,
,,,,,,,,,,,,,,,,,,,,,,,,,,,,,,,,
,,,,,,,,,,,,,,,,,,,,,,,,,,,,,,,,
,,,,,,,,,,,,,,,,,,,,,,,,,,,,,,,,
,,,,,,,,,,,,,,,,,,,,,,,,,,,,,,,,
,,,,,,,,,,,,,,,,,,,,,,,,,,,,,,,,
,,,,,,,,,,,,,,,,,,,,,,,,,,,,,,,,
,,,,,,,,,,,,,,,,,,,,,,,,,,,,,,,,
,,,,,,,,,,,,,,,,,,,,,,,,,,,,,,,,
,,,,,,,,,,,,,,,,,,,,,,,,,,,,,,,,
,,,,,,,,,,,,,,,,,,,,,,,,,,,,,,,,
,,,,,,,,,,,,,,,,,,,,,,,,,,,,,,,,
,,,,,,,,,,,,,,,,,,,,,,,,,,,,,,,,
,,,,,,,,,,,,,,,,,,,,,,,,,,,,,,,,
,,,,,,,,,,,,,,,,,,,,,,,,,,,,,,,,
,,,,,,,,,,,,,,,,,,,,,,,,,,,,,,,,
,,,,,,,,,,,,,,,,,,,,,,,,,,,,,,,,
,,,,,,,,,,,,,,,,,,,,,,,,,,,,,,,,
,,,,,,,,,,,,,,,,,,,,,,,,,,,,,,,,
,,,,,,,,,,,,,,,,,,,,,,,,,,,,,,,,
,,,,,,,,,,,,,,,,,,,,,,,,,,,,,,,,
,,,,,,,,,,,,,,,,,,,,,,,,,,,,,,,,
,,,,,,,,,,,,,,,,,,,,,,,,,,,,,,,,
,,,,,,,,,,,,,,,,,,,,,,,,,,,,,,,,
,,,,,,,,,,,,,,,,,,,,,,,,,,,,,,,,
,,,,,,,,,,,,,,,,,,,,,,,,,,,,,,,,
,,,,,,,,,,,,,,,,,,,,,,,,,,,,,,,,
,,,,,,,,,,,,,,,,,,,,,,,,,,,,,,,,
,,,,,,,,,,,,,,,,,,,,,,,,,,,,,,,,
,,,,,,,,,,,,,,,,,,,,,,,,,,,,,,,,
,,,,,,,,,,,,,,,,,,,,,,,,,,,,,,,,
,,,,,,,,,,,,,,,,,,,,,,,,,,,,,,,,
,,,,,,,,,,,,,,,,,,,,,,,,,,,,,,,,
,,,,,,,,,,,,,,,,,,,,,,,,,,,,,,,,
,,,,,,,,,,,,,,,,,,,,,,,,,,,,,,,,
,,,,,,,,,,,,,,,,,,,,,,,,,,,,,,,,
,,,,,,,,,,,,,,,,,,,,,,,,,,,,,,,,
,,,,,,,,,,,,,,,,,,,,,,,,,,,,,,,,
,,,,,,,,,,,,,,,,,,,,,,,,,,,,,,,,
,,,,,,,,,,,,,,,,,,,,,,,,,,,,,,,,
,,,,,,,,,,,,,,,,,,,,,,,,,,,,,,,,
,,,,,,,,,,,,,,,,,,,,,,,,,,,,,,,,
,,,,,,,,,,,,,,,,,,,,,,,,,,,,,,,,
,,,,,,,,,,,,,,,,,,,,,,,,,,,,,,,,
,,,,,,,,,,,,,,,,,,,,,,,,,,,,,,,,
,,,,,,,,,,,,,,,,,,,,,,,,,,,,,,,,
,,,,,,,,,,,,,,,,,,,,,,,,,,,,,,,,
,,,,,,,,,,,,,,,,,,,,,,,,,,,,,,,,
,,,,,,,,,,,,,,,,,,,,,,,,,,,,,,,,
,,,,,,,,,,,,,,,,,,,,,,,,,,,,,,,,
,,,,,,,,,,,,,,,,,,,,,,,,,,,,,,,,
,,,,,,,,,,,,,,,,,,,,,,,,,,,,,,,,
,,,,,,,,,,,,,,,,,,,,,,,,,,,,,,,,
,,,,,,,,,,,,,,,,,,,,,,,,,,,,,,,,
,,,,,,,,,,,,,,,,,,,,,,,,,,,,,,,,
,,,,,,,,,,,,,,,,,,,,,,,,,,,,,,,,
,,,,,,,,,,,,,,,,,,,,,,,,,,,,,,,,
,,,,,,,,,,,,,,,,,,,,,,,,,,,,,,,,
,,,,,,,,,,,,,,,,,,,,,,,,,,,,,,,,
,,,,,,,,,,,,,,,,,,,,,,,,,,,,,,,,
,,,,,,,,,,,,,,,,,,,,,,,,,,,,,,,,
,,,,,,,,,,,,,,,,,,,,,,,,,,,,,,,,
,,,,,,,,,,,,,,,,,,,,,,,,,,,,,,,,
,,,,,,,,,,,,,,,,,,,,,,,,,,,,,,,,
,,,,,,,,,,,,,,,,,,,,,,,,,,,,,,,,
,,,,,,,,,,,,,,,,,,,,,,,,,,,,,,,,
,,,,,,,,,,,,,,,,,,,,,,,,,,,,,,,,
,,,,,,,,,,,,,,,,,,,,,,,,,,,,,,,,
,,,,,,,,,,,,,,,,,,,,,,,,,,,,,,,,
,,,,,,,,,,,,,,,,,,,,,,,,,,,,,,,,
,,,,,,,,,,,,,,,,,,,,,,,,,,,,,,,,
,,,,,,,,,,,,,,,,,,,,,,,,,,,,,,,,
,,,,,,,,,,,,,,,,,,,,,,,,,,,,,,,,
,,,,,,,,,,,,,,,,,,,,,,,,,,,,,,,,
,,,,,,,,,,,,,,,,,,,,,,,,,,,,,,,,
Andhra Pradesh,,,,,,,,,,,,,,,,,,,,,,,,,,,,,,,,
Arunachal Pradesh,,,,,,,,,,,,,,,,,,,,,,,,,,,,,,,,
Assam,,,,,,,,,,,,,,,,,,,,,,,,,,,,,,,,
Bihar,,,,,,,,,,,,,,,,,,,,,,,,,,,,,,,,
Chhattisgarh,,,,,,,,,,,,,,,,,,,,,,,,,,,,,,,,
Goa,,,,,,,,,,,,,,,,,,,,,,,,,,,,,,,,
Gujarat,,,,,,,,,,,,,,,,,,,,,,,,,,,,,,,,
Haryana,,,,,,,,,,,,,,,,,,,,,,,,,,,,,,,,
Himachal Pradesh,,,,,,,,,,,,,,,,,,,,,,,,,,,,,,,,
Jharkhand,,,,,,,,,,,,,,,,,,,,,,,,,,,,,,,,
Karnataka,,,,,,,,,,,,,,,,,,,,,,,,,,,,,,,,
Kerala,,,,,,,,,,,,,,,,,,,,,,,,,,,,,,,,
Madhya Pradesh,,,,,,,,,,,,,,,,,,,,,,,,,,,,,,,,
Maharashtra,,,,,,,,,,,,,,,,,,,,,,,,,,,,,,,,
Manipur,,,,,,,,,,,,,,,,,,,,,,,,,,,,,,,,
Meghalaya,,,,,,,,,,,,,,,,,,,,,,,,,,,,,,,,
Mizoram,,,,,,,,,,,,,,,,,,,,,,,,,,,,,,,,
Nagaland,,,,,,,,,,,,,,,,,,,,,,,,,,,,,,,,
Odisha,,,,,,,,,,,,,,,,,,,,,,,,,,,,,,,,
Punjab,,,,,,,,,,,,,,,,,,,,,,,,,,,,,,,,
Rajasthan,,,,,,,,,,,,,,,,,,,,,,,,,,,,,,,,
Sikkim,,,,,,,,,,,,,,,,,,,,,,,,,,,,,,,,
Tamil Nadu,,,,,,,,,,,,,,,,,,,,,,,,,,,,,,,,
Telangana,,,,,,,,,,,,,,,,,,,,,,,,,,,,,,,,
Tripura,,,,,,,,,,,,,,,,,,,,,,,,,,,,,,,,
Uttar Pradesh,,,,,,,,,,,,,,,,,,,,,,,,,,,,,,,,
Uttarakhand,,,,,,,,,,,,,,,,,,,,,,,,,,,,,,,,
West Bengal,,,,,,,,,,,,,,,,,,,,,,,,,,,,,,,,
Andaman and Nicobar Islands,,,,,,,,,,,,,,,,,,,,,,,,,,,,,,,,
Chandigarh,,,,,,,,,,,,,,,,,,,,,,,,,,,,,,,,
Dadra and Nagar Haveli and Daman and Diu,,,,,,,,,,,,,,,,,,,,,,,,,,,,,,,,
Lakshadweep,,,,,,,,,,,,,,,,,,,,,,,,,,,,,,,,
Delhi (National Capital Territory of Delhi),,,,,,,,,,,,,,,,,,,,,,,,,,,,,,,,
Puducherry,,,,,,,,,,,,,,,,,,,,,,,,,,,,,,,,
Ladakh,,,,,,,,,,,,,,,,,,,,,,,,,,,,,,,,
Lakshadweep,,,,,,,,,,,,,,,,,,,,,,,,,,,,,,,,
,,,,,,,,,,,,,,,,,,,,,,,,,,,,,,,,
,,,,,,,,,,,,,,,,,,,,,,,,,,,,,,,,
,,,,,,,,,,,,,,,,,,,,,,,,,,,,,,,,
,,,,,,,,,,,,,,,,,,,,,,,,,,,,,,,,
,,,,,,,,,,,,,,,,,,,,,,,,,,,,,,,,
,,,,,,,,,,,,,,,,,,,,,,,,,,,,,,,,
,,,,,,,,,,,,,,,,,,,,,,,,,,,,,,,,
Aarav Patel,,,,,,,,,,,,,,,,,,,,,,,,,,,,,,,,
Riya Sharma,,,,,,,,,,,,,,,,,,,,,,,,,,,,,,,,
Siddharth Gupta,,,,,,,,,,,,,,,,,,,,,,,,,,,,,,,,
Ananya Singh,,,,,,,,,,,,,,,,,,,,,,,,,,,,,,,,
Vikram Mehta,,,,,,,,,,,,,,,,,,,,,,,,,,,,,,,,
Kritika Das,,,,,,,,,,,,,,,,,,,,,,,,,,,,,,,,
Rohan Reddy,,,,,,,,,,,,,,,,,,,,,,,,,,,,,,,,
Nidhi Kapoor,,,,,,,,,,,,,,,,,,,,,,,,,,,,,,,,
Arjun Desai,,,,,,,,,,,,,,,,,,,,,,,,,,,,,,,,
Priya Joshi,,,,,,,,,,,,,,,,,,,,,,,,,,,,,,,,
Aryan Khanna,,,,,,,,,,,,,,,,,,,,,,,,,,,,,,,,
Ishita Malhotra,,,,,,,,,,,,,,,,,,,,,,,,,,,,,,,,
Veer Sharma,,,,,,,,,,,,,,,,,,,,,,,,,,,,,,,,
Saanvi Banerjee,,,,,,,,,,,,,,,,,,,,,,,,,,,,,,,,
Kabir Verma,,,,,,,,,,,,,,,,,,,,,,,,,,,,,,,,
Meera Patel,,,,,,,,,,,,,,,,,,,,,,,,,,,,,,,,
Varun Chatterjee,,,,,,,,,,,,,,,,,,,,,,,,,,,,,,,,
Riya Khan,,,,,,,,,,,,,,,,,,,,,,,,,,,,,,,,
Arnav Jain,,,,,,,,,,,,,,,,,,,,,,,,,,,,,,,,
Tanvi Agrawal,,,,,,,,,,,,,,,,,,,,,,,,,,,,,,,,
Akash Kumar,,,,,,,,,,,,,,,,,,,,,,,,,,,,,,,,
Anushka Singh,,,,,,,,,,,,,,,,,,,,,,,,,,,,,,,,
Yashvi Shah,,,,,,,,,,,,,,,,,,,,,,,,,,,,,,,,
Karan Gupta,,,,,,,,,,,,,,,,,,,,,,,,,,,,,,,,
Pooja Mishra,,,,,,,,,,,,,,,,,,,,,,,,,,,,,,,,
Vedant Kapoor,,,,,,,,,,,,,,,,,,,,,,,,,,,,,,,,
Diya Reddy,,,,,,,,,,,,,,,,,,,,,,,,,,,,,,,,
Aditya Chopra,,,,,,,,,,,,,,,,,,,,,,,,,,,,,,,,
Natasha Das,,,,,,,,,,,,,,,,,,,,,,,,,,,,,,,,
Vikas Sharma,,,,,,,,,,,,,,,,,,,,,,,,,,,,,,,,
Anjali Bansal,,,,,,,,,,,,,,,,,,,,,,,,,,,,,,,,
Rishi Patel,,,,,,,,,,,,,,,,,,,,,,,,,,,,,,,,
Trisha Mehra,,,,,,,,,,,,,,,,,,,,,,,,,,,,,,,,
Dhruv Gupta,,,,,,,,,,,,,,,,,,,,,,,,,,,,,,,,
Ishika Singh,,,,,,,,,,,,,,,,,,,,,,,,,,,,,,,,
Kabir Mehta,,,,,,,,,,,,,,,,,,,,,,,,,,,,,,,,
Aanya Joshi,,,,,,,,,,,,,,,,,,,,,,,,,,,,,,,,
Rishabh Malhotra,,,,,,,,,,,,,,,,,,,,,,,,,,,,,,,,
Sanjana Sharma,,,,,,,,,,,,,,,,,,,,,,,,,,,,,,,,
Pranav Shah,,,,,,,,,,,,,,,,,,,,,,,,,,,,,,,,
Jia Kapoor,,,,,,,,,,,,,,,,,,,,,,,,,,,,,,,,
Aarohi Patel,,,,,,,,,,,,,,,,,,,,,,,,,,,,,,,,
Ved Gupta,,,,,,,,,,,,,,,,,,,,,,,,,,,,,,,,
Nisha Desai,,,,,,,,,,,,,,,,,,,,,,,,,,,,,,,,
Arjun Bansal,,,,,,,,,,,,,,,,,,,,,,,,,,,,,,,,
Kavya Singhania,,,,,,,,,,,,,,,,,,,,,,,,,,,,,,,,
Vivaan Shah,,,,,,,,,,,,,,,,,,,,,,,,,,,,,,,,
Anika Agarwal,,,,,,,,,,,,,,,,,,,,,,,,,,,,,,,,
Shaurya Choudhury,,,,,,,,,,,,,,,,,,,,,,,,,,,,,,,,
Neha Verma,,,,,,,,,,,,,,,,,,,,,,,,,,,,,,,,
Aarav Mehra,,,,,,,,,,,,,,,,,,,,,,,,,,,,,,,,
Ishani Reddy,,,,,,,,,,,,,,,,,,,,,,,,,,,,,,,,
Rohan Khanna,,,,,,,,,,,,,,,,,,,,,,,,,,,,,,,,
Tara Sharma,,,,,,,,,,,,,,,,,,,,,,,,,,,,,,,,
Dev Mehra,,,,,,,,,,,,,,,,,,,,,,,,,,,,,,,,
Sara Malhotra,,,,,,,,,,,,,,,,,,,,,,,,,,,,,,,,
Aarav Chatterjee,,,,,,,,,,,,,,,,,,,,,,,,,,,,,,,,
Zoya Patel,,,,,,,,,,,,,,,,,,,,,,,,,,,,,,,,
Kabir Agrawal,,,,,,,,,,,,,,,,,,,,,,,,,,,,,,,,
Saisha Khanna,,,,,,,,,,,,,,,,,,,,,,,,,,,,,,,,
Pranav Mehta,,,,,,,,,,,,,,,,,,,,,,,,,,,,,,,,
Anvi Gupta,,,,,,,,,,,,,,,,,,,,,,,,,,,,,,,,
Advik Kapoor,,,,,,,,,,,,,,,,,,,,,,,,,,,,,,,,
Aaradhya Das,,,,,,,,,,,,,,,,,,,,,,,,,,,,,,,,
Tanisha Singh,,,,,,,,,,,,,,,,,,,,,,,,,,,,,,,,
Arjun Khanna,,,,,,,,,,,,,,,,,,,,,,,,,,,,,,,,
Anushka Iyer,,,,,,,,,,,,,,,,,,,,,,,,,,,,,,,,
Krish Sharma,,,,,,,,,,,,,,,,,,,,,,,,,,,,,,,,
Diya Bansal,,,,,,,,,,,,,,,,,,,,,,,,,,,,,,,,
Arnav Verma,,,,,,,,,,,,,,,,,,,,,,,,,,,,,,,,
Navya Patel,,,,,,,,,,,,,,,,,,,,,,,,,,,,,,,,
Advait Mehra,,,,,,,,,,,,,,,,,,,,,,,,,,,,,,,,
Ishika Kapoor,,,,,,,,,,,,Parent,,,,,,,,,,,,,,,,,,,,
Reyansh Joshi,,,,,,,,,,,,Spouse,,,,,,,,,,,,,,,,,,,,
Vanya Singh,,,,,,,,,,,,Child,,,,,,,,,,,,,,,,,,,,
,,,,,,,,,,,,Sibling,,,,,,,,,,,,,,,,,,,,
,,,,,,,,,,,,Grandparent,,,,,,,,,,,,,,,,,,,,
,,,,,,,,,,,,Grandchild,,,,,,,,,,,,,,,,,,,,
,,,,,,,,,,,,Aunt/Uncle,,,,,,,,,,,,,,,,,,,,
,,,,,,,,,,,,Niece/Nephew,,,,,,,,,,,,,,,,,,,,
,,,,,,,,,,,,Cousin,,,,,,,,,,,,,,,,,,,,
,,,,,,,,,,,,Legal Guardian,,,,,,,,,,,,,,,,,,,,
,,,,,,,,,,,,Caregiver,,,,,,,,,,,,,,,,,,,,
,,,,,,,,,,,,Friend,,,,,,,,,,,,,,,,,,,,
,,,,,,,,,,,,Partner,,,,,,,,,,,,,,,,,,,,
,,,,,,,,,,,,Domestic Partner,,,,,,,,,,,,,,,,,,,,
,,,,,,,,,,,,Roommate,,,,,,,,,,,,,,,,,,,,
,,,,,,,,,,,,Neighbor,,,,,,,,,,,,,,,,,,,,
,,,,,,,,,,,,Co-worker,,,,,,,,,,,,,,,,,,,,
,,,,,,,,,,,,Employer/Employee,,,,,,,,,,,,,,,,,,,,
,,,,,,,,,,,,Healthcare Proxy,,,,,,,,,,,,,,,,,,,,
