﻿Donor ID,Age,Gender,Blood Type,,Phn. No.,,Email,,Location,,,,,Organ available for donation,,,Length ,Width,Thickness,Insulin Secretion Levels (in μIU/mL),,,,Emergency Contact Name,,,,Relationship,,Contact No.,,,,,,,,,,,,,,,,,
1,36,F,B+,,+91 7543 973 216,,user752@gmail.com,,Kerala,,,,,Pancreas,,,13,2,1,15,,,,Reyansh Kapoor,,,,Co-worker,,+91 8900 676 909,,,,,,,,,,,,,,,,,
2,47,M,A-,,+91 7173 218 261,,user631@gmail.com,,Delhi ,,,,,Pancreas,,,14,4,2,11,,,,Anaya Gupta,,,,Employer/Employee,,+91 9164 569 457,,,,,,,,,,,,,,,,,
3,38,F,AB-,,+91 8804 941 940,,user900@gmail.com,,Lakshadweep,,,,,Pancreas,,,15,3,2,7,,,,Anvi Chatterjee,,,,Child,,+91 7062 670 758,,,,,,,,,,,,,,,,,
4,49,M,O-,,+91 7184 646 545,,user476@gmail.com,,Uttar Pradesh,,,,,Pancreas,,,13,2,2,6,,,,Vivaan Mehta,,,,Neighbor,,+91 8796 455 007,,,,,,,,,,,,,,,,,
5,72,F,A-,,+91 7443 802 906,,user360@gmail.com,,Dadra and Nagar Haveli and Daman and Diu,,,,,Pancreas,,,13,2,2,10,,,,Aaradhya Patel,,,,Friend,,+91 7762 372 402,,,,,,,,,,,,,,,,,
6,43,F,B+,,+91 9438 718 411,,user331@gmail.com,,Karnataka,,,,,Pancreas,,,14,3,1,14,,,,Aarav Das,,,,Caregiver,,+91 8324 928 549,,,,,,,,,,,,,,,,,
7,37,M,B+,,+91 9209 205 027,,user733@gmail.com,,Meghalaya,,,,,Pancreas,,,13,4,2,10,,,,Saanvi Kapoor,,,,Co-worker,,+91 9621 290 058,,,,,,,,,,Andhra Pradesh,,,,,,,
8,23,M,O+,,+91 8350 506 014,,user928@gmail.com,,West Bengal,,,,,Pancreas,,,12,3,2,7,,,,Aarav Verma,,,,Employer/Employee,,+91 9208 253 186,,,,,,,,,,Arunachal Pradesh,,,,,,,
9,58,M,AB-,,+91 7939 240 222,,user698@gmail.com,,Goa,,,,,Pancreas,,,12,4,2,9,,,,Arnav Bansal,,,,Niece/Nephew,,+91 9753 338 415,,,,,,,,,,Assam,,,,,,,
10,74,F,O+,,+91 7707 775 781,,user733@gmail.com,,Tripura,,,,,Pancreas,,,14,2,3,6,,,,Anvi Jain,,,,Parent,,+91 7401 600 658,,,,,,,,,,Bihar,,,,,,,
11,25,M,O-,,+91 8232 077 097,,user209@gmail.com,,Arunachal Pradesh,,,,,Pancreas,,,14,3,2,14,,,,Aisha Reddy,,,,Partner,,+91 7674 962 356,,,,,,,,,,Chhattisgarh,,,,,,,
12,18,F,O+,,+91 9283 127 181,,user623@gmail.com,,Haryana,,,,,Pancreas,,,14,2,2,10,,,,Aarush Reddy,,,,Aunt/Uncle,,+91 9745 233 435,,,,,,,,,,Goa,,,,,Parent,,
13,48,F,AB-,,+91 9116 678 762,,user407@gmail.com,,Tamil Nadu,,,,,Pancreas,,,13,3,2,12,,,,Anaya Bansal,,,,Healthcare Proxy,,+91 9353 417 285,,,,,,,,,,Gujarat,,,,,Spouse,,
14,72,M,A-,,+91 7613 397 951,,user782@gmail.com,,Haryana,,,,,Pancreas,,,15,3,2,14,,,,Arjun Iyer,,,,Healthcare Proxy,,+91 7440 406 442,,,,,,,,,,Haryana,,,,,Child,,
15,75,M,O+,,+91 8900 238 650,,user620@gmail.com,,Kerala,,,,,Pancreas,,,12,4,3,11,,,,Aadya Singh,,,,Roommate,,+91 7192 948 885,,,,,,,,,,Himachal Pradesh,,,,,Sibling,,
16,56,F,O+,,+91 8219 733 082,,user631@gmail.com,,Chhattisgarh,,,,,Pancreas,,,14,3,1,9,,,,Arjun Iyer,,,,Grandchild,,+91 8680 323 381,,,,,,,,,,Jharkhand,,,,,Grandparent,,
17,73,F,A+,,+91 8227 794 967,,user400@gmail.com,,Karnataka,,,,,Pancreas,,,15,2,2,14,,,,Aarav Das,,,,Grandchild,,+91 9838 438 922,,,,,,,,,,Karnataka,,,,,Grandchild,,
18,57,M,O+,,+91 9404 667 573,,user986@gmail.com,,Dadra and Nagar Haveli and Daman and Diu,,,,,Pancreas,,,13,3,3,9,,,,Advaita Chatterjee,,,,Grandparent,,+91 9711 995 497,,,,,,,,,,Kerala,,,,,Aunt/Uncle,,
19,26,M,O-,,+91 8782 011 735,,user850@gmail.com,,Telangana,,,,,Pancreas,,,13,3,2,7,,,,Advik Reddy,,,,Neighbor,,+91 8625 226 615,,,,,,,,,,Madhya Pradesh,,,,,Niece/Nephew,,
20,80,F,A-,,+91 7924 853 539,,user628@gmail.com,,Uttar Pradesh,,,,,Pancreas,,,13,3,1,12,,,,Aarav Verma,,,,Domestic Partner,,+91 7759 652 031,,,,,,,,,,Maharashtra,,,,,Cousin,,
21,68,M,O-,,+91 7326 574 941,,user399@gmail.com,,Nagaland,,,,,Pancreas,,,13,2,1,10,,,,Anvi Chatterjee,,,,Friend,,+91 8489 237 323,,,,,,,,,,Manipur,,,,,Legal Guardian,,
22,31,F,O+,,+91 7819 026 497,,user773@gmail.com,,Andhra Pradesh,,,,,Pancreas,,,14,4,3,10,,,,Aarav Shah,,,,Spouse,,+91 9733 435 201,,,,,,,,,,Meghalaya,,,,,Caregiver,,
23,35,F,A+,,+91 9515 192 973,,user186@gmail.com,,Goa,,,,,Pancreas,,,12,3,3,9,,,,Aarush Reddy,,,,Neighbor,,+91 8254 436 219,,,,,,,,,,Mizoram,,,,,Friend,,
24,20,F,A+,,+91 9835 036 268,,user855@gmail.com,,Odisha,,,,,Pancreas,,,14,2,2,15,,,,Kavya Agrawal,,,,Aunt/Uncle,,+91 9153 065 546,,,,,,,,,,Nagaland,,,,,Partner,,
25,46,F,A-,,+91 9537 842 751,,user180@gmail.com,,Tamil Nadu,,,,,Pancreas,,,13,3,2,10,,,,Arnav Mehra,,,,Friend,,+91 7335 242 839,,,,,,,,,,Odisha,,,,,Domestic Partner,,
26,24,F,AB+,,+91 8249 341 788,,user656@gmail.com,,Kerala,,,,,Pancreas,,,13,2,2,11,,,,Vivaan Mehta,,,,Cousin,,+91 7729 011 360,,,,,,,,,,Punjab,,,,,Roommate,,
27,60,M,A-,,+91 8903 837 524,,user259@gmail.com,,Maharashtra,,,,,Pancreas,,,13,3,3,11,,,,Aadya Singh,,,,Co-worker,,+91 7329 899 830,,,,,,,,,,Rajasthan,,,,,Neighbor,,
28,19,F,O-,,+91 9746 623 895,,user680@gmail.com,,Tamil Nadu,,,,,Pancreas,,,13,2,2,10,,,,Aisha Kapoor,,,,Healthcare Proxy,,+91 7835 459 952,,,,,,,,,,Sikkim,,,,,Co-worker,,
29,77,M,A+,,+91 7585 722 124,,user349@gmail.com,,Nagaland,,,,,Pancreas,,,14,2,3,12,,,,Aisha Reddy,,,,Cousin,,+91 8726 554 656,,,,,,,,,,Tamil Nadu,,,,,Employer/Employee,,
30,39,M,O+,,+91 8988 736 572,,user469@gmail.com,,Madhya Pradesh,,,,,Pancreas,,,12,2,2,12,,,,Aditi Desai,,,,Cousin,,+91 7184 573 327,,,,,,,,,,Telangana,,,,,Healthcare Proxy,,
31,39,M,O-,,+91 9696 644 306,,user261@gmail.com,,Arunachal Pradesh,,,,,Pancreas,,,14,4,2,11,,,,Aanya Jain,,,,Partner,,+91 7428 538 836,,,,,,,,,,Tripura,,,,,,,
32,45,F,A-,,+91 9524 662 633,,user449@gmail.com,,Madhya Pradesh,,,,,Pancreas,,,14,4,2,6,,,,Avni Sharma,,,,Spouse,,+91 7570 870 047,,,,,,,,,,Uttar Pradesh,,,,,,,
33,50,F,B+,,+91 9954 663 840,,user142@gmail.com,,Punjab,,,,,Pancreas,,,14,4,3,9,,,,Aadya Agrawal,,,,Healthcare Proxy,,+91 7028 063 931,,,,,,,,,,Uttarakhand,,,,,,,
34,38,M,A-,,+91 7388 966 695,,user105@gmail.com,,Andhra Pradesh,,,,,Pancreas,,,13,3,1,8,,,,Aditi Desai,,,,Friend,,+91 8286 017 679,,,,,,,,,,West Bengal,,,,,,,
35,47,M,AB-,,+91 8419 349 608,,user135@gmail.com,,Chandigarh,,,,,Pancreas,,,12,4,2,12,,,,Kiara Patel,,,,Employer/Employee,,+91 8305 613 399,,,,,,,,,,Andaman and Nicobar Islands,,,,,,,
36,58,F,O-,,+91 8298 443 625,,user701@gmail.com,,Dadra and Nagar Haveli and Daman and Diu,,,,,Pancreas,,,14,3,2,7,,,,Aarav Agrawal,,,,Child,,+91 7282 124 983,,,,,,,,,,Chandigarh,,,,,,,
37,29,F,A+,,+91 9402 133 680,,user855@gmail.com,,Punjab,,,,,Pancreas,,,13,3,2,8,,,,Anaya Mehra,,,,Parent,,+91 9505 035 103,,,,,,,,,,Dadra and Nagar Haveli and Daman and Diu,,,,,,,
38,21,M,B+,,+91 9830 242 161,,user431@gmail.com,,Puducherry,,,,,Pancreas,,,14,3,1,11,,,,Aaradhya Patel,,,,Partner,,+91 9990 794 389,,,,,,,,,,Lakshadweep,,,,,,,
39,22,F,AB-,,+91 8738 911 836,,user399@gmail.com,,West Bengal,,,,,Pancreas,,,14,2,2,11,,,,Myra Kapoor,,,,Aunt/Uncle,,+91 9553 544 269,,,,,,,,,,Delhi ,,,,,,,
40,58,M,AB-,,+91 8067 688 262,,user182@gmail.com,,Dadra and Nagar Haveli and Daman and Diu,,,,,Pancreas,,,13,3,1,6,,,,Aisha Kapoor,,,,Domestic Partner,,+91 7960 358 628,,,,,,,,,,Puducherry,,,,,,,
41,32,F,O-,,+91 8324 356 878,,user799@gmail.com,,Andaman and Nicobar Islands,,,,,Pancreas,,,14,3,1,10,,,,Kiara Khanna,,,,Caregiver,,+91 7534 314 468,,,,,,,,,,Ladakh,,,,,,,
42,19,F,A-,,+91 7432 515 153,,user936@gmail.com,,Maharashtra,,,,,Pancreas,,,12,3,2,7,,,,Aarav Das,,,,Grandparent,,+91 7417 153 243,,,,,,,,,,Lakshadweep,,,,,,,
43,60,M,AB+,,+91 8659 944 407,,user737@gmail.com,,Manipur,,,,,Pancreas,,,12,3,3,13,,,,Arhaan Shah,,,,Friend,,+91 7621 545 991,,,,,,,,,,,,,,,,,
44,43,M,O-,,+91 7428 690 090,,user781@gmail.com,,Tamil Nadu,,,,,Pancreas,,,13,3,2,11,,,,Vivaan Mehta,,,,Grandchild,,+91 7893 657 200,,,,,,,,,,,,,,,,,
45,49,M,B+,,+91 9304 099 512,,user963@gmail.com,,Rajasthan,,,,,Pancreas,,,15,2,2,11,,,,Anaya Bansal,,,,Child,,+91 7122 581 595,,,,,,,,,,,,,,,,,
46,66,M,B+,,+91 7245 483 840,,user909@gmail.com,,Uttarakhand,,,,,Pancreas,,,12,4,1,8,,,,Ayush Singh,,,,Caregiver,,+91 9638 896 595,,,,,,,,,,,,,,,,,
47,62,F,A-,,+91 9924 636 725,,user276@gmail.com,,Dadra and Nagar Haveli and Daman and Diu,,,,,Pancreas,,,14,2,2,12,,,,Krish Mehra,,,,Healthcare Proxy,,+91 9799 712 761,,,,,,,,,,,,,,,,,
48,28,F,B+,,+91 9134 049 953,,user574@gmail.com,,Jharkhand,,,,,Pancreas,,,14,4,2,13,,,,Advik Reddy,,,,Child,,+91 9488 012 814,,,,,,,,,,,,,,,,,
49,32,F,O+,,+91 8034 085 289,,user212@gmail.com,,Maharashtra,,,,,Pancreas,,,15,3,2,5,,,,Advik Sharma,,,,Parent,,+91 9004 663 359,,,,,,,,,,Arya Agarwal,,,,,,,
50,52,F,AB-,,+91 9771 847 380,,user177@gmail.com,,Goa,,,,,Pancreas,,,13,4,1,12,,,,Aisha Patel,,,,Legal Guardian,,+91 7667 933 539,,,,,,,,,,Advaita Chatterjee,,,,,,,
51,79,M,B-,,+91 8625 056 733,,user821@gmail.com,,Telangana,,,,,Pancreas,,,15,3,3,14,,,,Ishan Gupta,,,,Spouse,,+91 7908 764 683,,,,,,,,,,Ishan Gupta,,,,,,,
52,29,F,O-,,+91 8065 860 413,,user918@gmail.com,,Karnataka,,,,,Pancreas,,,13,3,3,12,,,,Arya Agarwal,,,,Parent,,+91 8442 408 531,,,,,,,,,,Myra Malhotra,,,,,,,
53,28,M,AB+,,+91 9679 347 925,,user101@gmail.com,,Telangana,,,,,Pancreas,,,12,2,2,9,,,,Anvi Singh,,,,Grandparent,,+91 8915 590 698,,,,,,,,,,Aditi Desai,,,,,,,
54,63,M,O+,,+91 9281 533 554,,user557@gmail.com,,Telangana,,,,,Pancreas,,,13,3,2,5,,,,Vihaan Mehra,,,,Niece/Nephew,,+91 7493 670 767,,,,,,,,,,Aaryan Sharma,,,,,,,
55,79,F,A+,,+91 9285 547 238,,user887@gmail.com,,Lakshadweep,,,,,Pancreas,,,12,4,2,10,,,,Vivaan Sharma,,,,Domestic Partner,,+91 8657 236 179,,,,,,,,,,Aisha Patel,,,,,,,
56,64,M,AB-,,+91 7820 679 815,,user549@gmail.com,,Rajasthan,,,,,Pancreas,,,13,4,3,6,,,,Prisha Gupta,,,,Roommate,,+91 9880 674 757,,,,,,,,,,Vihaan Jain,,,,,,,
57,74,M,B-,,+91 8406 792 566,,user489@gmail.com,,Punjab,,,,,Pancreas,,,13,3,2,10,,,,Aadya Agrawal,,,,Domestic Partner,,+91 9295 102 420,,,,,,,,,,Kavya Mehra,,,,,,,
58,50,F,B+,,+91 8192 790 923,,user494@gmail.com,,West Bengal,,,,,Pancreas,,,13,3,2,9,,,,Aaradhya Patel,,,,Legal Guardian,,+91 9391 737 245,,,,,,,,,,Aarush Reddy,,,,,,,
59,30,F,O+,,+91 9742 474 622,,user854@gmail.com,,Punjab,,,,,Pancreas,,,12,3,3,14,,,,Aarav Agrawal,,,,Co-worker,,+91 9164 342 138,,,,,,,,,,Aaradhya Singh,,,,,,,
60,69,F,O-,,+91 9714 414 555,,user473@gmail.com,,Nagaland,,,,,Pancreas,,,12,3,1,9,,,,Advait Khanna,,,,Friend,,+91 8760 066 777,,,,,,,,,,Devika Kapoor,,,,,,,
61,77,F,B+,,+91 8787 029 365,,user630@gmail.com,,Mizoram,,,,,Pancreas,,,13,3,3,12,,,,Ayush Singh,,,,Grandparent,,+91 7366 536 880,,,,,,,,,,Arnav Bansal,,,,,,,
62,35,M,B+,,+91 9968 650 362,,user962@gmail.com,,Jharkhand,,,,,Pancreas,,,14,2,2,8,,,,Advait Gupta,,,,Co-worker,,+91 8019 373 748,,,,,,,,,,Ananya Iyer,,,,,,,
63,49,M,AB+,,+91 9179 601 485,,user576@gmail.com,,Himachal Pradesh,,,,,Pancreas,,,13,2,2,12,,,,Advik Kapoor,,,,Grandchild,,+91 8699 504 662,,,,,,,,,,Arhaan Shah,,,,,,,
64,31,M,AB-,,+91 7799 667 400,,user456@gmail.com,,Puducherry,,,,,Pancreas,,,13,4,1,9,,,,Saanvi Kapoor,,,,Grandchild,,+91 9929 371 235,,,,,,,,,,Aadya Agrawal,,,,,,,
65,53,F,B+,,+91 9152 781 563,,user325@gmail.com,,Tripura,,,,,Pancreas,,,14,3,1,10,,,,Kiara Shah,,,,Cousin,,+91 9430 923 409,,,,,,,,,,Kiara Khanna,,,,,,,
66,63,F,A-,,+91 9897 920 971,,user862@gmail.com,,Bihar,,,,,Pancreas,,,14,2,2,13,,,,Avni Sharma,,,,Friend,,+91 8552 465 812,,,,,,,,,,Vihaan Patel,,,,,,,
67,54,M,O+,,+91 8989 615 854,,user497@gmail.com,,Chandigarh,,,,,Pancreas,,,13,3,1,11,,,,Anvi Jain,,,,Healthcare Proxy,,+91 8797 035 382,,,,,,,,,,Kiaan Malhotra,,,,,,,
68,79,M,B-,,+91 7524 541 468,,user229@gmail.com,,Gujarat,,,,,Pancreas,,,13,4,1,14,,,,Kiara Patel,,,,Caregiver,,+91 8307 291 302,,,,,,,,,,Ananya Das,,,,,,,
69,75,M,A-,,+91 9209 008 302,,user505@gmail.com,,Ladakh,,,,,Pancreas,,,14,3,1,11,,,,Aarav Agrawal,,,,Domestic Partner,,+91 8035 958 064,,,,,,,,,,Krish Mehra,,,,,,,
70,58,M,AB+,,+91 7174 133 468,,user269@gmail.com,,Goa,,,,,Pancreas,,,15,3,2,8,,,,Advik Reddy,,,,Healthcare Proxy,,+91 8364 828 754,,,,,,,,,,Avni Sharma,,,,,,,
71,50,M,A+,,+91 7661 735 282,,user182@gmail.com,,Himachal Pradesh,,,,,Pancreas,,,14,2,3,9,,,,Advaita Singh,,,,Domestic Partner,,+91 9663 307 342,,,,,,,,,,Aarav Agrawal,,,,,,,
72,70,F,AB-,,+91 8369 813 182,,user754@gmail.com,,Goa,,,,,Pancreas,,,13,2,2,12,,,,Aaradhya Khanna,,,,Roommate,,+91 7828 192 368,,,,,,,,,,Saanvi Kapoor,,,,,,,
73,23,F,O+,,+91 7147 424 198,,user481@gmail.com,,Uttar Pradesh,,,,,Pancreas,,,14,4,2,10,,,,Myra Malhotra,,,,Roommate,,+91 8106 539 130,,,,,,,,,,Rehan Singh,,,,,,,
74,55,M,O+,,+91 8619 012 599,,user347@gmail.com,,Dadra and Nagar Haveli and Daman and Diu,,,,,Pancreas,,,14,3,2,14,,,,Advaita Chatterjee,,,,Employer/Employee,,+91 7871 724 087,,,,,,,,,,Aanya Jain,,,,,,,
75,27,F,AB+,,+91 8457 371 267,,user173@gmail.com,,Puducherry,,,,,Pancreas,,,14,2,2,7,,,,Vihaan Mehra,,,,Aunt/Uncle,,+91 7050 681 034,,,,,,,,,,Advik Reddy,,,,,,,
76,78,M,B+,,+91 8549 251 512,,user289@gmail.com,,Madhya Pradesh,,,,,Pancreas,,,13,4,1,6,,,,Anvi Jain,,,,Neighbor,,+91 9250 650 279,,,,,,,,,,Arya Verma,,,,,,,
77,74,M,A+,,+91 7357 691 591,,user543@gmail.com,,Ladakh,,,,,Pancreas,,,14,3,2,8,,,,Ishan Gupta,,,,Sibling,,+91 7899 892 505,,,,,,,,,,Anaya Gupta,,,,,,,
78,47,F,O+,,+91 9752 249 209,,user908@gmail.com,,Lakshadweep,,,,,Pancreas,,,13,4,2,7,,,,Advik Reddy,,,,Grandparent,,+91 8326 987 561,,,,,,,,,,Aarush Bansal,,,,,,,
79,65,F,O-,,+91 8141 027 438,,user294@gmail.com,,Lakshadweep,,,,,Pancreas,,,15,2,2,13,,,,Reyansh Singh,,,,Neighbor,,+91 7217 530 521,,,,,,,,,,Arnav Mehra,,,,,,,
80,68,M,AB-,,+91 8290 252 697,,user888@gmail.com,,Lakshadweep,,,,,Pancreas,,,14,3,3,6,,,,Vihaan Jain,,,,Aunt/Uncle,,+91 9605 973 543,,,,,,,,,,Anvi Singh,,,,,,,
81,69,F,AB+,,+91 7305 708 689,,user323@gmail.com,,Chandigarh,,,,,Pancreas,,,12,2,2,13,,,,Reyansh Singh,,,,Grandparent,,+91 9234 729 334,,,,,,,,,,Kabir Das,,,,,,,
82,40,F,AB+,,+91 7981 013 496,,user872@gmail.com,,Tripura,,,,,Pancreas,,,12,2,2,11,,,,Anvi Jain,,,,Neighbor,,+91 9193 764 348,,,,,,,,,,Aisha Reddy,,,,,,,
83,20,M,B-,,+91 8008 188 857,,user703@gmail.com,,Dadra and Nagar Haveli and Daman and Diu,,,,,Pancreas,,,13,4,1,10,,,,Arjun Verma,,,,Cousin,,+91 9945 518 007,,,,,,,,,,Aarav Choudhury,,,,,,,
84,58,M,AB+,,+91 9246 868 736,,user384@gmail.com,,Himachal Pradesh,,,,,Pancreas,,,14,3,2,9,,,,Advait Gupta,,,,Grandparent,,+91 9960 617 296,,,,,,,,,,Kiara Shah,,,,,,,
85,20,M,B+,,+91 7285 845 464,,user710@gmail.com,,Chandigarh,,,,,Pancreas,,,12,3,2,7,,,,Prisha Gupta,,,,Niece/Nephew,,+91 9620 330 630,,,,,,,,,,Devansh Joshi,,,,,,,
86,32,M,AB+,,+91 8159 335 413,,user591@gmail.com,,Goa,,,,,Pancreas,,,14,2,2,12,,,,Anaya Mehra,,,,Parent,,+91 9636 334 044,,,,,,,,,,Navya Khanna,,,,,,,
87,57,M,O-,,+91 8001 374 433,,user786@gmail.com,,West Bengal,,,,,Pancreas,,,13,4,3,6,,,,Rehan Patel,,,,Healthcare Proxy,,+91 8004 526 888,,,,,,,,,,Reyansh Kapoor,,,,,,,
88,75,M,A-,,+91 9727 405 267,,user631@gmail.com,,Himachal Pradesh,,,,,Pancreas,,,13,2,2,10,,,,Kiara Khanna,,,,Grandparent,,+91 9910 157 200,,,,,,,,,,Ananya Malhotra,,,,,,,
89,65,F,AB-,,+91 7881 438 641,,user995@gmail.com,,Jharkhand,,,,,Pancreas,,,13,3,2,11,,,,Kavya Agrawal,,,,Friend,,+91 9743 607 141,,,,,,,,,,Vivaan Sharma,,,,,,,
90,58,F,A-,,+91 9447 720 132,,user230@gmail.com,,Telangana,,,,,Pancreas,,,13,2,2,8,,,,Kiaan Malhotra,,,,Aunt/Uncle,,+91 7313 613 464,,,,,,,,,,Aaradhya Patel,,,,,,,
91,28,F,A+,,+91 8121 959 198,,user780@gmail.com,,Manipur,,,,,Pancreas,,,13,4,2,11,,,,Kiara Shah,,,,Cousin,,+91 8905 362 603,,,,,,,,,,Prisha Gupta,,,,,,,
92,32,F,AB-,,+91 8603 913 513,,user749@gmail.com,,Chandigarh,,,,,Pancreas,,,12,3,2,14,,,,Arhaan Shah,,,,Caregiver,,+91 8251 438 983,,,,,,,,,,Ayush Singh,,,,,,,
93,63,F,B-,,+91 7919 218 205,,user251@gmail.com,,Kerala,,,,,Pancreas,,,15,4,2,7,,,,Arjun Iyer,,,,Parent,,+91 8868 556 614,,,,,,,,,,Kavya Agrawal,,,,,,,
94,76,F,A-,,+91 7205 996 383,,user775@gmail.com,,Andhra Pradesh,,,,,Pancreas,,,14,2,3,11,,,,Kiaan Malhotra,,,,Aunt/Uncle,,+91 7745 418 271,,,,,,,,,,Advait Khanna,,,,,,,
95,69,M,AB+,,+91 9790 444 810,,user747@gmail.com,,Chhattisgarh,,,,,Pancreas,,,14,3,1,7,,,,Advaita Singh,,,,Legal Guardian,,+91 8702 550 777,,,,,,,,,,Aarav Verma,,,,,,,
96,70,F,A-,,+91 9991 645 793,,user260@gmail.com,,Lakshadweep,,,,,Pancreas,,,13,4,2,14,,,,Aanya Jain,,,,Co-worker,,+91 7452 799 110,,,,,,,,,,Anvi Jain,,,,,,,
97,40,F,O-,,+91 9980 202 256,,user546@gmail.com,,Assam,,,,,Pancreas,,,15,3,2,14,,,,Aarush Bansal,,,,Legal Guardian,,+91 8343 979 357,,,,,,,,,,Vivaan Mehta,,,,,,,
98,48,M,O-,,+91 7844 967 221,,user814@gmail.com,,Goa,,,,,Pancreas,,,14,4,2,7,,,,Aarush Bansal,,,,Roommate,,+91 9431 546 105,,,,,,,,,,Myra Kapoor,,,,,,,
99,28,M,A+,,+91 8788 250 189,,user977@gmail.com,,Chhattisgarh,,,,,Pancreas,,,14,4,1,5,,,,Aanya Jain,,,,Grandparent,,+91 9910 624 718,,,,,,,,,,Anaya Bansal,,,,,,,
100,23,F,A-,,+91 9056 096 895,,user873@gmail.com,,Assam,,,,,Pancreas,,,13,4,1,13,,,,Anaya Mehra,,,,Spouse,,+91 7173 774 886,,,,,,,,,,Advik Sharma,,,,,,,
101,43,F,A+,,+91 9682 914 132,,user308@gmail.com,,Uttarakhand,,,,,Pancreas,,,12,4,3,15,,,,Anaya Mehra,,,,Parent,,+91 7839 693 682,,,,,,,,,,Kiara Patel,,,,,,,
102,69,M,A-,,+91 9802 748 081,,user850@gmail.com,,Maharashtra,,,,,Pancreas,,,13,3,2,7,,,,Aarav Shah,,,,Partner,,+91 7916 907 860,,,,,,,,,,Advaita Singh,,,,,,,
103,20,F,O-,,+91 8357 908 827,,user501@gmail.com,,Madhya Pradesh,,,,,Pancreas,,,12,3,1,13,,,,Vivaan Sharma,,,,Co-worker,,+91 8709 881 467,,,,,,,,,,Diya Mehra,,,,,,,
104,55,F,A-,,+91 8972 778 858,,user722@gmail.com,,Andhra Pradesh,,,,,Pancreas,,,13,3,2,15,,,,Reyansh Kapoor,,,,Spouse,,+91 9754 197 062,,,,,,,,,,Aarav Shah,,,,,,,
105,70,M,B+,,+91 8154 962 200,,user491@gmail.com,,Sikkim,,,,,Pancreas,,,13,4,3,8,,,,Kabir Das,,,,Co-worker,,+91 9377 538 398,,,,,,,,,,Aarush Malhotra,,,,,,,
106,21,M,B+,,+91 8760 344 607,,user792@gmail.com,,Assam,,,,,Pancreas,,,12,4,2,12,,,,Advik Kapoor,,,,Grandchild,,+91 7370 701 674,,,,,,,,,,Arjun Iyer,,,,,,,
107,27,F,A+,,+91 9192 767 464,,user770@gmail.com,,Andhra Pradesh,,,,,Pancreas,,,12,4,1,6,,,,Advait Gupta,,,,Co-worker,,+91 9601 286 778,,,,,,,,,,Aaradhya Khanna,,,,,,,
108,23,M,O+,,+91 7206 768 015,,user563@gmail.com,,Puducherry,,,,,Pancreas,,,12,3,2,7,,,,Ananya Das,,,,Niece/Nephew,,+91 7806 711 551,,,,,,,,,,Advait Gupta,,,,,,,
109,56,M,AB+,,+91 8815 026 564,,user946@gmail.com,,Jharkhand,,,,,Pancreas,,,13,3,2,8,,,,Kiara Patel,,,,Aunt/Uncle,,+91 7958 562 464,,,,,,,,,,Aisha Kapoor,,,,,,,
110,77,M,AB+,,+91 8086 914 251,,user819@gmail.com,,Ladakh,,,,,Pancreas,,,14,4,3,14,,,,Anaya Gupta,,,,Friend,,+91 8858 951 268,,,,,,,,,,Vihaan Mehra,,,,,,,
111,20,F,AB+,,+91 9293 539 071,,user570@gmail.com,,Uttar Pradesh,,,,,Pancreas,,,14,4,2,10,,,,Vivaan Sharma,,,,Neighbor,,+91 9933 366 256,,,,,,,,,,Anvi Agrawal,,,,,,,
112,58,M,O+,,+91 7408 290 568,,user911@gmail.com,,West Bengal,,,,,Pancreas,,,15,3,2,15,,,,Vihaan Jain,,,,Caregiver,,+91 7093 109 516,,,,,,,,,,Reyansh Singh,,,,,,,
113,73,F,A-,,+91 8091 674 365,,user634@gmail.com,,Mizoram,,,,,Pancreas,,,15,3,2,11,,,,Ananya Iyer,,,,Parent,,+91 8916 996 815,,,,,,,,,,Navya Malhotra,,,,,,,
114,23,F,A-,,+91 7019 580 978,,user211@gmail.com,,Lakshadweep,,,,,Pancreas,,,14,3,2,10,,,,Arya Bansal,,,,Child,,+91 8582 162 649,,,,,,,,,,Arya Bansal,,,,,,,
115,35,F,A-,,+91 7399 840 457,,user782@gmail.com,,Tripura,,,,,Pancreas,,,14,3,2,7,,,,Advait Gupta,,,,Roommate,,+91 8065 890 583,,,,,,,,,,Advik Kapoor,,,,,,,
116,59,F,B-,,+91 7409 374 225,,user305@gmail.com,,Andhra Pradesh,,,,,Pancreas,,,13,3,3,9,,,,Kiara Khanna,,,,Parent,,+91 7083 316 477,,,,,,,,,,Anaya Mehra,,,,,,,
117,33,F,O+,,+91 8813 006 171,,user488@gmail.com,,Bihar,,,,,Pancreas,,,14,4,3,9,,,,Ayush Singh,,,,Grandchild,,+91 7516 556 055,,,,,,,,,,Kiara Gupta,,,,,,,
118,32,M,B-,,+91 7171 408 619,,user668@gmail.com,,Goa,,,,,Pancreas,,,13,3,2,13,,,,Arnav Mehra,,,,Healthcare Proxy,,+91 8248 085 029,,,,,,,,,,Rehan Patel,,,,,,,
119,49,F,A-,,+91 9521 102 978,,user920@gmail.com,,Rajasthan,,,,,Pancreas,,,15,3,2,9,,,,Anvi Chatterjee,,,,Niece/Nephew,,+91 8001 131 245,,,,,,,,,,Aadya Singh,,,,,,,
120,78,M,B+,,+91 9887 724 734,,user540@gmail.com,,Odisha,,,,,Pancreas,,,13,3,3,12,,,,Ishan Gupta,,,,Employer/Employee,,+91 9174 787 896,,,,,,,,,,Aarav Das,,,,,,,
121,54,M,AB+,,+91 8834 007 022,,user918@gmail.com,,Rajasthan,,,,,Pancreas,,,12,4,2,10,,,,Anaya Mehra,,,,Partner,,+91 8558 080 276,,,,,,,,,,Anvi Chatterjee,,,,,,,
122,67,M,A-,,+91 9388 634 720,,user350@gmail.com,,Dadra and Nagar Haveli and Daman and Diu,,,,,Pancreas,,,12,2,2,6,,,,Aaradhya Khanna,,,,Employer/Employee,,+91 7051 598 259,,,,,,,,,,Arjun Verma,,,,,,,
123,48,F,O-,,+91 9074 379 376,,user338@gmail.com,,Chhattisgarh,,,,,Pancreas,,,13,3,2,9,,,,Kiara Khanna,,,,Co-worker,,+91 7733 202 152,,,,,,,,,,Vivaan Joshi,,,,,,,
124,53,M,AB+,,+91 9274 641 417,,user276@gmail.com,,Manipur,,,,,Pancreas,,,13,3,3,14,,,,Arjun Verma,,,,Healthcare Proxy,,+91 7336 572 982,,,,,,,,,,,,,,,,,
125,42,M,O+,,+91 7544 977 226,,user647@gmail.com,,Jharkhand,,,,,Pancreas,,,13,2,2,7,,,,Aarav Agrawal,,,,Grandparent,,+91 8028 604 876,,,,,,,,,,,,,,,,,
126,26,M,B+,,+91 7451 586 462,,user686@gmail.com,,Kerala,,,,,Pancreas,,,15,3,1,14,,,,Aisha Reddy,,,,Friend,,+91 8863 459 372,,,,,,,,,,,,,,,,,
127,77,M,O-,,+91 7482 182 676,,user417@gmail.com,,Delhi ,,,,,Pancreas,,,15,3,2,9,,,,Ananya Malhotra,,,,Grandparent,,+91 9290 822 001,,,,,,,,,,,,,,,,,
128,46,F,O+,,+91 7176 429 818,,user987@gmail.com,,Tripura,,,,,Pancreas,,,15,2,2,10,,,,Anaya Mehra,,,,Grandparent,,+91 9111 448 542,,,,,,,,,,,,,,,,,
129,46,M,O-,,+91 7206 847 849,,user886@gmail.com,,Manipur,,,,,Pancreas,,,13,3,3,7,,,,Ayush Singh,,,,Partner,,+91 7832 961 894,,,,,,,,,,,,,,,,,
130,60,M,O+,,+91 7481 803 765,,user435@gmail.com,,Haryana,,,,,Pancreas,,,12,3,3,11,,,,Aarav Verma,,,,Caregiver,,+91 9550 374 546,,,,,,,,,,,,,,,,,
131,51,F,B-,,+91 7375 764 187,,user571@gmail.com,,Ladakh,,,,,Pancreas,,,14,3,3,8,,,,Arnav Mehra,,,,Grandparent,,+91 9688 079 927,,,,,,,,,,,,,,,,,
132,65,F,B-,,+91 8397 935 264,,user581@gmail.com,,Dadra and Nagar Haveli and Daman and Diu,,,,,Pancreas,,,14,2,3,15,,,,Aarush Bansal,,,,Domestic Partner,,+91 8290 740 435,,,,,,,,,,,,,,,,,
133,41,M,A-,,+91 9231 714 913,,user653@gmail.com,,Ladakh,,,,,Pancreas,,,13,3,2,12,,,,Advik Sharma,,,,Child,,+91 8595 085 876,,,,,,,,,,,,,,,,,
134,62,M,A-,,+91 7432 947 407,,user689@gmail.com,,Dadra and Nagar Haveli and Daman and Diu,,,,,Pancreas,,,15,3,2,11,,,,Aaradhya Singh,,,,Child,,+91 7273 083 233,,,,,,,,,,,,,,,,,
135,59,F,A+,,+91 9040 251 708,,user139@gmail.com,,Ladakh,,,,,Pancreas,,,15,2,2,11,,,,Aditi Desai,,,,Spouse,,+91 9908 396 199,,,,,,,,,,,,,,,,,
136,25,M,O+,,+91 8450 584 377,,user925@gmail.com,,Jharkhand,,,,,Pancreas,,,13,3,2,13,,,,Anvi Singh,,,,Spouse,,+91 8321 876 648,,,,,,,,,,,,,,,,,
137,38,M,B+,,+91 7066 247 883,,user946@gmail.com,,Lakshadweep,,,,,Pancreas,,,15,3,3,15,,,,Advaita Chatterjee,,,,Co-worker,,+91 9663 508 215,,,,,,,,,,,,,,,,,
138,44,M,A+,,+91 8891 795 761,,user495@gmail.com,,Gujarat,,,,,Pancreas,,,13,3,2,9,,,,Kiara Gupta,,,,Healthcare Proxy,,+91 8839 552 000,,,,,,,,,,,,,,,,,
139,68,M,AB+,,+91 8653 823 825,,user896@gmail.com,,Punjab,,,,,Pancreas,,,14,3,2,9,,,,Aaradhya Patel,,,,Domestic Partner,,+91 8696 445 032,,,,,,,,,,,,,,,,,
140,63,F,A-,,+91 9627 884 747,,user533@gmail.com,,Mizoram,,,,,Pancreas,,,13,3,2,12,,,,Aaryan Sharma,,,,Caregiver,,+91 7990 453 460,,,,,,,,,,,,,,,,,
141,34,F,O-,,+91 9359 153 094,,user878@gmail.com,,Arunachal Pradesh,,,,,Pancreas,,,15,3,2,8,,,,Avni Sharma,,,,Cousin,,+91 7854 118 517,,,,,,,,,,,,,,,,,
142,40,F,B+,,+91 9807 644 473,,user223@gmail.com,,Himachal Pradesh,,,,,Pancreas,,,14,2,1,9,,,,Aaradhya Patel,,,,Co-worker,,+91 9628 690 617,,,,,,,,,,,,,,,,,
143,74,M,A-,,+91 7971 646 071,,user556@gmail.com,,Rajasthan,,,,,Pancreas,,,13,3,2,13,,,,Aadya Singh,,,,Grandparent,,+91 7318 449 295,,,,,,,,,,,,,,,,,
144,51,F,O-,,+91 9279 972 767,,user797@gmail.com,,Dadra and Nagar Haveli and Daman and Diu,,,,,Pancreas,,,15,2,3,5,,,,Navya Khanna,,,,Friend,,+91 8307 871 134,,,,,,,,,,,,,,,,,
145,31,F,AB-,,+91 9694 474 829,,user101@gmail.com,,Lakshadweep,,,,,Pancreas,,,13,3,2,7,,,,Krish Mehra,,,,Neighbor,,+91 9185 570 888,,,,,,,,,,,,,,,,,
146,30,F,O+,,+91 9580 304 012,,user616@gmail.com,,Lakshadweep,,,,,Pancreas,,,13,2,1,10,,,,Anvi Singh,,,,Legal Guardian,,+91 7817 604 829,,,,,,,,,,,,,,,,,
147,49,F,O-,,+91 8796 793 759,,user331@gmail.com,,Telangana,,,,,Pancreas,,,14,4,2,6,,,,Kiara Shah,,,,Roommate,,+91 9328 410 069,,,,,,,,,,,,,,,,,
148,42,M,AB+,,+91 9598 045 229,,user626@gmail.com,,Rajasthan,,,,,Pancreas,,,13,3,2,10,,,,Myra Malhotra,,,,Grandparent,,+91 8430 987 255,,,,,,,,,,,,,,,,,
149,44,M,AB+,,+91 7376 881 984,,user846@gmail.com,,Uttar Pradesh,,,,,Pancreas,,,13,4,3,12,,,,Aadya Agrawal,,,,Aunt/Uncle,,+91 9145 531 273,,,,,,,,,,,,,,,,,
150,21,M,O+,,+91 7648 651 748,,user983@gmail.com,,Manipur,,,,,Pancreas,,,14,3,1,8,,,,Rehan Patel,,,,Friend,,+91 8566 466 917,,,,,,,,,,,,,,,,,
151,72,M,B+,,+91 7587 021 425,,user784@gmail.com,,Haryana,,,,,Pancreas,,,14,3,1,11,,,,Kavya Agrawal,,,,Child,,+91 8201 683 854,,,,,,,,,,,,,,,,,
152,80,F,B-,,+91 7317 068 040,,user762@gmail.com,,Punjab,,,,,Pancreas,,,12,4,2,11,,,,Aaradhya Patel,,,,Grandchild,,+91 7069 616 146,,,,,,,,,,,,,,,,,
153,69,F,A-,,+91 7243 594 748,,user884@gmail.com,,Chandigarh,,,,,Pancreas,,,12,2,2,13,,,,Aadya Agrawal,,,,Niece/Nephew,,+91 8284 300 071,,,,,,,,,,,,,,,,,
154,61,M,A+,,+91 7754 819 297,,user791@gmail.com,,Goa,,,,,Pancreas,,,14,3,3,9,,,,Advik Reddy,,,,Grandchild,,+91 8835 023 966,,,,,,,,,,,,,,,,,
155,26,M,O+,,+91 8769 581 248,,user795@gmail.com,,Karnataka,,,,,Pancreas,,,14,2,3,6,,,,Prisha Gupta,,,,Sibling,,+91 7226 442 264,,,,,,,,,,,,,,,,,
156,22,F,O+,,+91 7725 858 796,,user444@gmail.com,,Chhattisgarh,,,,,Pancreas,,,14,3,3,10,,,,Advait Khanna,,,,Sibling,,+91 9063 146 149,,,,,,,,,,,,,,,,,
157,22,M,A-,,+91 8838 020 107,,user835@gmail.com,,Dadra and Nagar Haveli and Daman and Diu,,,,,Pancreas,,,14,2,1,10,,,,Aisha Reddy,,,,Roommate,,+91 9012 280 991,,,,,,,,,,,,,,,,,
158,35,F,O+,,+91 9593 693 917,,user392@gmail.com,,Puducherry,,,,,Pancreas,,,13,4,1,10,,,,Kiara Patel,,,,Legal Guardian,,+91 9639 609 874,,,,,,,,,,,,,,,,,
159,35,M,A-,,+91 8603 927 566,,user232@gmail.com,,Ladakh,,,,,Pancreas,,,13,3,2,14,,,,Kiara Shah,,,,Sibling,,+91 8691 047 327,,,,,,,,,,,,,,,,,
160,78,F,B+,,+91 9956 316 527,,user431@gmail.com,,Goa,,,,,Pancreas,,,13,4,3,14,,,,Aarav Shah,,,,Parent,,+91 9891 608 794,,,,,,,,,,,,,,,,,
161,72,M,AB+,,+91 9429 836 335,,user427@gmail.com,,Jharkhand,,,,,Pancreas,,,14,3,3,8,,,,Aaryan Sharma,,,,Spouse,,+91 8750 086 720,,,,,,,,,,,,,,,,,
162,29,M,O-,,+91 8250 033 006,,user353@gmail.com,,Punjab,,,,,Pancreas,,,14,3,2,10,,,,Ananya Iyer,,,,Child,,+91 8002 966 982,,,,,,,,,,,,,,,,,
163,36,M,O+,,+91 7292 064 769,,user911@gmail.com,,Assam,,,,,Pancreas,,,13,2,2,5,,,,Advik Reddy,,,,Friend,,+91 8900 113 425,,,,,,,,,,,,,,,,,
164,54,M,B+,,+91 7517 295 669,,user580@gmail.com,,Tripura,,,,,Pancreas,,,14,2,2,13,,,,Ishan Gupta,,,,Cousin,,+91 8909 693 723,,,,,,,,,,,,,,,,,
165,65,F,AB-,,+91 7441 447 069,,user431@gmail.com,,Karnataka,,,,,Pancreas,,,13,3,2,14,,,,Advaita Chatterjee,,,,Co-worker,,+91 7834 749 952,,,,,,,,,,,,,,,,,
166,75,F,AB+,,+91 8449 755 619,,user221@gmail.com,,Chhattisgarh,,,,,Pancreas,,,14,2,2,13,,,,Aadya Agrawal,,,,Niece/Nephew,,+91 7245 463 533,,,,,,,,,,,,,,,,,
167,65,M,B+,,+91 9622 036 338,,user654@gmail.com,,Lakshadweep,,,,,Pancreas,,,14,3,3,12,,,,Aarav Choudhury,,,,Co-worker,,+91 8953 949 504,,,,,,,,,,,,,,,,,
168,64,F,O-,,+91 8623 056 786,,user790@gmail.com,,Rajasthan,,,,,Pancreas,,,14,3,2,12,,,,Kavya Agrawal,,,,Sibling,,+91 9526 876 428,,,,,,,,,,,,,,,,,
169,36,F,AB-,,+91 9783 931 699,,user794@gmail.com,,Odisha,,,,,Pancreas,,,12,3,2,13,,,,Avni Sharma,,,,Sibling,,+91 7052 318 068,,,,,,,,,,,,,,,,,
170,23,F,A-,,+91 9065 834 481,,user529@gmail.com,,Uttar Pradesh,,,,,Pancreas,,,14,4,3,12,,,,Advik Reddy,,,,Legal Guardian,,+91 7280 337 332,,,,,,,,,,,,,,,,,
171,62,F,B+,,+91 7555 041 206,,user547@gmail.com,,West Bengal,,,,,Pancreas,,,12,3,2,5,,,,Vihaan Patel,,,,Grandparent,,+91 8005 909 733,,,,,,,,,,,,,,,,,
172,42,M,B-,,+91 7850 532 473,,user129@gmail.com,,Rajasthan,,,,,Pancreas,,,14,2,3,9,,,,Vivaan Mehta,,,,Roommate,,+91 9150 155 970,,,,,,,,,,,,,,,,,
173,52,F,AB+,,+91 8073 042 896,,user598@gmail.com,,Tripura,,,,,Pancreas,,,14,2,2,13,,,,Advik Kapoor,,,,Sibling,,+91 7155 394 093,,,,,,,,,,,,,,,,,
174,63,F,AB-,,+91 8388 199 984,,user505@gmail.com,,Andaman and Nicobar Islands,,,,,Pancreas,,,14,3,3,10,,,,Kiara Shah,,,,Sibling,,+91 8698 047 647,,,,,,,,,,,,,,,,,
175,21,M,O+,,+91 7910 969 649,,user114@gmail.com,,Ladakh,,,,,Pancreas,,,13,3,3,11,,,,Vihaan Jain,,,,Grandchild,,+91 9228 972 982,,,,,,,,,,,,,,,,,
176,27,M,B-,,+91 8932 768 170,,user679@gmail.com,,Karnataka,,,,,Pancreas,,,14,3,3,13,,,,Saanvi Kapoor,,,,Cousin,,+91 8163 217 952,,,,,,,,,,,,,,,,,
177,37,F,O-,,+91 8460 879 744,,user674@gmail.com,,Mizoram,,,,,Pancreas,,,14,3,1,8,,,,Aarav Choudhury,,,,Grandparent,,+91 7035 409 998,,,,,,,,,,,,,,,,,
178,54,M,B+,,+91 9290 610 239,,user944@gmail.com,,Meghalaya,,,,,Pancreas,,,15,3,2,10,,,,Ananya Iyer,,,,Neighbor,,+91 8871 759 729,,,,,,,,,,,,,,,,,
179,32,F,B+,,+91 8931 949 620,,user487@gmail.com,,Lakshadweep,,,,,Pancreas,,,14,3,3,8,,,,Reyansh Singh,,,,Spouse,,+91 9537 465 283,,,,,,,,,,,,,,,,,
180,79,M,AB-,,+91 7689 694 492,,user688@gmail.com,,Dadra and Nagar Haveli and Daman and Diu,,,,,Pancreas,,,14,2,2,15,,,,Advait Khanna,,,,Niece/Nephew,,+91 7435 439 672,,,,,,,,,,,,,,,,,
181,19,F,B-,,+91 8969 805 836,,user105@gmail.com,,Dadra and Nagar Haveli and Daman and Diu,,,,,Pancreas,,,15,3,1,11,,,,Reyansh Kapoor,,,,Caregiver,,+91 7274 931 392,,,,,,,,,,,,,,,,,
182,76,F,AB+,,+91 7912 207 422,,user398@gmail.com,,Meghalaya,,,,,Pancreas,,,12,3,3,10,,,,Arjun Iyer,,,,Sibling,,+91 8701 480 185,,,,,,,,,,,,,,,,,
183,71,M,O+,,+91 9531 320 388,,user741@gmail.com,,Meghalaya,,,,,Pancreas,,,12,4,2,8,,,,Vivaan Sharma,,,,Legal Guardian,,+91 9124 827 902,,,,,,,,,,,,,,,,,
184,49,F,A+,,+91 7912 201 315,,user851@gmail.com,,Dadra and Nagar Haveli and Daman and Diu,,,,,Pancreas,,,14,3,2,15,,,,Rehan Singh,,,,Roommate,,+91 9655 012 493,,,,,,,,,,,,,,,,,
185,72,F,AB+,,+91 8479 577 700,,user826@gmail.com,,Ladakh,,,,,Pancreas,,,14,2,3,8,,,,Aarav Verma,,,,Spouse,,+91 8270 507 926,,,,,,,,,,,,,,,,,
186,78,M,B+,,+91 9476 263 293,,user315@gmail.com,,Uttar Pradesh,,,,,Pancreas,,,12,3,3,10,,,,Arya Bansal,,,,Niece/Nephew,,+91 7208 129 301,,,,,,,,,,,,,,,,,
187,32,M,B+,,+91 7874 511 605,,user769@gmail.com,,Manipur,,,,,Pancreas,,,13,3,3,5,,,,Kiaan Malhotra,,,,Friend,,+91 7458 677 086,,,,,,,,,,,,,,,,,
188,47,F,O-,,+91 8348 018 709,,user470@gmail.com,,Nagaland,,,,,Pancreas,,,13,2,1,5,,,,Reyansh Kapoor,,,,Grandchild,,+91 9593 747 458,,,,,,,,,,,,,,,,,
189,50,F,AB+,,+91 9017 477 295,,user894@gmail.com,,Uttar Pradesh,,,,,Pancreas,,,13,2,3,12,,,,Arya Verma,,,,Partner,,+91 9192 857 333,,,,,,,,,,,,,,,,,
190,44,M,A-,,+91 8381 163 848,,user946@gmail.com,,Gujarat,,,,,Pancreas,,,13,2,2,8,,,,Ananya Das,,,,Domestic Partner,,+91 8359 119 229,,,,,,,,,,,,,,,,,
191,19,F,AB-,,+91 9130 777 904,,user479@gmail.com,,Manipur,,,,,Pancreas,,,14,3,3,10,,,,Arya Agarwal,,,,Healthcare Proxy,,+91 9466 994 521,,,,,,,,,,,,,,,,,
192,53,M,A+,,+91 8450 035 619,,user757@gmail.com,,Tripura,,,,,Pancreas,,,13,3,2,10,,,,Advait Khanna,,,,Aunt/Uncle,,+91 7379 143 111,,,,,,,,,,,,,,,,,
193,57,M,O-,,+91 8415 607 707,,user290@gmail.com,,Uttar Pradesh,,,,,Pancreas,,,14,3,3,14,,,,Advait Gupta,,,,Cousin,,+91 8571 493 559,,,,,,,,,,,,,,,,,
194,51,M,B-,,+91 7624 673 448,,user970@gmail.com,,Chandigarh,,,,,Pancreas,,,12,3,2,10,,,,Aisha Kapoor,,,,Caregiver,,+91 7135 675 926,,,,,,,,,,,,,,,,,
195,37,F,A+,,+91 7622 443 842,,user988@gmail.com,,Haryana,,,,,Pancreas,,,14,4,1,7,,,,Reyansh Kapoor,,,,Legal Guardian,,+91 9949 649 709,,,,,,,,,,,,,,,,,
196,52,F,AB-,,+91 8134 253 281,,user110@gmail.com,,Tamil Nadu,,,,,Pancreas,,,12,3,3,14,,,,Navya Khanna,,,,Neighbor,,+91 8424 756 722,,,,,,,,,,,,,,,,,
197,69,F,B-,,+91 9872 697 801,,user103@gmail.com,,Odisha,,,,,Pancreas,,,13,3,3,7,,,,Aarav Das,,,,Grandparent,,+91 9887 063 707,,,,,,,,,,,,,,,,,
198,21,F,A+,,+91 9331 257 641,,user364@gmail.com,,Andhra Pradesh,,,,,Pancreas,,,15,3,2,9,,,,Reyansh Kapoor,,,,Sibling,,+91 7041 602 504,,,,,,,,,,,,,,,,,
199,71,F,A+,,+91 9299 664 935,,user530@gmail.com,,Dadra and Nagar Haveli and Daman and Diu,,,,,Pancreas,,,15,4,2,7,,,,Aadya Agrawal,,,,Caregiver,,+91 7097 161 659,,,,,,,,,,,,,,,,,
200,42,M,O+,,+91 9981 736 113,,user673@gmail.com,,Manipur,,,,,Pancreas,,,13,3,3,5,,,,Vivaan Sharma,,,,Employer/Employee,,+91 9179 940 725,,,,,,,,,,,,,,,,,
201,22,F,A-,,+91 8493 819 942,,user464@gmail.com,,Meghalaya,,,,,Pancreas,,,12,2,3,13,,,,Kavya Mehra,,,,Caregiver,,+91 9816 950 466,,,,,,,,,,,,,,,,,
202,38,F,B+,,+91 9312 514 221,,user129@gmail.com,,Goa,,,,,Pancreas,,,12,3,2,14,,,,Aarush Bansal,,,,Niece/Nephew,,+91 7447 019 159,,,,,,,,,,,,,,,,,
203,61,F,A+,,+91 9426 053 616,,user351@gmail.com,,Chandigarh,,,,,Pancreas,,,14,3,1,13,,,,Reyansh Singh,,,,Domestic Partner,,+91 9481 865 550,,,,,,,,,,,,,,,,,
204,33,M,B+,,+91 9860 692 263,,user660@gmail.com,,Andhra Pradesh,,,,,Pancreas,,,14,3,2,6,,,,Reyansh Kapoor,,,,Cousin,,+91 7783 103 017,,,,,,,,,,,,,,,,,
205,32,M,B-,,+91 7702 794 001,,user668@gmail.com,,Gujarat,,,,,Pancreas,,,14,2,2,10,,,,Aditi Desai,,,,Grandparent,,+91 8531 234 701,,,,,,,,,,,,,,,,,
206,65,F,B+,,+91 7749 288 474,,user828@gmail.com,,Rajasthan,,,,,Pancreas,,,15,2,1,7,,,,Rehan Singh,,,,Child,,+91 9243 654 165,,,,,,,,,,,,,,,,,
207,68,M,AB+,,+91 7492 244 767,,user605@gmail.com,,Himachal Pradesh,,,,,Pancreas,,,14,3,2,9,,,,Vihaan Jain,,,,Co-worker,,+91 7188 056 461,,,,,,,,,,,,,,,,,
208,20,F,AB+,,+91 9375 980 943,,user878@gmail.com,,Lakshadweep,,,,,Pancreas,,,15,4,1,8,,,,Kiara Gupta,,,,Cousin,,+91 7107 980 034,,,,,,,,,,,,,,,,,
209,60,M,AB-,,+91 7840 421 966,,user692@gmail.com,,Lakshadweep,,,,,Pancreas,,,13,3,2,6,,,,Kavya Mehra,,,,Caregiver,,+91 7653 110 861,,,,,,,,,,,,,,,,,
210,73,M,A-,,+91 7604 213 688,,user808@gmail.com,,Manipur,,,,,Pancreas,,,15,2,1,14,,,,Advik Reddy,,,,Grandchild,,+91 9251 936 631,,,,,,,,,,,,,,,,,
211,43,M,AB+,,+91 8336 086 236,,user334@gmail.com,,Uttar Pradesh,,,,,Pancreas,,,14,2,2,14,,,,Arya Agarwal,,,,Cousin,,+91 9447 510 116,,,,,,,,,,,,,,,,,
212,33,M,B+,,+91 7320 766 560,,user327@gmail.com,,Goa,,,,,Pancreas,,,13,3,1,8,,,,Anvi Jain,,,,Healthcare Proxy,,+91 9897 283 932,,,,,,,,,,,,,,,,,
213,76,F,AB+,,+91 8974 033 270,,user447@gmail.com,,Dadra and Nagar Haveli and Daman and Diu,,,,,Pancreas,,,14,2,1,7,,,,Vihaan Jain,,,,Caregiver,,+91 7962 498 793,,,,,,,,,,,,,,,,,
214,67,M,A-,,+91 9558 646 262,,user414@gmail.com,,Jharkhand,,,,,Pancreas,,,15,4,2,14,,,,Anaya Bansal,,,,Grandchild,,+91 7292 404 490,,,,,,,,,,,,,,,,,
215,34,M,B+,,+91 9775 478 900,,user522@gmail.com,,Haryana,,,,,Pancreas,,,14,2,2,15,,,,Vivaan Joshi,,,,Grandchild,,+91 7096 530 721,,,,,,,,,,,,,,,,,
216,23,M,A+,,+91 8395 986 274,,user701@gmail.com,,Lakshadweep,,,,,Pancreas,,,13,3,1,6,,,,Anvi Agrawal,,,,Niece/Nephew,,+91 8290 180 907,,,,,,,,,,,,,,,,,
217,23,F,O+,,+91 8030 764 536,,user270@gmail.com,,Assam,,,,,Pancreas,,,12,3,2,7,,,,Advait Gupta,,,,Aunt/Uncle,,+91 9110 427 545,,,,,,,,,,,,,,,,,
218,35,M,AB+,,+91 7920 000 106,,user188@gmail.com,,Rajasthan,,,,,Pancreas,,,14,3,3,6,,,,Ananya Malhotra,,,,Legal Guardian,,+91 9822 225 716,,,,,,,,,,,,,,,,,
219,76,F,O+,,+91 9470 495 447,,user715@gmail.com,,Nagaland,,,,,Pancreas,,,15,3,3,5,,,,Vivaan Joshi,,,,Healthcare Proxy,,+91 7292 080 920,,,,,,,,,,,,,,,,,
220,40,F,AB-,,+91 8026 061 360,,user315@gmail.com,,Lakshadweep,,,,,Pancreas,,,13,3,2,9,,,,Arjun Verma,,,,Friend,,+91 8167 103 975,,,,,,,,,,,,,,,,,
221,46,M,AB+,,+91 8620 705 268,,user773@gmail.com,,Uttar Pradesh,,,,,Pancreas,,,13,4,3,7,,,,Rehan Singh,,,,Grandchild,,+91 8706 154 818,,,,,,,,,,,,,,,,,
222,73,F,B+,,+91 9055 388 089,,user627@gmail.com,,Delhi ,,,,,Pancreas,,,13,3,2,9,,,,Aanya Jain,,,,Domestic Partner,,+91 8895 268 390,,,,,,,,,,,,,,,,,
223,76,M,A-,,+91 9630 628 638,,user936@gmail.com,,Nagaland,,,,,Pancreas,,,13,2,2,12,,,,Anvi Chatterjee,,,,Sibling,,+91 7371 194 847,,,,,,,,,,,,,,,,,
224,55,F,A+,,+91 9320 421 481,,user857@gmail.com,,Manipur,,,,,Pancreas,,,13,3,2,13,,,,Advaita Chatterjee,,,,Niece/Nephew,,+91 9163 589 573,,,,,,,,,,,,,,,,,
225,18,M,AB-,,+91 8211 788 291,,user966@gmail.com,,Gujarat,,,,,Pancreas,,,13,3,2,14,,,,Anvi Singh,,,,Sibling,,+91 7773 336 007,,,,,,,,,,,,,,,,,
226,23,F,O-,,+91 8764 574 967,,user992@gmail.com,,Maharashtra,,,,,Pancreas,,,12,3,3,14,,,,Ishan Gupta,,,,Domestic Partner,,+91 9991 814 534,,,,,,,,,,,,,,,,,
227,18,F,O-,,+91 8634 215 598,,user547@gmail.com,,Assam,,,,,Pancreas,,,13,3,3,8,,,,Krish Mehra,,,,Parent,,+91 7300 557 557,,,,,,,,,,,,,,,,,
228,39,M,A+,,+91 8368 084 038,,user683@gmail.com,,Andaman and Nicobar Islands,,,,,Pancreas,,,13,3,3,9,,,,Aaradhya Singh,,,,Roommate,,+91 7570 612 284,,,,,,,,,,,,,,,,,
229,26,F,AB-,,+91 8918 661 827,,user595@gmail.com,,Arunachal Pradesh,,,,,Pancreas,,,12,4,2,6,,,,Aisha Patel,,,,Aunt/Uncle,,+91 7764 249 256,,,,,,,,,,,,,,,,,
230,43,F,A+,,+91 7990 724 453,,user730@gmail.com,,Haryana,,,,,Pancreas,,,14,2,2,13,,,,Anvi Singh,,,,Domestic Partner,,+91 9149 730 148,,,,,,,,,,,,,,,,,
231,21,M,A+,,+91 9534 021 582,,user960@gmail.com,,Andaman and Nicobar Islands,,,,,Pancreas,,,13,4,2,14,,,,Aaryan Sharma,,,,Co-worker,,+91 7783 035 969,,,,,,,,,,,,,,,,,
232,63,M,A+,,+91 7733 057 044,,user497@gmail.com,,Jharkhand,,,,,Pancreas,,,12,3,1,6,,,,Aaradhya Patel,,,,Domestic Partner,,+91 8100 467 057,,,,,,,,,,,,,,,,,
233,35,M,B+,,+91 7826 263 600,,user737@gmail.com,,Haryana,,,,,Pancreas,,,13,3,2,6,,,,Vihaan Jain,,,,Friend,,+91 7100 470 959,,,,,,,,,,,,,,,,,
234,24,M,B-,,+91 7837 301 310,,user264@gmail.com,,Lakshadweep,,,,,Pancreas,,,14,3,2,14,,,,Aarav Verma,,,,Spouse,,+91 7064 343 814,,,,,,,,,,,,,,,,,
235,45,M,O+,,+91 9799 211 319,,user856@gmail.com,,Kerala,,,,,Pancreas,,,14,4,2,10,,,,Advik Kapoor,,,,Employer/Employee,,+91 8724 146 768,,,,,,,,,,,,,,,,,
236,40,M,AB+,,+91 8783 531 610,,user856@gmail.com,,Maharashtra,,,,,Pancreas,,,14,3,1,8,,,,Advaita Singh,,,,Domestic Partner,,+91 9939 281 327,,,,,,,,,,,,,,,,,
237,59,M,A-,,+91 8738 375 769,,user113@gmail.com,,Telangana,,,,,Pancreas,,,13,2,2,5,,,,Ananya Iyer,,,,Grandparent,,+91 9668 825 492,,,,,,,,,,,,,,,,,
238,74,M,O-,,+91 7289 683 207,,user602@gmail.com,,Odisha,,,,,Pancreas,,,14,3,3,10,,,,Anaya Gupta,,,,Aunt/Uncle,,+91 7284 708 105,,,,,,,,,,,,,,,,,
239,66,F,B+,,+91 7942 728 434,,user797@gmail.com,,Himachal Pradesh,,,,,Pancreas,,,12,3,2,6,,,,Aanya Jain,,,,Parent,,+91 9507 966 119,,,,,,,,,,,,,,,,,
240,80,F,AB-,,+91 8877 357 803,,user659@gmail.com,,Maharashtra,,,,,Pancreas,,,14,3,1,13,,,,Aisha Reddy,,,,Co-worker,,+91 8416 573 808,,,,,,,,,,,,,,,,,
241,36,F,A-,,+91 9937 074 086,,user400@gmail.com,,Tripura,,,,,Pancreas,,,12,3,3,13,,,,Aadya Agrawal,,,,Grandchild,,+91 9381 596 387,,,,,,,,,,,,,,,,,
242,44,F,A+,,+91 8762 826 473,,user350@gmail.com,,Puducherry,,,,,Pancreas,,,13,3,2,7,,,,Ananya Iyer,,,,Legal Guardian,,+91 9741 244 956,,,,,,,,,,,,,,,,,
243,22,F,A+,,+91 8399 210 566,,user522@gmail.com,,Puducherry,,,,,Pancreas,,,15,3,2,12,,,,Arjun Iyer,,,,Domestic Partner,,+91 8680 302 685,,,,,,,,,,,,,,,,,
244,41,M,O+,,+91 7967 235 893,,user414@gmail.com,,West Bengal,,,,,Pancreas,,,13,3,2,9,,,,Advait Khanna,,,,Caregiver,,+91 8698 201 987,,,,,,,,,,,,,,,,,
245,79,M,O+,,+91 9055 501 697,,user787@gmail.com,,Manipur,,,,,Pancreas,,,14,3,1,12,,,,Devika Kapoor,,,,Legal Guardian,,+91 7034 480 897,,,,,,,,,,,,,,,,,
246,44,F,O-,,+91 9329 104 427,,user615@gmail.com,,Lakshadweep,,,,,Pancreas,,,14,4,1,8,,,,Ananya Malhotra,,,,Niece/Nephew,,+91 8575 137 533,,,,,,,,,,,,,,,,,
247,27,M,O-,,+91 8844 080 722,,user425@gmail.com,,Haryana,,,,,Pancreas,,,15,2,1,7,,,,Arhaan Shah,,,,Cousin,,+91 8478 575 758,,,,,,,,,,,,,,,,,
248,24,F,O+,,+91 7012 095 700,,user611@gmail.com,,Ladakh,,,,,Pancreas,,,14,2,1,5,,,,Arnav Bansal,,,,Partner,,+91 7276 191 030,,,,,,,,,,,,,,,,,
249,58,F,A-,,+91 8448 597 768,,user663@gmail.com,,Chhattisgarh,,,,,Pancreas,,,13,3,2,12,,,,Ayush Singh,,,,Niece/Nephew,,+91 7358 356 632,,,,,,,,,,,,,,,,,
250,52,M,A-,,+91 8357 922 527,,user646@gmail.com,,Bihar,,,,,Pancreas,,,14,3,2,11,,,,Aditi Desai,,,,Aunt/Uncle,,+91 9040 685 166,,,,,,,,,,,,,,,,,
251,80,M,O-,,+91 7419 389 102,,user981@gmail.com,,Lakshadweep,,,,,Pancreas,,,14,3,1,10,,,,Ananya Das,,,,Healthcare Proxy,,+91 7963 451 594,,,,,,,,,,,,,,,,,
252,71,F,AB-,,+91 9440 106 020,,user165@gmail.com,,Chhattisgarh,,,,,Pancreas,,,14,3,2,8,,,,Diya Mehra,,,,Domestic Partner,,+91 9756 545 310,,,,,,,,,,,,,,,,,
253,46,F,AB+,,+91 9664 046 345,,user425@gmail.com,,Dadra and Nagar Haveli and Daman and Diu,,,,,Pancreas,,,13,2,1,13,,,,Anvi Jain,,,,Employer/Employee,,+91 7162 432 649,,,,,,,,,,,,,,,,,
254,40,F,O+,,+91 7167 841 670,,user909@gmail.com,,Ladakh,,,,,Pancreas,,,13,4,2,12,,,,Saanvi Kapoor,,,,Sibling,,+91 8236 860 925,,,,,,,,,,,,,,,,,
255,51,M,AB+,,+91 7112 291 312,,user503@gmail.com,,Uttar Pradesh,,,,,Pancreas,,,13,3,2,7,,,,Rehan Patel,,,,Neighbor,,+91 8866 761 455,,,,,,,,,,,,,,,,,
256,64,M,B-,,+91 7472 556 458,,user877@gmail.com,,Odisha,,,,,Pancreas,,,12,4,3,9,,,,Vivaan Sharma,,,,Employer/Employee,,+91 8251 038 490,,,,,,,,,,,,,,,,,
257,27,F,A+,,+91 9322 709 850,,user170@gmail.com,,Meghalaya,,,,,Pancreas,,,13,3,1,5,,,,Arnav Bansal,,,,Caregiver,,+91 9102 998 162,,,,,,,,,,,,,,,,,
258,35,F,B+,,+91 8912 311 048,,user165@gmail.com,,Sikkim,,,,,Pancreas,,,14,3,2,14,,,,Advait Khanna,,,,Legal Guardian,,+91 9983 027 657,,,,,,,,,,,,,,,,,
259,47,F,AB+,,+91 7747 972 923,,user778@gmail.com,,Puducherry,,,,,Pancreas,,,14,2,1,10,,,,Ishan Gupta,,,,Legal Guardian,,+91 9215 014 005,,,,,,,,,,,,,,,,,
260,37,F,AB-,,+91 8378 944 896,,user426@gmail.com,,Karnataka,,,,,Pancreas,,,14,3,1,9,,,,Aarush Reddy,,,,Grandchild,,+91 9125 052 770,,,,,,,,,,,,,,,,,
261,55,F,B+,,+91 8390 653 519,,user303@gmail.com,,Ladakh,,,,,Pancreas,,,12,2,3,14,,,,Advik Reddy,,,,Grandchild,,+91 9225 862 178,,,,,,,,,,,,,,,,,
262,34,F,AB-,,+91 9712 990 795,,user204@gmail.com,,Uttarakhand,,,,,Pancreas,,,13,4,2,15,,,,Aarav Choudhury,,,,Domestic Partner,,+91 9368 395 000,,,,,,,,,,,,,,,,,
263,40,F,AB-,,+91 8046 102 747,,user291@gmail.com,,Manipur,,,,,Pancreas,,,13,2,2,13,,,,Ananya Malhotra,,,,Sibling,,+91 8409 850 431,,,,,,,,,,,,,,,,,
264,57,M,O+,,+91 7063 672 879,,user794@gmail.com,,Telangana,,,,,Pancreas,,,12,3,2,13,,,,Anvi Jain,,,,Child,,+91 7157 266 616,,,,,,,,,,,,,,,,,
265,74,F,AB+,,+91 9542 921 689,,user417@gmail.com,,Bihar,,,,,Pancreas,,,13,3,2,14,,,,Arya Verma,,,,Co-worker,,+91 7033 414 693,,,,,,,,,,,,,,,,,
266,50,M,B-,,+91 9714 169 875,,user613@gmail.com,,Meghalaya,,,,,Pancreas,,,14,4,2,11,,,,Arjun Iyer,,,,Parent,,+91 7317 612 659,,,,,,,,,,,,,,,,,
267,25,M,A+,,+91 7913 699 553,,user481@gmail.com,,Lakshadweep,,,,,Pancreas,,,14,3,2,10,,,,Vihaan Jain,,,,Caregiver,,+91 9891 323 016,,,,,,,,,,,,,,,,,
268,63,F,O+,,+91 9285 628 120,,user898@gmail.com,,Dadra and Nagar Haveli and Daman and Diu,,,,,Pancreas,,,14,4,2,11,,,,Advaita Chatterjee,,,,Cousin,,+91 8273 173 412,,,,,,,,,,,,,,,,,
269,28,F,O+,,+91 7559 897 805,,user921@gmail.com,,Tamil Nadu,,,,,Pancreas,,,12,3,1,7,,,,Saanvi Kapoor,,,,Co-worker,,+91 7292 906 777,,,,,,,,,,,,,,,,,
270,64,F,B+,,+91 9079 084 206,,user562@gmail.com,,Kerala,,,,,Pancreas,,,13,3,1,8,,,,Vivaan Mehta,,,,Niece/Nephew,,+91 7905 745 589,,,,,,,,,,,,,,,,,
271,69,F,B-,,+91 9118 114 977,,user574@gmail.com,,Madhya Pradesh,,,,,Pancreas,,,14,2,3,11,,,,Aaradhya Singh,,,,Cousin,,+91 7248 444 874,,,,,,,,,,,,,,,,,
272,74,F,O+,,+91 7624 435 228,,user744@gmail.com,,Mizoram,,,,,Pancreas,,,13,2,1,14,,,,Advait Khanna,,,,Child,,+91 8070 321 274,,,,,,,,,,,,,,,,,
273,56,M,O-,,+91 9184 338 764,,user675@gmail.com,,Sikkim,,,,,Pancreas,,,14,2,2,8,,,,Prisha Gupta,,,,Grandchild,,+91 7518 387 028,,,,,,,,,,,,,,,,,
274,45,M,O+,,+91 9347 655 904,,user996@gmail.com,,West Bengal,,,,,Pancreas,,,13,3,2,12,,,,Aarav Agrawal,,,,Neighbor,,+91 7012 703 250,,,,,,,,,,,,,,,,,
275,42,F,B-,,+91 9003 751 601,,user430@gmail.com,,Goa,,,,,Pancreas,,,15,3,1,14,,,,Myra Kapoor,,,,Neighbor,,+91 9134 298 198,,,,,,,,,,,,,,,,,
276,67,M,B-,,+91 7669 041 586,,user544@gmail.com,,Tripura,,,,,Pancreas,,,12,3,1,14,,,,Aarav Shah,,,,Roommate,,+91 8533 422 175,,,,,,,,,,,,,,,,,
277,27,M,A+,,+91 9008 479 171,,user139@gmail.com,,Tamil Nadu,,,,,Pancreas,,,14,4,3,9,,,,Avni Sharma,,,,Caregiver,,+91 8186 847 011,,,,,,,,,,,,,,,,,
278,49,M,B+,,+91 9932 465 321,,user650@gmail.com,,Arunachal Pradesh,,,,,Pancreas,,,14,4,2,6,,,,Diya Mehra,,,,Healthcare Proxy,,+91 7799 671 810,,,,,,,,,,,,,,,,,
279,64,M,O-,,+91 9887 700 114,,user346@gmail.com,,Delhi ,,,,,Pancreas,,,14,2,1,7,,,,Rehan Patel,,,,Niece/Nephew,,+91 7475 594 961,,,,,,,,,,,,,,,,,
280,55,F,O-,,+91 7222 282 140,,user477@gmail.com,,Gujarat,,,,,Pancreas,,,15,4,2,10,,,,Krish Mehra,,,,Cousin,,+91 9933 242 027,,,,,,,,,,,,,,,,,
281,41,M,O+,,+91 9604 496 607,,user742@gmail.com,,Maharashtra,,,,,Pancreas,,,13,3,3,11,,,,Vivaan Sharma,,,,Aunt/Uncle,,+91 9831 042 705,,,,,,,,,,,,,,,,,
282,52,M,O-,,+91 7409 845 515,,user400@gmail.com,,Goa,,,,,Pancreas,,,14,3,2,13,,,,Reyansh Singh,,,,Cousin,,+91 9974 574 288,,,,,,,,,,,,,,,,,
283,51,F,B-,,+91 7196 631 626,,user560@gmail.com,,Uttarakhand,,,,,Pancreas,,,14,4,2,7,,,,Advik Kapoor,,,,Grandparent,,+91 7077 586 949,,,,,,,,,,,,,,,,,
284,38,F,O-,,+91 8266 660 836,,user732@gmail.com,,Puducherry,,,,,Pancreas,,,14,3,2,13,,,,Kiaan Malhotra,,,,Domestic Partner,,+91 9877 563 248,,,,,,,,,,,,,,,,,
285,51,M,A-,,+91 9142 546 219,,user544@gmail.com,,Haryana,,,,,Pancreas,,,13,3,2,9,,,,Anvi Singh,,,,Legal Guardian,,+91 7707 816 263,,,,,,,,,,,,,,,,,
286,74,M,A-,,+91 8316 015 153,,user982@gmail.com,,Bihar,,,,,Pancreas,,,12,3,1,12,,,,Aditi Desai,,,,Partner,,+91 7240 974 240,,,,,,,,,,,,,,,,,
287,79,M,O-,,+91 9741 393 913,,user718@gmail.com,,West Bengal,,,,,Pancreas,,,15,3,3,10,,,,Kiara Patel,,,,Niece/Nephew,,+91 8691 502 328,,,,,,,,,,,,,,,,,
288,38,F,A-,,+91 8188 731 617,,user441@gmail.com,,Kerala,,,,,Pancreas,,,14,2,2,9,,,,Myra Malhotra,,,,Niece/Nephew,,+91 7998 800 097,,,,,,,,,,,,,,,,,
289,45,M,AB-,,+91 8051 446 197,,user777@gmail.com,,Punjab,,,,,Pancreas,,,13,3,3,14,,,,Rehan Singh,,,,Legal Guardian,,+91 7139 571 627,,,,,,,,,,,,,,,,,
290,26,M,B+,,+91 7734 320 895,,user157@gmail.com,,Bihar,,,,,Pancreas,,,12,3,3,7,,,,Kiara Patel,,,,Co-worker,,+91 8258 539 184,,,,,,,,,,,,,,,,,
291,71,M,AB-,,+91 7436 544 368,,user937@gmail.com,,Haryana,,,,,Pancreas,,,15,4,3,10,,,,Aarush Bansal,,,,Spouse,,+91 9376 974 591,,,,,,,,,,,,,,,,,
292,44,F,O-,,+91 8956 878 259,,user594@gmail.com,,Telangana,,,,,Pancreas,,,15,4,2,10,,,,Anvi Agrawal,,,,Spouse,,+91 9757 875 620,,,,,,,,,,,,,,,,,
293,52,M,O+,,+91 9648 656 304,,user634@gmail.com,,Sikkim,,,,,Pancreas,,,13,4,2,12,,,,Anaya Gupta,,,,Partner,,+91 7902 839 337,,,,,,,,,,,,,,,,,
294,37,F,A+,,+91 9532 062 080,,user883@gmail.com,,Goa,,,,,Pancreas,,,12,4,3,11,,,,Diya Mehra,,,,Legal Guardian,,+91 7468 672 117,,,,,,,,,,,,,,,,,
295,34,M,A+,,+91 9130 541 876,,user411@gmail.com,,Manipur,,,,,Pancreas,,,15,3,1,13,,,,Myra Kapoor,,,,Grandparent,,+91 7032 117 367,,,,,,,,,,,,,,,,,
296,40,M,AB-,,+91 9174 324 232,,user613@gmail.com,,Andaman and Nicobar Islands,,,,,Pancreas,,,13,2,3,5,,,,Navya Malhotra,,,,Niece/Nephew,,+91 8864 008 793,,,,,,,,,,,,,,,,,
297,32,F,AB-,,+91 7881 745 761,,user337@gmail.com,,Lakshadweep,,,,,Pancreas,,,15,3,2,8,,,,Krish Mehra,,,,Sibling,,+91 9536 646 395,,,,,,,,,,,,,,,,,
298,46,F,A+,,+91 8332 045 528,,user462@gmail.com,,Andaman and Nicobar Islands,,,,,Pancreas,,,13,3,2,12,,,,Arhaan Shah,,,,Grandchild,,+91 8972 732 853,,,,,,,,,,,,,,,,,
299,46,F,B-,,+91 9035 258 474,,user640@gmail.com,,Nagaland,,,,,Pancreas,,,14,4,1,15,,,,Prisha Gupta,,,,Aunt/Uncle,,+91 7294 266 279,,,,,,,,,,,,,,,,,
300,26,F,B+,,+91 9595 989 153,,user963@gmail.com,,Assam,,,,,Pancreas,,,13,2,1,13,,,,Diya Mehra,,,,Caregiver,,+91 7268 319 505,,,,,,,,,,,,,,,,,
301,74,F,O-,,+91 7444 475 068,,user666@gmail.com,,West Bengal,,,,,Pancreas,,,12,3,2,12,,,,Aarav Agrawal,,,,Grandchild,,+91 8772 830 124,,,,,,,,,,,,,,,,,
302,46,F,A+,,+91 9384 212 469,,user463@gmail.com,,Haryana,,,,,Pancreas,,,15,3,3,8,,,,Anvi Jain,,,,Neighbor,,+91 8210 329 859,,,,,,,,,,,,,,,,,
303,49,F,A+,,+91 7579 545 557,,user405@gmail.com,,Uttar Pradesh,,,,,Pancreas,,,14,4,3,13,,,,Arya Bansal,,,,Grandparent,,+91 9872 500 569,,,,,,,,,,,,,,,,,
304,68,M,O+,,+91 8314 844 738,,user793@gmail.com,,Chhattisgarh,,,,,Pancreas,,,13,3,3,8,,,,Aarav Das,,,,Co-worker,,+91 7343 485 182,,,,,,,,,,,,,,,,,
305,60,F,AB+,,+91 9829 507 494,,user682@gmail.com,,Himachal Pradesh,,,,,Pancreas,,,13,3,1,11,,,,Anaya Bansal,,,,Roommate,,+91 7905 069 971,,,,,,,,,,,,,,,,,
306,44,M,AB+,,+91 9522 942 887,,user197@gmail.com,,Andhra Pradesh,,,,,Pancreas,,,15,4,2,11,,,,Devika Kapoor,,,,Child,,+91 7940 082 604,,,,,,,,,,,,,,,,,
307,42,M,A+,,+91 9371 521 820,,user819@gmail.com,,Himachal Pradesh,,,,,Pancreas,,,12,3,2,14,,,,Anvi Jain,,,,Roommate,,+91 9163 395 993,,,,,,,,,,,,,,,,,
308,44,M,O-,,+91 8373 871 181,,user163@gmail.com,,Rajasthan,,,,,Pancreas,,,13,2,2,14,,,,Reyansh Singh,,,,Grandparent,,+91 8130 921 880,,,,,,,,,,,,,,,,,
309,71,M,O-,,+91 8680 475 033,,user654@gmail.com,,Chhattisgarh,,,,,Pancreas,,,14,4,2,5,,,,Reyansh Singh,,,,Neighbor,,+91 9446 626 974,,,,,,,,,,,,,,,,,
310,38,M,O+,,+91 7630 208 608,,user390@gmail.com,,Sikkim,,,,,Pancreas,,,12,2,1,9,,,,Ishan Gupta,,,,Aunt/Uncle,,+91 9031 038 743,,,,,,,,,,,,,,,,,
311,74,F,B-,,+91 9741 800 073,,user745@gmail.com,,Gujarat,,,,,Pancreas,,,13,2,2,10,,,,Vihaan Patel,,,,Cousin,,+91 8652 854 560,,,,,,,,,,,,,,,,,
312,37,M,AB-,,+91 7462 530 186,,user838@gmail.com,,Delhi ,,,,,Pancreas,,,13,4,2,10,,,,Diya Mehra,,,,Parent,,+91 7406 859 989,,,,,,,,,,,,,,,,,
313,78,M,A-,,+91 9598 915 024,,user591@gmail.com,,Telangana,,,,,Pancreas,,,14,4,2,14,,,,Vivaan Mehta,,,,Employer/Employee,,+91 8412 793 962,,,,,,,,,,,,,,,,,
314,26,M,AB-,,+91 7880 760 557,,user624@gmail.com,,Chhattisgarh,,,,,Pancreas,,,13,4,2,6,,,,Kiara Patel,,,,Domestic Partner,,+91 7693 106 139,,,,,,,,,,,,,,,,,
315,44,F,B-,,+91 7044 454 399,,user349@gmail.com,,Punjab,,,,,Pancreas,,,14,2,1,13,,,,Kiara Gupta,,,,Legal Guardian,,+91 7803 599 505,,,,,,,,,,,,,,,,,
316,30,M,B+,,+91 8771 672 356,,user176@gmail.com,,Haryana,,,,,Pancreas,,,14,3,3,12,,,,Aaryan Sharma,,,,Grandparent,,+91 8907 136 912,,,,,,,,,,,,,,,,,
317,23,M,B-,,+91 7697 167 069,,user155@gmail.com,,Assam,,,,,Pancreas,,,15,3,1,11,,,,Rehan Singh,,,,Sibling,,+91 8212 148 012,,,,,,,,,,,,,,,,,
318,69,M,O+,,+91 8223 034 141,,user849@gmail.com,,Bihar,,,,,Pancreas,,,14,2,1,15,,,,Vivaan Sharma,,,,Aunt/Uncle,,+91 8309 047 364,,,,,,,,,,,,,,,,,
319,18,M,B-,,+91 8899 130 192,,user196@gmail.com,,Telangana,,,,,Pancreas,,,13,3,1,12,,,,Saanvi Kapoor,,,,Employer/Employee,,+91 9664 861 051,,,,,,,,,,,,,,,,,
320,28,M,B-,,+91 8354 932 692,,user744@gmail.com,,Karnataka,,,,,Pancreas,,,14,2,2,8,,,,Devansh Joshi,,,,Spouse,,+91 9803 308 291,,,,,,,,,,,,,,,,,
321,19,F,A+,,+91 7066 959 547,,user915@gmail.com,,Meghalaya,,,,,Pancreas,,,14,4,2,10,,,,Aditi Desai,,,,Employer/Employee,,+91 7953 677 292,,,,,,,,,,,,,,,,,
322,27,M,AB+,,+91 7198 880 865,,user294@gmail.com,,Ladakh,,,,,Pancreas,,,13,3,2,9,,,,Ishan Gupta,,,,Healthcare Proxy,,+91 7374 877 109,,,,,,,,,,,,,,,,,
323,59,F,O+,,+91 9449 047 608,,user438@gmail.com,,Assam,,,,,Pancreas,,,14,2,2,10,,,,Arhaan Shah,,,,Cousin,,+91 7497 248 840,,,,,,,,,,,,,,,,,
324,18,F,A+,,+91 9507 850 863,,user255@gmail.com,,Uttar Pradesh,,,,,Pancreas,,,13,4,1,6,,,,Avni Sharma,,,,Employer/Employee,,+91 8473 668 415,,,,,,,,,,,,,,,,,
325,51,M,A-,,+91 7071 788 717,,user571@gmail.com,,Chhattisgarh,,,,,Pancreas,,,14,3,2,6,,,,Ananya Malhotra,,,,Caregiver,,+91 7019 228 864,,,,,,,,,,,,,,,,,
326,47,M,O-,,+91 9556 898 845,,user221@gmail.com,,Assam,,,,,Pancreas,,,13,4,2,11,,,,Arya Bansal,,,,Cousin,,+91 8398 890 885,,,,,,,,,,,,,,,,,
327,74,M,A-,,+91 9690 727 279,,user851@gmail.com,,Rajasthan,,,,,Pancreas,,,14,4,1,14,,,,Aisha Kapoor,,,,Domestic Partner,,+91 7194 901 570,,,,,,,,,,,,,,,,,
328,77,F,A-,,+91 7251 606 081,,user545@gmail.com,,Nagaland,,,,,Pancreas,,,12,2,1,6,,,,Aanya Jain,,,,Niece/Nephew,,+91 8948 970 975,,,,,,,,,,,,,,,,,
329,59,M,AB-,,+91 9379 431 611,,user993@gmail.com,,Dadra and Nagar Haveli and Daman and Diu,,,,,Pancreas,,,12,3,2,13,,,,Myra Malhotra,,,,Cousin,,+91 9293 298 482,,,,,,,,,,,,,,,,,
330,65,M,AB-,,+91 9330 677 525,,user853@gmail.com,,Andhra Pradesh,,,,,Pancreas,,,13,3,3,6,,,,Advaita Singh,,,,Domestic Partner,,+91 7036 757 573,,,,,,,,,,,,,,,,,
331,41,F,B+,,+91 9854 820 045,,user251@gmail.com,,Ladakh,,,,,Pancreas,,,12,2,2,10,,,,Vihaan Mehra,,,,Aunt/Uncle,,+91 7266 715 698,,,,,,,,,,,,,,,,,
332,75,M,AB-,,+91 7885 452 843,,user756@gmail.com,,Andhra Pradesh,,,,,Pancreas,,,13,3,2,9,,,,Vihaan Patel,,,,Aunt/Uncle,,+91 8763 126 369,,,,,,,,,,,,,,,,,
333,41,F,A-,,+91 7251 149 510,,user797@gmail.com,,Ladakh,,,,,Pancreas,,,15,3,1,6,,,,Arhaan Shah,,,,Aunt/Uncle,,+91 9889 138 448,,,,,,,,,,,,,,,,,
334,34,F,O-,,+91 7938 771 661,,user224@gmail.com,,Dadra and Nagar Haveli and Daman and Diu,,,,,Pancreas,,,13,4,3,12,,,,Advaita Singh,,,,Employer/Employee,,+91 8782 153 805,,,,,,,,,,,,,,,,,
335,39,M,O-,,+91 7131 260 421,,user427@gmail.com,,Puducherry,,,,,Pancreas,,,14,4,2,14,,,,Vihaan Patel,,,,Legal Guardian,,+91 8182 509 087,,,,,,,,,,,,,,,,,
336,70,M,B+,,+91 8148 135 243,,user656@gmail.com,,Uttar Pradesh,,,,,Pancreas,,,15,4,2,11,,,,Vivaan Mehta,,,,Cousin,,+91 8460 190 361,,,,,,,,,,,,,,,,,
337,75,M,B+,,+91 9697 349 588,,user480@gmail.com,,Delhi ,,,,,Pancreas,,,13,2,3,9,,,,Reyansh Kapoor,,,,Niece/Nephew,,+91 9588 517 615,,,,,,,,,,,,,,,,,
338,23,M,B-,,+91 9300 129 328,,user415@gmail.com,,Andhra Pradesh,,,,,Pancreas,,,13,3,3,7,,,,Kabir Das,,,,Spouse,,+91 7483 452 924,,,,,,,,,,,,,,,,,
339,29,F,AB+,,+91 9812 733 710,,user916@gmail.com,,Lakshadweep,,,,,Pancreas,,,13,3,2,10,,,,Krish Mehra,,,,Spouse,,+91 9886 390 597,,,,,,,,,,,,,,,,,
340,49,M,A+,,+91 9982 178 503,,user125@gmail.com,,Dadra and Nagar Haveli and Daman and Diu,,,,,Pancreas,,,12,3,2,11,,,,Vivaan Mehta,,,,Grandparent,,+91 8863 850 188,,,,,,,,,,,,,,,,,
341,56,M,O+,,+91 7279 420 403,,user518@gmail.com,,Andhra Pradesh,,,,,Pancreas,,,15,3,3,7,,,,Aarush Malhotra,,,,Cousin,,+91 8484 254 750,,,,,,,,,,,,,,,,,
342,57,F,AB-,,+91 8839 994 448,,user441@gmail.com,,Sikkim,,,,,Pancreas,,,13,3,2,12,,,,Aaradhya Singh,,,,Parent,,+91 8653 101 532,,,,,,,,,,,,,,,,,
343,69,M,O-,,+91 9520 629 319,,user729@gmail.com,,Mizoram,,,,,Pancreas,,,13,3,1,14,,,,Vihaan Patel,,,,Parent,,+91 9709 973 905,,,,,,,,,,,,,,,,,
344,45,F,B-,,+91 8487 522 774,,user336@gmail.com,,Karnataka,,,,,Pancreas,,,14,2,2,9,,,,Ayush Singh,,,,Cousin,,+91 9302 414 704,,,,,,,,,,,,,,,,,
345,28,M,AB-,,+91 7122 255 879,,user488@gmail.com,,Kerala,,,,,Pancreas,,,13,3,2,7,,,,Vivaan Sharma,,,,Aunt/Uncle,,+91 8099 421 262,,,,,,,,,,,,,,,,,
346,60,M,A-,,+91 8925 424 953,,user109@gmail.com,,Punjab,,,,,Pancreas,,,12,3,3,12,,,,Vihaan Jain,,,,Sibling,,+91 7955 221 087,,,,,,,,,,,,,,,,,
347,38,F,B+,,+91 7203 901 438,,user640@gmail.com,,Punjab,,,,,Pancreas,,,15,3,2,10,,,,Anvi Chatterjee,,,,Grandparent,,+91 9975 025 422,,,,,,,,,,,,,,,,,
348,51,F,B-,,+91 9683 956 579,,user813@gmail.com,,Gujarat,,,,,Pancreas,,,14,4,2,6,,,,Arjun Iyer,,,,Grandchild,,+91 7375 065 498,,,,,,,,,,,,,,,,,
349,50,M,B+,,+91 8256 301 357,,user252@gmail.com,,Chhattisgarh,,,,,Pancreas,,,13,2,2,6,,,,Arya Verma,,,,Employer/Employee,,+91 9928 700 003,,,,,,,,,,,,,,,,,
350,66,M,B+,,+91 9070 418 839,,user129@gmail.com,,Lakshadweep,,,,,Pancreas,,,14,2,3,12,,,,Devika Kapoor,,,,Co-worker,,+91 7981 374 891,,,,,,,,,,,,,,,,,
351,79,M,O+,,+91 8836 584 188,,user805@gmail.com,,Chhattisgarh,,,,,Pancreas,,,15,4,2,12,,,,Anvi Jain,,,,Grandparent,,+91 9619 709 021,,,,,,,,,,,,,,,,,
352,62,M,A-,,+91 9450 987 436,,user742@gmail.com,,Karnataka,,,,,Pancreas,,,14,2,3,14,,,,Rehan Singh,,,,Legal Guardian,,+91 9681 393 469,,,,,,,,,,,,,,,,,
353,58,M,A-,,+91 8107 048 619,,user961@gmail.com,,Kerala,,,,,Pancreas,,,14,3,2,12,,,,Vihaan Patel,,,,Healthcare Proxy,,+91 8968 838 572,,,,,,,,,,,,,,,,,
354,30,M,B-,,+91 8899 239 514,,user218@gmail.com,,Himachal Pradesh,,,,,Pancreas,,,15,4,3,12,,,,Aarav Das,,,,Co-worker,,+91 7524 167 616,,,,,,,,,,,,,,,,,
355,23,M,B+,,+91 9728 047 217,,user458@gmail.com,,Telangana,,,,,Pancreas,,,14,3,2,10,,,,Prisha Gupta,,,,Cousin,,+91 9609 766 707,,,,,,,,,,,,,,,,,
356,47,F,O-,,+91 7585 432 369,,user760@gmail.com,,Uttar Pradesh,,,,,Pancreas,,,15,3,2,11,,,,Aadya Singh,,,,Healthcare Proxy,,+91 8646 011 823,,,,,,,,,,,,,,,,,
357,45,F,O-,,+91 8036 854 573,,user366@gmail.com,,Himachal Pradesh,,,,,Pancreas,,,14,4,2,14,,,,Kavya Agrawal,,,,Friend,,+91 9723 073 171,,,,,,,,,,,,,,,,,
358,80,M,AB+,,+91 8380 775 091,,user680@gmail.com,,Chhattisgarh,,,,,Pancreas,,,14,4,2,9,,,,Aarav Agrawal,,,,Niece/Nephew,,+91 7221 256 711,,,,,,,,,,,,,,,,,
359,32,F,B-,,+91 8161 937 874,,user642@gmail.com,,Telangana,,,,,Pancreas,,,14,4,3,14,,,,Arya Agarwal,,,,Employer/Employee,,+91 9158 269 150,,,,,,,,,,,,,,,,,
360,80,M,B-,,+91 8740 101 584,,user716@gmail.com,,Bihar,,,,,Pancreas,,,13,4,1,6,,,,Aisha Kapoor,,,,Grandparent,,+91 9316 842 706,,,,,,,,,,,,,,,,,
361,55,M,A+,,+91 7484 688 893,,user871@gmail.com,,Tripura,,,,,Pancreas,,,14,4,2,10,,,,Anvi Chatterjee,,,,Legal Guardian,,+91 7125 067 142,,,,,,,,,,,,,,,,,
362,72,F,B-,,+91 9138 073 770,,user593@gmail.com,,Rajasthan,,,,,Pancreas,,,13,4,2,14,,,,Aaradhya Singh,,,,Friend,,+91 9674 384 256,,,,,,,,,,,,,,,,,
363,38,M,AB-,,+91 7751 147 015,,user470@gmail.com,,Kerala,,,,,Pancreas,,,14,3,3,6,,,,Kavya Agrawal,,,,Niece/Nephew,,+91 7992 923 069,,,,,,,,,,,,,,,,,
364,58,M,A+,,+91 7152 520 433,,user810@gmail.com,,Karnataka,,,,,Pancreas,,,15,2,3,13,,,,Ananya Malhotra,,,,Legal Guardian,,+91 8771 522 877,,,,,,,,,,,,,,,,,
365,21,F,AB+,,+91 7796 137 907,,user131@gmail.com,,Andhra Pradesh,,,,,Pancreas,,,14,3,2,11,,,,Aisha Kapoor,,,,Neighbor,,+91 8922 042 496,,,,,,,,,,,,,,,,,
366,34,M,O-,,+91 8162 868 449,,user956@gmail.com,,Punjab,,,,,Pancreas,,,14,2,2,8,,,,Advik Sharma,,,,Partner,,+91 9670 957 127,,,,,,,,,,,,,,,,,
367,44,F,O-,,+91 9868 159 653,,user149@gmail.com,,Uttar Pradesh,,,,,Pancreas,,,14,4,3,9,,,,Kabir Das,,,,Child,,+91 7577 149 599,,,,,,,,,,,,,,,,,
368,43,M,B+,,+91 9375 819 991,,user129@gmail.com,,Lakshadweep,,,,,Pancreas,,,13,3,1,6,,,,Advik Sharma,,,,Roommate,,+91 8658 921 856,,,,,,,,,,,,,,,,,
369,68,F,O-,,+91 9153 671 902,,user689@gmail.com,,Karnataka,,,,,Pancreas,,,15,3,2,12,,,,Kavya Agrawal,,,,Employer/Employee,,+91 9444 900 315,,,,,,,,,,,,,,,,,
370,37,M,O-,,+91 7085 183 015,,user493@gmail.com,,Bihar,,,,,Pancreas,,,13,4,3,13,,,,Arya Bansal,,,,Cousin,,+91 8679 423 169,,,,,,,,,,,,,,,,,
371,76,M,O+,,+91 8962 432 907,,user495@gmail.com,,Nagaland,,,,,Pancreas,,,12,4,2,8,,,,Aarav Verma,,,,Parent,,+91 7217 944 501,,,,,,,,,,,,,,,,,
372,37,F,B-,,+91 7861 598 156,,user987@gmail.com,,Himachal Pradesh,,,,,Pancreas,,,14,3,3,13,,,,Prisha Gupta,,,,Co-worker,,+91 7604 005 720,,,,,,,,,,,,,,,,,
373,78,F,B+,,+91 8345 132 396,,user694@gmail.com,,Kerala,,,,,Pancreas,,,14,2,3,10,,,,Aaradhya Singh,,,,Sibling,,+91 7343 220 524,,,,,,,,,,,,,,,,,
374,76,M,A-,,+91 9839 771 606,,user693@gmail.com,,Mizoram,,,,,Pancreas,,,15,2,2,13,,,,Advaita Singh,,,,Grandparent,,+91 8621 277 023,,,,,,,,,,,,,,,,,
375,67,F,AB+,,+91 7235 399 795,,user131@gmail.com,,Haryana,,,,,Pancreas,,,13,2,1,8,,,,Kiaan Malhotra,,,,Niece/Nephew,,+91 8101 819 231,,,,,,,,,,,,,,,,,
376,21,M,B+,,+91 7905 932 398,,user118@gmail.com,,Puducherry,,,,,Pancreas,,,12,2,2,7,,,,Advaita Singh,,,,Legal Guardian,,+91 7700 059 248,,,,,,,,,,,,,,,,,
377,75,F,AB+,,+91 7685 575 196,,user242@gmail.com,,Goa,,,,,Pancreas,,,12,3,2,9,,,,Aisha Kapoor,,,,Co-worker,,+91 9472 095 815,,,,,,,,,,,,,,,,,
378,34,F,O+,,+91 8886 201 647,,user944@gmail.com,,Andaman and Nicobar Islands,,,,,Pancreas,,,13,4,2,9,,,,Navya Malhotra,,,,Sibling,,+91 7690 630 324,,,,,,,,,,,,,,,,,
379,50,M,O+,,+91 9711 926 718,,user831@gmail.com,,Punjab,,,,,Pancreas,,,14,3,1,11,,,,Vihaan Jain,,,,Roommate,,+91 8304 408 713,,,,,,,,,,,,,,,,,
380,55,M,O+,,+91 7641 071 654,,user152@gmail.com,,Dadra and Nagar Haveli and Daman and Diu,,,,,Pancreas,,,14,3,2,9,,,,Saanvi Kapoor,,,,Caregiver,,+91 8661 054 655,,,,,,,,,,,,,,,,,
381,79,F,O-,,+91 7009 726 513,,user542@gmail.com,,Chandigarh,,,,,Pancreas,,,14,3,2,10,,,,Anvi Chatterjee,,,,Spouse,,+91 8256 087 357,,,,,,,,,,,,,,,,,
382,72,M,A+,,+91 7436 615 017,,user587@gmail.com,,Lakshadweep,,,,,Pancreas,,,14,3,2,12,,,,Aarav Verma,,,,Employer/Employee,,+91 7302 719 070,,,,,,,,,,,,,,,,,
383,71,M,O-,,+91 9493 527 334,,user907@gmail.com,,Goa,,,,,Pancreas,,,13,4,2,9,,,,Advait Khanna,,,,Friend,,+91 8114 298 489,,,,,,,,,,,,,,,,,
384,50,M,O-,,+91 7108 216 117,,user466@gmail.com,,Arunachal Pradesh,,,,,Pancreas,,,14,3,3,12,,,,Anvi Chatterjee,,,,Employer/Employee,,+91 8717 104 715,,,,,,,,,,,,,,,,,
385,80,F,O+,,+91 9948 216 246,,user695@gmail.com,,Andaman and Nicobar Islands,,,,,Pancreas,,,12,3,3,11,,,,Kiaan Malhotra,,,,Employer/Employee,,+91 9130 034 735,,,,,,,,,,,,,,,,,
386,54,F,A+,,+91 8975 385 630,,user487@gmail.com,,Rajasthan,,,,,Pancreas,,,15,3,3,11,,,,Navya Khanna,,,,Parent,,+91 9585 855 873,,,,,,,,,,,,,,,,,
387,23,M,B-,,+91 8598 804 694,,user722@gmail.com,,Chhattisgarh,,,,,Pancreas,,,13,3,2,14,,,,Kiara Patel,,,,Child,,+91 9546 188 858,,,,,,,,,,,,,,,,,
388,19,M,AB+,,+91 8631 700 032,,user859@gmail.com,,Tamil Nadu,,,,,Pancreas,,,13,3,2,11,,,,Advik Reddy,,,,Sibling,,+91 7888 135 598,,,,,,,,,,,,,,,,,
389,53,M,O-,,+91 8563 886 106,,user886@gmail.com,,Delhi ,,,,,Pancreas,,,15,3,1,10,,,,Vivaan Sharma,,,,Sibling,,+91 8697 650 696,,,,,,,,,,,,,,,,,
390,71,M,A-,,+91 9684 021 251,,user800@gmail.com,,West Bengal,,,,,Pancreas,,,14,3,1,12,,,,Ananya Malhotra,,,,Partner,,+91 8408 198 875,,,,,,,,,,,,,,,,,
391,21,M,O-,,+91 8380 397 091,,user672@gmail.com,,Madhya Pradesh,,,,,Pancreas,,,14,3,1,10,,,,Advik Kapoor,,,,Aunt/Uncle,,+91 9864 556 449,,,,,,,,,,,,,,,,,
392,71,M,A+,,+91 9873 541 092,,user288@gmail.com,,Uttarakhand,,,,,Pancreas,,,13,3,3,12,,,,Anvi Agrawal,,,,Partner,,+91 8242 371 976,,,,,,,,,,,,,,,,,
393,65,M,A-,,+91 7830 863 896,,user843@gmail.com,,Kerala,,,,,Pancreas,,,12,4,2,8,,,,Kiara Gupta,,,,Caregiver,,+91 9388 243 964,,,,,,,,,,,,,,,,,
394,29,M,AB-,,+91 9509 046 373,,user602@gmail.com,,Chandigarh,,,,,Pancreas,,,14,3,2,12,,,,Reyansh Kapoor,,,,Spouse,,+91 8464 177 160,,,,,,,,,,,,,,,,,
395,31,F,B-,,+91 8500 619 019,,user931@gmail.com,,Rajasthan,,,,,Pancreas,,,12,3,2,14,,,,Anaya Bansal,,,,Parent,,+91 7457 286 369,,,,,,,,,,,,,,,,,
396,33,F,A+,,+91 9101 509 599,,user253@gmail.com,,Maharashtra,,,,,Pancreas,,,14,2,1,13,,,,Devika Kapoor,,,,Neighbor,,+91 9903 730 232,,,,,,,,,,,,,,,,,
397,47,F,A-,,+91 9087 589 523,,user446@gmail.com,,Puducherry,,,,,Pancreas,,,14,2,3,10,,,,Kiara Shah,,,,Neighbor,,+91 9689 398 465,,,,,,,,,,,,,,,,,
398,19,F,A+,,+91 7407 566 915,,user500@gmail.com,,Nagaland,,,,,Pancreas,,,14,3,2,8,,,,Prisha Gupta,,,,Co-worker,,+91 8307 650 331,,,,,,,,,,,,,,,,,
399,78,F,O+,,+91 9603 499 679,,user148@gmail.com,,Tamil Nadu,,,,,Pancreas,,,14,4,2,11,,,,Arnav Bansal,,,,Child,,+91 7568 694 315,,,,,,,,,,,,,,,,,
400,36,M,AB-,,+91 8753 964 820,,user434@gmail.com,,Rajasthan,,,,,Pancreas,,,13,4,2,11,,,,Aaryan Sharma,,,,Parent,,+91 8984 045 761,,,,,,,,,,,,,,,,,
401,73,M,O-,,+91 8787 125 345,,user964@gmail.com,,Odisha,,,,,Pancreas,,,13,4,3,5,,,,Advaita Chatterjee,,,,Roommate,,+91 7437 729 907,,,,,,,,,,,,,,,,,
402,26,F,B-,,+91 8542 407 723,,user977@gmail.com,,Bihar,,,,,Pancreas,,,14,3,3,7,,,,Advait Khanna,,,,Grandparent,,+91 9415 338 894,,,,,,,,,,,,,,,,,
403,52,M,O-,,+91 9224 891 808,,user340@gmail.com,,Punjab,,,,,Pancreas,,,14,3,2,11,,,,Advik Reddy,,,,Partner,,+91 9705 872 984,,,,,,,,,,,,,,,,,
404,76,M,A-,,+91 9970 002 402,,user436@gmail.com,,Ladakh,,,,,Pancreas,,,13,4,2,5,,,,Aisha Reddy,,,,Caregiver,,+91 8643 632 234,,,,,,,,,,,,,,,,,
405,64,F,A+,,+91 9288 914 519,,user553@gmail.com,,Jharkhand,,,,,Pancreas,,,13,3,2,7,,,,Aadya Agrawal,,,,Grandparent,,+91 7311 193 710,,,,,,,,,,,,,,,,,
406,56,M,AB+,,+91 7522 083 954,,user696@gmail.com,,Gujarat,,,,,Pancreas,,,14,3,2,7,,,,Kiara Shah,,,,Friend,,+91 8334 385 073,,,,,,,,,,,,,,,,,
407,25,M,A-,,+91 8632 771 174,,user873@gmail.com,,Mizoram,,,,,Pancreas,,,12,3,1,9,,,,Arya Bansal,,,,Spouse,,+91 9590 448 124,,,,,,,,,,,,,,,,,
408,70,F,B-,,+91 8112 809 328,,user117@gmail.com,,Rajasthan,,,,,Pancreas,,,15,3,3,15,,,,Kiara Shah,,,,Friend,,+91 8387 494 695,,,,,,,,,,,,,,,,,
409,61,F,O+,,+91 7699 129 603,,user579@gmail.com,,Andhra Pradesh,,,,,Pancreas,,,14,4,2,10,,,,Kabir Das,,,,Caregiver,,+91 8307 126 599,,,,,,,,,,,,,,,,,
410,65,M,O-,,+91 9948 611 637,,user203@gmail.com,,Assam,,,,,Pancreas,,,13,4,2,8,,,,Aarav Verma,,,,Spouse,,+91 9761 780 286,,,,,,,,,,,,,,,,,
411,55,F,B-,,+91 7573 722 537,,user634@gmail.com,,Tamil Nadu,,,,,Pancreas,,,14,2,2,7,,,,Kiaan Malhotra,,,,Spouse,,+91 7263 554 509,,,,,,,,,,,,,,,,,
412,62,M,A+,,+91 9956 527 806,,user116@gmail.com,,West Bengal,,,,,Pancreas,,,15,3,2,10,,,,Kiaan Malhotra,,,,Neighbor,,+91 9293 801 238,,,,,,,,,,,,,,,,,
413,50,F,A-,,+91 8082 091 933,,user983@gmail.com,,Goa,,,,,Pancreas,,,13,2,2,8,,,,Kabir Das,,,,Partner,,+91 7667 610 502,,,,,,,,,,,,,,,,,
414,34,F,A-,,+91 8287 514 272,,user276@gmail.com,,Karnataka,,,,,Pancreas,,,13,4,2,10,,,,Devansh Joshi,,,,Roommate,,+91 8361 244 523,,,,,,,,,,,,,,,,,
415,34,F,O+,,+91 8582 361 671,,user753@gmail.com,,Meghalaya,,,,,Pancreas,,,12,3,2,9,,,,Arya Agarwal,,,,Friend,,+91 9953 712 531,,,,,,,,,,,,,,,,,
416,63,M,AB+,,+91 7012 621 324,,user586@gmail.com,,Goa,,,,,Pancreas,,,13,3,3,12,,,,Advik Reddy,,,,Co-worker,,+91 9792 407 665,,,,,,,,,,,,,,,,,
417,62,M,AB+,,+91 8765 918 432,,user172@gmail.com,,Delhi ,,,,,Pancreas,,,12,3,2,14,,,,Arnav Bansal,,,,Co-worker,,+91 7386 088 815,,,,,,,,,,,,,,,,,
418,23,M,B+,,+91 8137 067 290,,user824@gmail.com,,Mizoram,,,,,Pancreas,,,14,3,2,10,,,,Kiara Gupta,,,,Partner,,+91 9581 285 995,,,,,,,,,,,,,,,,,
419,28,F,AB+,,+91 8504 906 029,,user416@gmail.com,,Odisha,,,,,Pancreas,,,12,4,1,8,,,,Vivaan Joshi,,,,Roommate,,+91 8138 589 159,,,,,,,,,,,,,,,,,
420,56,F,A+,,+91 9466 533 788,,user846@gmail.com,,Andhra Pradesh,,,,,Pancreas,,,13,4,1,15,,,,Krish Mehra,,,,Aunt/Uncle,,+91 9136 602 793,,,,,,,,,,,,,,,,,
421,77,F,AB+,,+91 9858 741 171,,user512@gmail.com,,West Bengal,,,,,Pancreas,,,15,4,2,5,,,,Aarav Verma,,,,Spouse,,+91 7482 594 940,,,,,,,,,,,,,,,,,
422,78,M,AB+,,+91 8484 676 677,,user856@gmail.com,,Gujarat,,,,,Pancreas,,,14,2,2,9,,,,Anaya Mehra,,,,Child,,+91 7472 565 582,,,,,,,,,,,,,,,,,
423,52,F,AB+,,+91 8395 459 921,,user555@gmail.com,,Chandigarh,,,,,Pancreas,,,14,3,2,6,,,,Devika Kapoor,,,,Grandchild,,+91 9904 105 493,,,,,,,,,,,,,,,,,
424,62,F,A+,,+91 9955 534 715,,user964@gmail.com,,Goa,,,,,Pancreas,,,13,2,1,5,,,,Anvi Agrawal,,,,Employer/Employee,,+91 9396 632 925,,,,,,,,,,,,,,,,,
425,65,M,A+,,+91 8550 540 758,,user726@gmail.com,,Chandigarh,,,,,Pancreas,,,14,3,2,9,,,,Kiara Gupta,,,,Employer/Employee,,+91 9777 110 029,,,,,,,,,,,,,,,,,
426,69,M,B-,,+91 9707 795 010,,user833@gmail.com,,Andaman and Nicobar Islands,,,,,Pancreas,,,13,3,2,11,,,,Anaya Bansal,,,,Child,,+91 9327 612 126,,,,,,,,,,,,,,,,,
427,77,M,AB-,,+91 7604 087 102,,user975@gmail.com,,Manipur,,,,,Pancreas,,,15,3,1,15,,,,Avni Sharma,,,,Partner,,+91 8093 191 238,,,,,,,,,,,,,,,,,
428,65,M,A-,,+91 8115 996 542,,user743@gmail.com,,West Bengal,,,,,Pancreas,,,14,3,1,12,,,,Anvi Jain,,,,Neighbor,,+91 8781 361 525,,,,,,,,,,,,,,,,,
429,34,M,AB+,,+91 9285 063 301,,user670@gmail.com,,Kerala,,,,,Pancreas,,,14,3,3,7,,,,Anaya Mehra,,,,Caregiver,,+91 8988 269 759,,,,,,,,,,,,,,,,,
430,34,M,O-,,+91 7023 801 329,,user970@gmail.com,,Sikkim,,,,,Pancreas,,,14,2,1,10,,,,Aarav Das,,,,Partner,,+91 9991 704 885,,,,,,,,,,,,,,,,,
431,43,F,B-,,+91 7297 752 583,,user973@gmail.com,,Nagaland,,,,,Pancreas,,,12,4,1,6,,,,Devansh Joshi,,,,Niece/Nephew,,+91 7448 124 043,,,,,,,,,,,,,,,,,
432,21,F,B+,,+91 7301 188 351,,user923@gmail.com,,Uttarakhand,,,,,Pancreas,,,13,3,1,6,,,,Vihaan Jain,,,,Parent,,+91 8265 732 752,,,,,,,,,,,,,,,,,
433,47,M,A+,,+91 8386 296 118,,user630@gmail.com,,Bihar,,,,,Pancreas,,,12,4,1,12,,,,Kiara Gupta,,,,Co-worker,,+91 9207 340 275,,,,,,,,,,,,,,,,,
434,56,F,B-,,+91 7074 355 482,,user461@gmail.com,,Uttarakhand,,,,,Pancreas,,,14,3,3,10,,,,Kiaan Malhotra,,,,Niece/Nephew,,+91 8335 868 337,,,,,,,,,,,,,,,,,
435,61,M,B+,,+91 9144 513 819,,user416@gmail.com,,Bihar,,,,,Pancreas,,,15,3,2,11,,,,Advaita Chatterjee,,,,Spouse,,+91 9957 292 414,,,,,,,,,,,,,,,,,
436,22,M,AB+,,+91 7470 364 537,,user284@gmail.com,,Goa,,,,,Pancreas,,,12,4,2,9,,,,Aarav Agrawal,,,,Friend,,+91 8627 978 555,,,,,,,,,,,,,,,,,
437,55,M,A+,,+91 7304 889 592,,user438@gmail.com,,Bihar,,,,,Pancreas,,,15,2,2,5,,,,Advait Khanna,,,,Spouse,,+91 8055 249 704,,,,,,,,,,,,,,,,,
438,44,M,A+,,+91 9259 317 003,,user620@gmail.com,,Assam,,,,,Pancreas,,,14,3,2,7,,,,Arya Verma,,,,Grandparent,,+91 8342 940 650,,,,,,,,,,,,,,,,,
439,42,F,A-,,+91 7193 724 274,,user309@gmail.com,,Tamil Nadu,,,,,Pancreas,,,13,3,1,9,,,,Navya Khanna,,,,Aunt/Uncle,,+91 8085 601 306,,,,,,,,,,,,,,,,,
440,36,F,A-,,+91 8662 346 652,,user461@gmail.com,,Delhi ,,,,,Pancreas,,,14,3,2,12,,,,Arnav Mehra,,,,Caregiver,,+91 9593 821 585,,,,,,,,,,,,,,,,,
441,55,M,O-,,+91 9118 696 912,,user409@gmail.com,,Arunachal Pradesh,,,,,Pancreas,,,15,3,1,7,,,,Devika Kapoor,,,,Legal Guardian,,+91 8518 661 393,,,,,,,,,,,,,,,,,
442,30,F,AB+,,+91 7515 985 849,,user399@gmail.com,,Karnataka,,,,,Pancreas,,,14,3,1,12,,,,Advik Sharma,,,,Sibling,,+91 8455 111 136,,,,,,,,,,,,,,,,,
443,47,F,O-,,+91 9297 685 461,,user731@gmail.com,,Andaman and Nicobar Islands,,,,,Pancreas,,,13,2,2,10,,,,Anaya Mehra,,,,Employer/Employee,,+91 9931 066 146,,,,,,,,,,,,,,,,,
444,48,F,A-,,+91 9407 690 551,,user245@gmail.com,,Uttarakhand,,,,,Pancreas,,,13,2,2,7,,,,Vihaan Mehra,,,,Friend,,+91 9914 134 739,,,,,,,,,,,,,,,,,
445,36,F,AB-,,+91 7897 421 760,,user525@gmail.com,,Arunachal Pradesh,,,,,Pancreas,,,13,4,2,11,,,,Aarush Malhotra,,,,Co-worker,,+91 7135 699 177,,,,,,,,,,,,,,,,,
446,26,F,AB+,,+91 8709 907 971,,user497@gmail.com,,Manipur,,,,,Pancreas,,,15,2,3,14,,,,Advik Sharma,,,,Aunt/Uncle,,+91 8782 029 982,,,,,,,,,,,,,,,,,
447,39,M,A-,,+91 9084 662 602,,user713@gmail.com,,West Bengal,,,,,Pancreas,,,12,3,3,13,,,,Aarav Verma,,,,Niece/Nephew,,+91 7021 214 693,,,,,,,,,,,,,,,,,
448,35,F,O-,,+91 7706 354 766,,user786@gmail.com,,Himachal Pradesh,,,,,Pancreas,,,13,3,3,6,,,,Anvi Singh,,,,Caregiver,,+91 9869 844 688,,,,,,,,,,,,,,,,,
449,29,F,AB-,,+91 7583 583 726,,user236@gmail.com,,Uttarakhand,,,,,Pancreas,,,15,3,2,11,,,,Aarush Malhotra,,,,Partner,,+91 9092 289 229,,,,,,,,,,,,,,,,,
450,74,M,O-,,+91 7848 819 984,,user467@gmail.com,,Haryana,,,,,Pancreas,,,14,4,1,13,,,,Arya Bansal,,,,Healthcare Proxy,,+91 7678 261 008,,,,,,,,,,,,,,,,,
451,80,F,O-,,+91 8378 954 448,,user634@gmail.com,,Gujarat,,,,,Pancreas,,,13,3,1,10,,,,Advik Sharma,,,,Roommate,,+91 8196 084 762,,,,,,,,,,,,,,,,,
452,65,F,B-,,+91 8820 768 542,,user904@gmail.com,,Chandigarh,,,,,Pancreas,,,13,4,2,9,,,,Aisha Reddy,,,,Spouse,,+91 9101 438 709,,,,,,,,,,,,,,,,,
453,47,M,AB-,,+91 7285 366 466,,user725@gmail.com,,Meghalaya,,,,,Pancreas,,,15,3,3,15,,,,Aaryan Sharma,,,,Domestic Partner,,+91 7190 232 195,,,,,,,,,,,,,,,,,
454,20,M,A+,,+91 7519 724 671,,user901@gmail.com,,Telangana,,,,,Pancreas,,,12,3,2,6,,,,Aarav Agrawal,,,,Cousin,,+91 7741 684 458,,,,,,,,,,,,,,,,,
455,46,F,A-,,+91 7972 271 071,,user770@gmail.com,,Chandigarh,,,,,Pancreas,,,14,3,2,15,,,,Kiaan Malhotra,,,,Child,,+91 7776 193 336,,,,,,,,,,,,,,,,,
456,80,M,O+,,+91 8390 403 956,,user692@gmail.com,,Manipur,,,,,Pancreas,,,14,3,2,15,,,,Vivaan Sharma,,,,Aunt/Uncle,,+91 8082 381 479,,,,,,,,,,,,,,,,,
457,37,M,O+,,+91 9387 611 346,,user780@gmail.com,,Nagaland,,,,,Pancreas,,,14,2,2,15,,,,Prisha Gupta,,,,Partner,,+91 7982 100 447,,,,,,,,,,,,,,,,,
458,61,F,B+,,+91 8547 193 958,,user642@gmail.com,,West Bengal,,,,,Pancreas,,,13,2,2,7,,,,Myra Kapoor,,,,Healthcare Proxy,,+91 8366 385 002,,,,,,,,,,,,,,,,,
459,71,F,AB-,,+91 8084 084 727,,user287@gmail.com,,Dadra and Nagar Haveli and Daman and Diu,,,,,Pancreas,,,13,3,1,6,,,,Advait Khanna,,,,Parent,,+91 9930 349 771,,,,,,,,,,,,,,,,,
460,29,F,AB+,,+91 8661 923 093,,user689@gmail.com,,Lakshadweep,,,,,Pancreas,,,12,3,1,14,,,,Navya Malhotra,,,,Healthcare Proxy,,+91 8397 776 663,,,,,,,,,,,,,,,,,
461,74,M,AB-,,+91 9577 462 904,,user847@gmail.com,,West Bengal,,,,,Pancreas,,,12,3,2,11,,,,Aadya Singh,,,,Child,,+91 9975 189 708,,,,,,,,,,,,,,,,,
462,38,M,O-,,+91 8748 138 040,,user911@gmail.com,,Puducherry,,,,,Pancreas,,,13,3,2,7,,,,Arya Verma,,,,Domestic Partner,,+91 8688 966 001,,,,,,,,,,,,,,,,,
463,35,F,A-,,+91 8216 798 314,,user200@gmail.com,,Delhi ,,,,,Pancreas,,,15,2,1,11,,,,Anaya Bansal,,,,Grandparent,,+91 8532 797 236,,,,,,,,,,,,,,,,,
464,45,M,B+,,+91 9020 149 372,,user824@gmail.com,,Bihar,,,,,Pancreas,,,14,3,1,13,,,,Advik Reddy,,,,Co-worker,,+91 7407 231 261,,,,,,,,,,,,,,,,,
465,21,F,O-,,+91 7008 348 338,,user799@gmail.com,,Delhi ,,,,,Pancreas,,,13,3,2,10,,,,Aanya Jain,,,,Grandchild,,+91 8582 435 459,,,,,,,,,,,,,,,,,
466,64,F,A-,,+91 7621 726 707,,user992@gmail.com,,Tamil Nadu,,,,,Pancreas,,,14,3,2,7,,,,Anaya Bansal,,,,Legal Guardian,,+91 8339 157 299,,,,,,,,,,,,,,,,,
467,32,M,O-,,+91 8006 562 524,,user837@gmail.com,,Haryana,,,,,Pancreas,,,13,3,2,13,,,,Vihaan Jain,,,,Spouse,,+91 9953 727 836,,,,,,,,,,,,,,,,,
468,32,F,A+,,+91 8151 293 342,,user251@gmail.com,,Uttar Pradesh,,,,,Pancreas,,,12,2,3,8,,,,Aarav Choudhury,,,,Niece/Nephew,,+91 9875 987 063,,,,,,,,,,,,,,,,,
469,39,M,O+,,+91 9819 018 193,,user900@gmail.com,,Jharkhand,,,,,Pancreas,,,13,4,3,5,,,,Anvi Singh,,,,Caregiver,,+91 8098 608 789,,,,,,,,,,,,,,,,,
470,65,F,A-,,+91 8193 208 862,,user752@gmail.com,,Karnataka,,,,,Pancreas,,,15,3,2,9,,,,Aarav Das,,,,Spouse,,+91 8899 494 256,,,,,,,,,,,,,,,,,
471,71,F,AB-,,+91 8168 577 072,,user526@gmail.com,,Lakshadweep,,,,,Pancreas,,,13,3,2,6,,,,Diya Mehra,,,,Caregiver,,+91 7748 410 179,,,,,,,,,,,,,,,,,
472,23,F,O+,,+91 7321 689 078,,user507@gmail.com,,Sikkim,,,,,Pancreas,,,14,4,2,5,,,,Aadya Singh,,,,Niece/Nephew,,+91 9752 660 285,,,,,,,,,,,,,,,,,
473,37,M,AB-,,+91 7993 854 166,,user973@gmail.com,,Haryana,,,,,Pancreas,,,14,3,3,12,,,,Anvi Chatterjee,,,,Legal Guardian,,+91 7080 801 528,,,,,,,,,,,,,,,,,
474,24,F,B+,,+91 9033 045 395,,user643@gmail.com,,Andaman and Nicobar Islands,,,,,Pancreas,,,14,4,3,9,,,,Krish Mehra,,,,Legal Guardian,,+91 7877 650 250,,,,,,,,,,,,,,,,,
475,68,M,B-,,+91 9540 653 542,,user198@gmail.com,,Delhi ,,,,,Pancreas,,,15,3,1,7,,,,Aarav Shah,,,,Neighbor,,+91 8714 047 331,,,,,,,,,,,,,,,,,
476,46,F,AB+,,+91 9425 574 095,,user355@gmail.com,,Manipur,,,,,Pancreas,,,14,4,2,15,,,,Anvi Chatterjee,,,,Grandchild,,+91 8085 326 734,,,,,,,,,,,,,,,,,
477,23,M,AB+,,+91 7742 334 686,,user684@gmail.com,,Odisha,,,,,Pancreas,,,14,4,1,11,,,,Advait Khanna,,,,Partner,,+91 7005 212 694,,,,,,,,,,,,,,,,,
478,34,F,A+,,+91 9678 912 750,,user555@gmail.com,,Lakshadweep,,,,,Pancreas,,,13,3,2,11,,,,Vihaan Jain,,,,Niece/Nephew,,+91 8914 342 358,,,,,,,,,,,,,,,,,
479,55,F,O+,,+91 7785 711 984,,user978@gmail.com,,Odisha,,,,,Pancreas,,,15,3,3,11,,,,Kiara Khanna,,,,Domestic Partner,,+91 9664 106 172,,,,,,,,,,,,,,,,,
480,71,M,B-,,+91 7393 920 991,,user847@gmail.com,,Dadra and Nagar Haveli and Daman and Diu,,,,,Pancreas,,,14,3,3,9,,,,Aarush Reddy,,,,Healthcare Proxy,,+91 8032 480 871,,,,,,,,,,,,,,,,,
481,35,M,AB-,,+91 8754 085 282,,user982@gmail.com,,Nagaland,,,,,Pancreas,,,13,3,2,12,,,,Ananya Das,,,,Spouse,,+91 8624 311 819,,,,,,,,,,,,,,,,,
482,73,F,B+,,+91 7705 047 277,,user142@gmail.com,,Telangana,,,,,Pancreas,,,15,4,2,6,,,,Aarav Choudhury,,,,Neighbor,,+91 9611 455 089,,,,,,,,,,,,,,,,,
483,71,F,O-,,+91 9559 027 095,,user512@gmail.com,,Haryana,,,,,Pancreas,,,13,3,1,9,,,,Advaita Singh,,,,Sibling,,+91 8659 493 013,,,,,,,,,,,,,,,,,
484,59,F,AB-,,+91 7566 995 278,,user921@gmail.com,,Haryana,,,,,Pancreas,,,13,3,1,11,,,,Arya Bansal,,,,Domestic Partner,,+91 7019 689 675,,,,,,,,,,,,,,,,,
485,42,M,O-,,+91 7279 694 638,,user219@gmail.com,,Karnataka,,,,,Pancreas,,,13,3,3,6,,,,Kiara Patel,,,,Child,,+91 9079 822 075,,,,,,,,,,,,,,,,,
486,32,M,B-,,+91 7791 427 016,,user223@gmail.com,,Uttarakhand,,,,,Pancreas,,,13,2,1,8,,,,Ananya Das,,,,Friend,,+91 7151 491 983,,,,,,,,,,,,,,,,,
487,57,F,B-,,+91 9542 614 184,,user719@gmail.com,,Lakshadweep,,,,,Pancreas,,,12,3,2,12,,,,Anvi Chatterjee,,,,Caregiver,,+91 8803 721 198,,,,,,,,,,,,,,,,,
488,72,M,A-,,+91 7383 196 429,,user918@gmail.com,,Jharkhand,,,,,Pancreas,,,14,3,3,14,,,,Aisha Patel,,,,Aunt/Uncle,,+91 9738 664 228,,,,,,,,,,,,,,,,,
489,65,M,O-,,+91 8038 992 086,,user762@gmail.com,,Chandigarh,,,,,Pancreas,,,12,3,3,12,,,,Aisha Kapoor,,,,Aunt/Uncle,,+91 9828 406 444,,,,,,,,,,,,,,,,,
490,22,M,O+,,+91 9659 606 541,,user156@gmail.com,,Karnataka,,,,,Pancreas,,,14,3,3,13,,,,Advait Khanna,,,,Legal Guardian,,+91 9288 395 486,,,,,,,,,,,,,,,,,
491,30,M,AB-,,+91 7592 517 863,,user191@gmail.com,,Uttar Pradesh,,,,,Pancreas,,,12,3,2,8,,,,Arya Verma,,,,Domestic Partner,,+91 9073 909 238,,,,,,,,,,,,,,,,,
492,61,F,AB-,,+91 9898 245 363,,user485@gmail.com,,Madhya Pradesh,,,,,Pancreas,,,14,3,2,7,,,,Devansh Joshi,,,,Employer/Employee,,+91 8425 151 546,,,,,,,,,,,,,,,,,
493,33,F,B-,,+91 9397 178 454,,user813@gmail.com,,Mizoram,,,,,Pancreas,,,14,4,1,5,,,,Vihaan Jain,,,,Sibling,,+91 7026 652 172,,,,,,,,,,,,,,,,,
494,66,F,AB+,,+91 8974 490 394,,user617@gmail.com,,Assam,,,,,Pancreas,,,14,3,1,15,,,,Ishan Gupta,,,,Grandparent,,+91 7808 073 073,,,,,,,,,,,,,,,,,
495,63,M,B-,,+91 7298 541 378,,user123@gmail.com,,Uttarakhand,,,,,Pancreas,,,14,3,3,6,,,,Advik Kapoor,,,,Caregiver,,+91 7402 013 800,,,,,,,,,,,,,,,,,
496,58,F,A+,,+91 8745 634 126,,user997@gmail.com,,Andaman and Nicobar Islands,,,,,Pancreas,,,14,2,1,9,,,,Arya Verma,,,,Friend,,+91 7223 452 056,,,,,,,,,,,,,,,,,
497,25,F,B-,,+91 9853 064 505,,user287@gmail.com,,Manipur,,,,,Pancreas,,,14,3,1,14,,,,Reyansh Kapoor,,,,Roommate,,+91 7202 303 482,,,,,,,,,,,,,,,,,
498,68,M,O-,,+91 8464 556 544,,user894@gmail.com,,Goa,,,,,Pancreas,,,13,2,1,9,,,,Ishan Gupta,,,,Friend,,+91 9125 925 216,,,,,,,,,,,,,,,,,
499,76,M,A+,,+91 8197 451 245,,user128@gmail.com,,Lakshadweep,,,,,Pancreas,,,13,3,1,9,,,,Devika Kapoor,,,,Partner,,+91 9690 764 337,,,,,,,,,,,,,,,,,
500,70,F,A-,,+91 9773 788 290,,user748@gmail.com,,Chandigarh,,,,,Pancreas,,,13,4,2,12,,,,Aaradhya Patel,,,,Niece/Nephew,,+91 8430 830 800,,,,,,,,,,,,,,,,,
501,39,F,B+,,+91 9830 311 670,,user310@gmail.com,,Bihar,,,,,Pancreas,,,13,3,2,14,,,,Advik Kapoor,,,,Grandparent,,+91 9005 805 475,,,,,,,,,,,,,,,,,
502,42,M,O+,,+91 8581 837 952,,user111@gmail.com,,Punjab,,,,,Pancreas,,,12,4,1,7,,,,Diya Mehra,,,,Neighbor,,+91 8918 858 535,,,,,,,,,,,,,,,,,
503,51,M,O+,,+91 8869 958 234,,user113@gmail.com,,Ladakh,,,,,Pancreas,,,15,3,2,13,,,,Devansh Joshi,,,,Aunt/Uncle,,+91 7155 815 788,,,,,,,,,,,,,,,,,
504,43,M,O-,,+91 8078 948 418,,user792@gmail.com,,Ladakh,,,,,Pancreas,,,14,4,3,5,,,,Aaradhya Patel,,,,Roommate,,+91 9284 116 829,,,,,,,,,,,,,,,,,
505,55,F,B-,,+91 9051 784 284,,user306@gmail.com,,Delhi ,,,,,Pancreas,,,13,3,1,14,,,,Kabir Das,,,,Legal Guardian,,+91 7699 600 437,,,,,,,,,,,,,,,,,
506,64,M,B+,,+91 9908 698 524,,user523@gmail.com,,Maharashtra,,,,,Pancreas,,,14,3,2,12,,,,Krish Mehra,,,,Roommate,,+91 8655 153 831,,,,,,,,,,,,,,,,,
507,46,F,B-,,+91 7053 444 386,,user318@gmail.com,,Nagaland,,,,,Pancreas,,,12,3,2,5,,,,Aaradhya Singh,,,,Aunt/Uncle,,+91 9704 502 990,,,,,,,,,,,,,,,,,
508,80,F,O-,,+91 7687 192 243,,user486@gmail.com,,Maharashtra,,,,,Pancreas,,,13,4,3,6,,,,Aarav Das,,,,Child,,+91 9955 956 310,,,,,,,,,,,,,,,,,
509,70,M,O-,,+91 9424 614 406,,user714@gmail.com,,Gujarat,,,,,Pancreas,,,14,2,3,7,,,,Aadya Singh,,,,Co-worker,,+91 7563 707 264,,,,,,,,,,,,,,,,,
510,18,M,B+,,+91 9714 900 036,,user195@gmail.com,,Sikkim,,,,,Pancreas,,,15,3,1,15,,,,Aisha Patel,,,,Child,,+91 7261 525 315,,,,,,,,,,,,,,,,,
511,39,M,B-,,+91 7955 564 065,,user119@gmail.com,,West Bengal,,,,,Pancreas,,,14,3,2,14,,,,Ananya Das,,,,Niece/Nephew,,+91 9458 457 245,,,,,,,,,,,,,,,,,
512,37,M,A+,,+91 7822 389 126,,user482@gmail.com,,Odisha,,,,,Pancreas,,,14,4,3,10,,,,Advik Reddy,,,,Sibling,,+91 9447 365 526,,,,,,,,,,,,,,,,,
513,19,F,O+,,+91 7612 724 342,,user611@gmail.com,,Lakshadweep,,,,,Pancreas,,,15,3,3,10,,,,Aaradhya Khanna,,,,Caregiver,,+91 9659 400 485,,,,,,,,,,,,,,,,,
514,25,F,AB+,,+91 9821 235 615,,user848@gmail.com,,Maharashtra,,,,,Pancreas,,,14,2,1,7,,,,Arjun Iyer,,,,Child,,+91 9140 708 605,,,,,,,,,,,,,,,,,
515,37,M,B+,,+91 9260 474 906,,user646@gmail.com,,Rajasthan,,,,,Pancreas,,,14,2,3,9,,,,Kiaan Malhotra,,,,Neighbor,,+91 7120 950 695,,,,,,,,,,,,,,,,,
516,68,F,A+,,+91 8689 488 362,,user176@gmail.com,,Nagaland,,,,,Pancreas,,,13,4,2,6,,,,Vivaan Mehta,,,,Grandparent,,+91 9054 435 794,,,,,,,,,,,,,,,,,
517,35,M,AB+,,+91 9068 316 555,,user992@gmail.com,,Madhya Pradesh,,,,,Pancreas,,,15,3,1,11,,,,Advik Reddy,,,,Legal Guardian,,+91 7807 569 538,,,,,,,,,,,,,,,,,
518,46,M,O-,,+91 7479 513 007,,user712@gmail.com,,Uttar Pradesh,,,,,Pancreas,,,14,3,2,13,,,,Reyansh Kapoor,,,,Employer/Employee,,+91 9676 527 237,,,,,,,,,,,,,,,,,
519,76,M,AB+,,+91 7582 770 654,,user176@gmail.com,,Puducherry,,,,,Pancreas,,,14,3,2,11,,,,Aisha Reddy,,,,Grandchild,,+91 9989 795 828,,,,,,,,,,,,,,,,,
520,37,M,A-,,+91 8463 729 606,,user845@gmail.com,,Gujarat,,,,,Pancreas,,,15,4,2,11,,,,Ananya Iyer,,,,Aunt/Uncle,,+91 7861 347 784,,,,,,,,,,,,,,,,,
521,75,M,B-,,+91 9497 188 724,,user611@gmail.com,,West Bengal,,,,,Pancreas,,,14,4,2,12,,,,Rehan Singh,,,,Legal Guardian,,+91 9262 720 368,,,,,,,,,,,,,,,,,
522,30,M,AB-,,+91 8471 005 753,,user136@gmail.com,,Chandigarh,,,,,Pancreas,,,14,2,2,11,,,,Aarav Verma,,,,Parent,,+91 7614 763 900,,,,,,,,,,,,,,,,,
523,63,M,A+,,+91 8643 416 257,,user925@gmail.com,,Tripura,,,,,Pancreas,,,13,3,2,11,,,,Aarush Bansal,,,,Parent,,+91 9749 509 530,,,,,,,,,,,,,,,,,
524,74,M,AB+,,+91 7080 442 571,,user717@gmail.com,,Lakshadweep,,,,,Pancreas,,,14,4,1,8,,,,Aaradhya Singh,,,,Sibling,,+91 9932 525 140,,,,,,,,,,,,,,,,,
525,24,M,O-,,+91 7076 871 221,,user980@gmail.com,,Dadra and Nagar Haveli and Daman and Diu,,,,,Pancreas,,,15,4,2,13,,,,Arnav Mehra,,,,Grandchild,,+91 8531 208 575,,,,,,,,,,,,,,,,,
526,69,M,O-,,+91 9514 804 224,,user665@gmail.com,,Bihar,,,,,Pancreas,,,13,2,1,6,,,,Advik Reddy,,,,Roommate,,+91 7331 686 497,,,,,,,,,,,,,,,,,
527,39,F,A+,,+91 7826 456 560,,user677@gmail.com,,Manipur,,,,,Pancreas,,,14,2,2,12,,,,Arnav Bansal,,,,Neighbor,,+91 9468 572 109,,,,,,,,,,,,,,,,,
528,34,M,B-,,+91 9323 174 575,,user969@gmail.com,,Lakshadweep,,,,,Pancreas,,,14,2,1,6,,,,Krish Mehra,,,,Child,,+91 7282 277 162,,,,,,,,,,,,,,,,,
529,65,F,A-,,+91 8271 426 323,,user640@gmail.com,,Uttar Pradesh,,,,,Pancreas,,,13,2,3,13,,,,Vivaan Mehta,,,,Niece/Nephew,,+91 8601 418 849,,,,,,,,,,,,,,,,,
530,39,M,O-,,+91 9829 024 035,,user603@gmail.com,,Kerala,,,,,Pancreas,,,13,2,2,6,,,,Aaryan Sharma,,,,Healthcare Proxy,,+91 9020 301 901,,,,,,,,,,,,,,,,,
531,70,F,B+,,+91 7413 647 655,,user207@gmail.com,,Manipur,,,,,Pancreas,,,13,2,3,13,,,,Ananya Iyer,,,,Friend,,+91 8130 968 858,,,,,,,,,,,,,,,,,
532,20,M,A-,,+91 9529 982 887,,user325@gmail.com,,Puducherry,,,,,Pancreas,,,13,2,1,10,,,,Anvi Chatterjee,,,,Cousin,,+91 9977 441 632,,,,,,,,,,,,,,,,,
533,60,F,B+,,+91 9758 590 007,,user560@gmail.com,,Assam,,,,,Pancreas,,,14,3,1,15,,,,Aisha Patel,,,,Employer/Employee,,+91 8543 508 472,,,,,,,,,,,,,,,,,
534,24,M,O-,,+91 8152 700 380,,user291@gmail.com,,Jharkhand,,,,,Pancreas,,,13,3,2,7,,,,Reyansh Singh,,,,Parent,,+91 7151 341 058,,,,,,,,,,,,,,,,,
535,31,F,O+,,+91 7492 394 309,,user602@gmail.com,,Chhattisgarh,,,,,Pancreas,,,13,3,2,14,,,,Saanvi Kapoor,,,,Sibling,,+91 8538 421 887,,,,,,,,,,,,,,,,,
536,56,F,O-,,+91 7972 441 456,,user189@gmail.com,,Chandigarh,,,,,Pancreas,,,13,2,2,5,,,,Aarush Bansal,,,,Friend,,+91 7975 256 777,,,,,,,,,,,,,,,,,
537,18,M,A+,,+91 9921 190 708,,user692@gmail.com,,Madhya Pradesh,,,,,Pancreas,,,14,3,2,8,,,,Kiara Gupta,,,,Caregiver,,+91 7123 037 635,,,,,,,,,,,,,,,,,
538,54,M,O+,,+91 7007 115 829,,user847@gmail.com,,Madhya Pradesh,,,,,Pancreas,,,12,3,2,7,,,,Advaita Chatterjee,,,,Domestic Partner,,+91 7155 417 165,,,,,,,,,,,,,,,,,
539,61,M,A-,,+91 9574 837 248,,user913@gmail.com,,Andaman and Nicobar Islands,,,,,Pancreas,,,13,3,2,12,,,,Kiara Shah,,,,Child,,+91 8156 897 234,,,,,,,,,,,,,,,,,
540,61,F,B-,,+91 8327 047 115,,user711@gmail.com,,Kerala,,,,,Pancreas,,,14,2,2,13,,,,Navya Malhotra,,,,Spouse,,+91 8602 340 165,,,,,,,,,,,,,,,,,
541,19,M,B-,,+91 9413 122 168,,user486@gmail.com,,Manipur,,,,,Pancreas,,,14,3,3,12,,,,Advik Sharma,,,,Legal Guardian,,+91 9281 209 950,,,,,,,,,,,,,,,,,
542,37,F,O+,,+91 8773 891 230,,user326@gmail.com,,Punjab,,,,,Pancreas,,,13,2,2,9,,,,Anvi Jain,,,,Caregiver,,+91 9894 681 157,,,,,,,,,,,,,,,,,
543,78,M,AB-,,+91 7810 223 395,,user966@gmail.com,,Gujarat,,,,,Pancreas,,,14,3,1,14,,,,Kavya Mehra,,,,Sibling,,+91 9925 887 326,,,,,,,,,,,,,,,,,
544,62,F,B+,,+91 8653 959 421,,user438@gmail.com,,Haryana,,,,,Pancreas,,,13,3,1,7,,,,Vihaan Patel,,,,Cousin,,+91 7489 953 400,,,,,,,,,,,,,,,,,
545,20,F,O+,,+91 9629 691 203,,user722@gmail.com,,Puducherry,,,,,Pancreas,,,13,3,2,12,,,,Advaita Chatterjee,,,,Grandchild,,+91 9150 321 741,,,,,,,,,,,,,,,,,
546,22,F,A-,,+91 8951 041 203,,user219@gmail.com,,Chandigarh,,,,,Pancreas,,,12,3,2,7,,,,Aisha Patel,,,,Partner,,+91 9232 642 278,,,,,,,,,,,,,,,,,
547,44,F,A+,,+91 9664 878 257,,user157@gmail.com,,Meghalaya,,,,,Pancreas,,,13,2,1,14,,,,Aarush Reddy,,,,Niece/Nephew,,+91 8393 946 909,,,,,,,,,,,,,,,,,
548,75,F,A+,,+91 7821 841 461,,user562@gmail.com,,Chandigarh,,,,,Pancreas,,,14,2,1,14,,,,Kavya Mehra,,,,Niece/Nephew,,+91 9887 001 845,,,,,,,,,,,,,,,,,
549,68,F,AB+,,+91 7640 654 220,,user194@gmail.com,,Ladakh,,,,,Pancreas,,,14,3,2,10,,,,Vivaan Mehta,,,,Spouse,,+91 8495 159 041,,,,,,,,,,,,,,,,,
550,31,F,AB+,,+91 9513 425 550,,user459@gmail.com,,Himachal Pradesh,,,,,Pancreas,,,13,2,2,7,,,,Anvi Agrawal,,,,Friend,,+91 9829 131 205,,,,,,,,,,,,,,,,,
551,28,M,B+,,+91 7884 134 416,,user359@gmail.com,,Haryana,,,,,Pancreas,,,13,3,3,7,,,,Myra Kapoor,,,,Co-worker,,+91 9604 994 303,,,,,,,,,,,,,,,,,
552,64,M,B-,,+91 8784 371 111,,user950@gmail.com,,Chhattisgarh,,,,,Pancreas,,,12,3,2,12,,,,Reyansh Kapoor,,,,Neighbor,,+91 7511 040 116,,,,,,,,,,,,,,,,,
553,39,M,AB-,,+91 7204 956 962,,user847@gmail.com,,Dadra and Nagar Haveli and Daman and Diu,,,,,Pancreas,,,14,3,3,7,,,,Aditi Desai,,,,Sibling,,+91 9581 407 332,,,,,,,,,,,,,,,,,
554,75,F,O-,,+91 9216 012 174,,user951@gmail.com,,Andaman and Nicobar Islands,,,,,Pancreas,,,14,2,1,8,,,,Aarav Verma,,,,Sibling,,+91 8909 359 902,,,,,,,,,,,,,,,,,
555,35,F,A-,,+91 8779 288 604,,user950@gmail.com,,Maharashtra,,,,,Pancreas,,,14,2,2,7,,,,Advik Sharma,,,,Niece/Nephew,,+91 9410 207 066,,,,,,,,,,,,,,,,,
556,26,M,AB-,,+91 9569 038 193,,user900@gmail.com,,Dadra and Nagar Haveli and Daman and Diu,,,,,Pancreas,,,15,2,1,7,,,,Kiaan Malhotra,,,,Employer/Employee,,+91 7893 911 702,,,,,,,,,,,,,,,,,
557,54,F,B-,,+91 7320 945 382,,user679@gmail.com,,Haryana,,,,,Pancreas,,,12,3,1,9,,,,Aarav Das,,,,Friend,,+91 8032 871 430,,,,,,,,,,,,,,,,,
558,60,M,B+,,+91 9924 311 394,,user906@gmail.com,,Karnataka,,,,,Pancreas,,,12,2,3,8,,,,Devansh Joshi,,,,Legal Guardian,,+91 9863 000 396,,,,,,,,,,,,,,,,,
559,50,F,O-,,+91 7661 021 819,,user413@gmail.com,,Gujarat,,,,,Pancreas,,,14,2,2,9,,,,Devika Kapoor,,,,Caregiver,,+91 7729 099 744,,,,,,,,,,,,,,,,,
560,57,F,O+,,+91 9640 754 013,,user831@gmail.com,,Assam,,,,,Pancreas,,,13,2,1,7,,,,Arhaan Shah,,,,Partner,,+91 8813 737 917,,,,,,,,,,,,,,,,,
561,48,F,B-,,+91 9739 264 981,,user731@gmail.com,,Madhya Pradesh,,,,,Pancreas,,,14,3,1,10,,,,Aarav Choudhury,,,,Niece/Nephew,,+91 7420 305 565,,,,,,,,,,,,,,,,,
562,64,F,O-,,+91 8464 010 978,,user779@gmail.com,,Manipur,,,,,Pancreas,,,14,2,3,9,,,,Saanvi Kapoor,,,,Roommate,,+91 9527 558 279,,,,,,,,,,,,,,,,,
563,37,F,B+,,+91 9712 266 350,,user633@gmail.com,,Ladakh,,,,,Pancreas,,,13,4,1,14,,,,Kavya Mehra,,,,Friend,,+91 7652 536 290,,,,,,,,,,,,,,,,,
564,34,M,AB+,,+91 9875 773 497,,user341@gmail.com,,Himachal Pradesh,,,,,Pancreas,,,15,3,2,5,,,,Anaya Mehra,,,,Cousin,,+91 7280 855 008,,,,,,,,,,,,,,,,,
565,34,F,O-,,+91 7961 233 701,,user434@gmail.com,,Delhi ,,,,,Pancreas,,,14,3,2,7,,,,Arya Agarwal,,,,Partner,,+91 8856 731 281,,,,,,,,,,,,,,,,,
566,76,M,B-,,+91 7644 729 193,,user909@gmail.com,,Andaman and Nicobar Islands,,,,,Pancreas,,,15,4,3,5,,,,Aditi Desai,,,,Employer/Employee,,+91 8079 304 744,,,,,,,,,,,,,,,,,
567,75,M,O+,,+91 7734 147 741,,user330@gmail.com,,Goa,,,,,Pancreas,,,14,3,1,9,,,,Arjun Iyer,,,,Grandparent,,+91 7631 055 683,,,,,,,,,,,,,,,,,
568,43,F,B+,,+91 7561 004 829,,user727@gmail.com,,Karnataka,,,,,Pancreas,,,13,3,3,8,,,,Anaya Mehra,,,,Spouse,,+91 9956 320 939,,,,,,,,,,,,,,,,,
569,61,F,AB+,,+91 7850 880 619,,user476@gmail.com,,Mizoram,,,,,Pancreas,,,13,3,1,7,,,,Aarush Malhotra,,,,Parent,,+91 9452 262 666,,,,,,,,,,,,,,,,,
570,51,F,AB+,,+91 8269 976 505,,user493@gmail.com,,Haryana,,,,,Pancreas,,,12,3,2,13,,,,Aanya Jain,,,,Friend,,+91 7987 284 056,,,,,,,,,,,,,,,,,
571,58,F,B-,,+91 7950 071 122,,user129@gmail.com,,Kerala,,,,,Pancreas,,,15,2,3,14,,,,Aarav Das,,,,Neighbor,,+91 8596 329 119,,,,,,,,,,,,,,,,,
572,21,F,AB+,,+91 7354 954 456,,user972@gmail.com,,Chhattisgarh,,,,,Pancreas,,,12,4,1,14,,,,Aaradhya Singh,,,,Parent,,+91 8169 233 858,,,,,,,,,,,,,,,,,
573,63,M,O-,,+91 7543 107 607,,user122@gmail.com,,West Bengal,,,,,Pancreas,,,13,3,1,5,,,,Ishan Gupta,,,,Roommate,,+91 8949 048 587,,,,,,,,,,,,,,,,,
574,24,F,O-,,+91 7365 184 608,,user942@gmail.com,,Telangana,,,,,Pancreas,,,14,3,2,15,,,,Vivaan Mehta,,,,Legal Guardian,,+91 7664 080 499,,,,,,,,,,,,,,,,,
575,42,F,O-,,+91 7492 045 140,,user936@gmail.com,,Karnataka,,,,,Pancreas,,,14,3,2,6,,,,Ananya Das,,,,Friend,,+91 8695 691 029,,,,,,,,,,,,,,,,,
576,18,M,AB-,,+91 7478 376 467,,user591@gmail.com,,Bihar,,,,,Pancreas,,,13,2,1,5,,,,Anvi Agrawal,,,,Niece/Nephew,,+91 9605 940 873,,,,,,,,,,,,,,,,,
577,73,M,A+,,+91 8997 242 676,,user462@gmail.com,,Himachal Pradesh,,,,,Pancreas,,,13,2,2,7,,,,Aarav Shah,,,,Spouse,,+91 9316 659 253,,,,,,,,,,,,,,,,,
578,46,M,O-,,+91 9041 069 572,,user294@gmail.com,,Haryana,,,,,Pancreas,,,15,2,2,11,,,,Ananya Das,,,,Parent,,+91 9803 394 786,,,,,,,,,,,,,,,,,
579,40,F,A+,,+91 8387 190 996,,user576@gmail.com,,Sikkim,,,,,Pancreas,,,14,2,3,6,,,,Myra Kapoor,,,,Domestic Partner,,+91 9454 638 966,,,,,,,,,,,,,,,,,
580,42,F,AB+,,+91 8653 592 030,,user639@gmail.com,,Puducherry,,,,,Pancreas,,,14,3,3,13,,,,Advait Khanna,,,,Sibling,,+91 9230 936 338,,,,,,,,,,,,,,,,,
581,22,M,A+,,+91 7265 340 873,,user871@gmail.com,,Chhattisgarh,,,,,Pancreas,,,15,2,1,13,,,,Advaita Chatterjee,,,,Grandchild,,+91 8690 559 837,,,,,,,,,,,,,,,,,
582,53,F,B-,,+91 8437 778 344,,user269@gmail.com,,Punjab,,,,,Pancreas,,,14,3,1,15,,,,Arya Bansal,,,,Neighbor,,+91 7792 785 072,,,,,,,,,,,,,,,,,
583,68,F,AB-,,+91 8501 024 098,,user115@gmail.com,,Goa,,,,,Pancreas,,,14,4,2,9,,,,Kiara Khanna,,,,Sibling,,+91 7796 159 013,,,,,,,,,,,,,,,,,
584,57,F,B+,,+91 8632 501 350,,user853@gmail.com,,Chhattisgarh,,,,,Pancreas,,,13,4,2,5,,,,Aditi Desai,,,,Co-worker,,+91 8527 309 690,,,,,,,,,,,,,,,,,
585,44,M,A+,,+91 7237 084 611,,user305@gmail.com,,Arunachal Pradesh,,,,,Pancreas,,,15,3,3,14,,,,Aarav Agrawal,,,,Niece/Nephew,,+91 9134 252 010,,,,,,,,,,,,,,,,,
586,60,M,B-,,+91 7557 274 583,,user892@gmail.com,,Assam,,,,,Pancreas,,,13,3,3,7,,,,Arya Verma,,,,Co-worker,,+91 7713 773 958,,,,,,,,,,,,,,,,,
587,31,F,B-,,+91 8387 146 075,,user465@gmail.com,,Karnataka,,,,,Pancreas,,,13,4,3,9,,,,Advik Sharma,,,,Partner,,+91 9378 765 776,,,,,,,,,,,,,,,,,
588,68,F,A-,,+91 8369 128 586,,user375@gmail.com,,Goa,,,,,Pancreas,,,15,3,3,8,,,,Rehan Singh,,,,Domestic Partner,,+91 9182 685 451,,,,,,,,,,,,,,,,,
589,21,F,O-,,+91 7334 114 571,,user488@gmail.com,,Kerala,,,,,Pancreas,,,14,4,1,12,,,,Reyansh Kapoor,,,,Sibling,,+91 9319 641 590,,,,,,,,,,,,,,,,,
590,27,F,AB-,,+91 7929 572 767,,user484@gmail.com,,Arunachal Pradesh,,,,,Pancreas,,,14,2,1,8,,,,Kiara Patel,,,,Parent,,+91 7207 660 312,,,,,,,,,,,,,,,,,
591,32,F,A+,,+91 9821 407 227,,user112@gmail.com,,Sikkim,,,,,Pancreas,,,13,4,2,13,,,,Ananya Malhotra,,,,Co-worker,,+91 8126 929 672,,,,,,,,,,,,,,,,,
592,20,M,B+,,+91 8828 673 514,,user246@gmail.com,,Lakshadweep,,,,,Pancreas,,,13,2,3,12,,,,Anvi Agrawal,,,,Cousin,,+91 7258 113 929,,,,,,,,,,,,,,,,,
593,31,M,A-,,+91 8146 906 906,,user553@gmail.com,,Himachal Pradesh,,,,,Pancreas,,,12,2,2,11,,,,Aarav Das,,,,Legal Guardian,,+91 9615 878 252,,,,,,,,,,,,,,,,,
594,58,F,O+,,+91 7674 549 140,,user439@gmail.com,,Tripura,,,,,Pancreas,,,15,3,2,10,,,,Aanya Jain,,,,Child,,+91 7464 113 330,,,,,,,,,,,,,,,,,
595,48,F,B-,,+91 9228 367 376,,user741@gmail.com,,Assam,,,,,Pancreas,,,13,2,3,13,,,,Arya Verma,,,,Caregiver,,+91 7569 528 509,,,,,,,,,,,,,,,,,
596,31,F,O+,,+91 7865 390 826,,user872@gmail.com,,Kerala,,,,,Pancreas,,,13,3,2,13,,,,Krish Mehra,,,,Neighbor,,+91 7129 251 381,,,,,,,,,,,,,,,,,
597,66,F,O+,,+91 7752 251 600,,user389@gmail.com,,Uttar Pradesh,,,,,Pancreas,,,15,2,3,12,,,,Aisha Patel,,,,Cousin,,+91 8740 134 132,,,,,,,,,,,,,,,,,
598,77,M,AB+,,+91 9147 269 539,,user109@gmail.com,,Madhya Pradesh,,,,,Pancreas,,,14,3,2,5,,,,Kiaan Malhotra,,,,Neighbor,,+91 7642 302 384,,,,,,,,,,,,,,,,,
599,28,F,B-,,+91 7442 917 601,,user319@gmail.com,,Uttarakhand,,,,,Pancreas,,,13,3,2,7,,,,Aisha Kapoor,,,,Cousin,,+91 9238 175 305,,,,,,,,,,,,,,,,,
600,34,F,A+,,+91 7082 009 881,,user294@gmail.com,,Andaman and Nicobar Islands,,,,,Pancreas,,,14,4,3,8,,,,Kiara Khanna,,,,Sibling,,+91 8510 620 990,,,,,,,,,,,,,,,,,
601,37,F,O-,,+91 7707 681 652,,user263@gmail.com,,Goa,,,,,Pancreas,,,12,3,2,5,,,,Aisha Patel,,,,Cousin,,+91 7979 188 035,,,,,,,,,,,,,,,,,
602,18,F,A+,,+91 7330 341 027,,user257@gmail.com,,Rajasthan,,,,,Pancreas,,,13,4,3,14,,,,Navya Malhotra,,,,Healthcare Proxy,,+91 7399 398 020,,,,,,,,,,,,,,,,,
603,72,M,B+,,+91 9716 239 945,,user719@gmail.com,,Mizoram,,,,,Pancreas,,,15,4,2,9,,,,Devika Kapoor,,,,Co-worker,,+91 7064 822 493,,,,,,,,,,,,,,,,,
604,55,M,AB-,,+91 8431 578 994,,user387@gmail.com,,Madhya Pradesh,,,,,Pancreas,,,14,3,3,9,,,,Kiara Patel,,,,Employer/Employee,,+91 7265 232 857,,,,,,,,,,,,,,,,,
605,30,M,O-,,+91 9938 087 628,,user190@gmail.com,,Uttar Pradesh,,,,,Pancreas,,,15,2,3,7,,,,Arnav Bansal,,,,Aunt/Uncle,,+91 7934 455 768,,,,,,,,,,,,,,,,,
606,75,F,B+,,+91 8639 509 620,,user695@gmail.com,,Maharashtra,,,,,Pancreas,,,15,3,2,14,,,,Advaita Chatterjee,,,,Employer/Employee,,+91 7277 717 850,,,,,,,,,,,,,,,,,
607,57,F,A-,,+91 8611 181 990,,user388@gmail.com,,Chandigarh,,,,,Pancreas,,,15,3,2,14,,,,Vivaan Mehta,,,,Parent,,+91 7253 066 403,,,,,,,,,,,,,,,,,
